plant_name,month,mu,source_file,state,source_url
TSGENCO-THERMAL 2246.82 TSSPDCL,2023-04,4671.06,Tr_losses_Apr-2023.pdf,Telangana,https://www.tgtransco.com/user_uploads/trans_losses/Tr_losses_Apr-2023.pdf
TSGENCO-HYDEL 50.68 TSNPDCL,2023-04,1975.74,Tr_losses_Apr-2023.pdf,Telangana,https://www.tgtransco.com/user_uploads/trans_losses/Tr_losses_Apr-2023.pdf
132kv Laxmi Tulasi,2023-04,0.0,Tr_losses_Apr-2023.pdf,Telangana,https://www.tgtransco.com/user_uploads/trans_losses/Tr_losses_Apr-2023.pdf
132 kV Orient Cement,2023-04,0.66,Tr_losses_Apr-2023.pdf,Telangana,https://www.tgtransco.com/user_uploads/trans_losses/Tr_losses_Apr-2023.pdf
220KV Navabharat Energy India Ltd (NBEIL)-I,2023-04,29.85,Tr_losses_Apr-2023.pdf,Telangana,https://www.tgtransco.com/user_uploads/trans_losses/Tr_losses_Apr-2023.pdf
220KV Navabharat Energy India Ltd (NBEIL)-II,2023-04,30.51,Tr_losses_Apr-2023.pdf,Telangana,https://www.tgtransco.com/user_uploads/trans_losses/Tr_losses_Apr-2023.pdf
132KV Penna Power-I,2023-04,0.0,Tr_losses_Apr-2023.pdf,Telangana,https://www.tgtransco.com/user_uploads/trans_losses/Tr_losses_Apr-2023.pdf
132KV Penna Power-II,2023-04,0.0,Tr_losses_Apr-2023.pdf,Telangana,https://www.tgtransco.com/user_uploads/trans_losses/Tr_losses_Apr-2023.pdf
132KV Deccan Cements,2023-04,0.01,Tr_losses_Apr-2023.pdf,Telangana,https://www.tgtransco.com/user_uploads/trans_losses/Tr_losses_Apr-2023.pdf
132 kV Madhucon,2023-04,4.43,Tr_losses_Apr-2023.pdf,Telangana,https://www.tgtransco.com/user_uploads/trans_losses/Tr_losses_Apr-2023.pdf
132kv SCCL 30MW Solar Plant (Manuguru),2023-04,4.1,Tr_losses_Apr-2023.pdf,Telangana,https://www.tgtransco.com/user_uploads/trans_losses/Tr_losses_Apr-2023.pdf
132kV PSR Green Power Proj. pvt. Ltd.,2023-04,0.0,Tr_losses_Apr-2023.pdf,Telangana,https://www.tgtransco.com/user_uploads/trans_losses/Tr_losses_Apr-2023.pdf
220KV RFCL,2023-04,0.01,Tr_losses_Apr-2023.pdf,Telangana,https://www.tgtransco.com/user_uploads/trans_losses/Tr_losses_Apr-2023.pdf
132 kV Kesoram,2023-04,0.0,Tr_losses_Apr-2023.pdf,Telangana,https://www.tgtransco.com/user_uploads/trans_losses/Tr_losses_Apr-2023.pdf
132 kV Sitapuram Power Limited,2023-04,0.0,Tr_losses_Apr-2023.pdf,Telangana,https://www.tgtransco.com/user_uploads/trans_losses/Tr_losses_Apr-2023.pdf
132 kV Anjaini Port Land Cement,2023-04,0.0,Tr_losses_Apr-2023.pdf,Telangana,https://www.tgtransco.com/user_uploads/trans_losses/Tr_losses_Apr-2023.pdf
132kv SCCL 37 MW Solar Plant (Sitharampatnam),2023-04,5.88,Tr_losses_Apr-2023.pdf,Telangana,https://www.tgtransco.com/user_uploads/trans_losses/Tr_losses_Apr-2023.pdf
132 kV Sitaramapatnam - BPBL,2023-04,0.04,Tr_losses_Apr-2023.pdf,Telangana,https://www.tgtransco.com/user_uploads/trans_losses/Tr_losses_Apr-2023.pdf
132kV Krishnaveni Sugars Ltd,2023-04,7.0,Tr_losses_Apr-2023.pdf,Telangana,https://www.tgtransco.com/user_uploads/trans_losses/Tr_losses_Apr-2023.pdf
132 kV My Home Industries Limited,2023-04,3.55,Tr_losses_Apr-2023.pdf,Telangana,https://www.tgtransco.com/user_uploads/trans_losses/Tr_losses_Apr-2023.pdf
132 kV ICL (Rassi Cements),2023-04,0.0,Tr_losses_Apr-2023.pdf,Telangana,https://www.tgtransco.com/user_uploads/trans_losses/Tr_losses_Apr-2023.pdf
132 kV Bharat Electronics Ltd. (solar),2023-04,1.28,Tr_losses_Apr-2023.pdf,Telangana,https://www.tgtransco.com/user_uploads/trans_losses/Tr_losses_Apr-2023.pdf
132kv SCCL Solar Power Plant (Yellandu),2023-04,5.58,Tr_losses_Apr-2023.pdf,Telangana,https://www.tgtransco.com/user_uploads/trans_losses/Tr_losses_Apr-2023.pdf
ACME Medak Solar energy Pvt. Ltd.,2023-04,8.04,Tr_losses_Apr-2023.pdf,Telangana,https://www.tgtransco.com/user_uploads/trans_losses/Tr_losses_Apr-2023.pdf
ACME Nizamabad Solar Energy Pvt. Ltd,2023-04,8.59,Tr_losses_Apr-2023.pdf,Telangana,https://www.tgtransco.com/user_uploads/trans_losses/Tr_losses_Apr-2023.pdf
ACME PV Powertech Pvt. Ltd. (Sadasivpet),2023-04,8.85,Tr_losses_Apr-2023.pdf,Telangana,https://www.tgtransco.com/user_uploads/trans_losses/Tr_losses_Apr-2023.pdf
ACME Rangareddy Solar Power,2023-04,4.93,Tr_losses_Apr-2023.pdf,Telangana,https://www.tgtransco.com/user_uploads/trans_losses/Tr_losses_Apr-2023.pdf
ACME Solar Power Tech. Pvt. Ltd. (Bhongir),2023-04,8.8,Tr_losses_Apr-2023.pdf,Telangana,https://www.tgtransco.com/user_uploads/trans_losses/Tr_losses_Apr-2023.pdf
Azure Power India Pvt. Ltd. (solar),2023-04,17.47,Tr_losses_Apr-2023.pdf,Telangana,https://www.tgtransco.com/user_uploads/trans_losses/Tr_losses_Apr-2023.pdf
Clean Hero Wind Power,2023-04,4.16,Tr_losses_Apr-2023.pdf,Telangana,https://www.tgtransco.com/user_uploads/trans_losses/Tr_losses_Apr-2023.pdf
Clean Solar Power (Chittradurga) Pvt. Ltd,2023-04,6.19,Tr_losses_Apr-2023.pdf,Telangana,https://www.tgtransco.com/user_uploads/trans_losses/Tr_losses_Apr-2023.pdf
Clean solar,2023-04,4.99,Tr_losses_Apr-2023.pdf,Telangana,https://www.tgtransco.com/user_uploads/trans_losses/Tr_losses_Apr-2023.pdf
Dayakara Solar (P) Ltd.,2023-04,5.63,Tr_losses_Apr-2023.pdf,Telangana,https://www.tgtransco.com/user_uploads/trans_losses/Tr_losses_Apr-2023.pdf
Dinakar Solar,2023-04,4.54,Tr_losses_Apr-2023.pdf,Telangana,https://www.tgtransco.com/user_uploads/trans_losses/Tr_losses_Apr-2023.pdf
Divine Solren Pvt. ltd.,2023-04,8.37,Tr_losses_Apr-2023.pdf,Telangana,https://www.tgtransco.com/user_uploads/trans_losses/Tr_losses_Apr-2023.pdf
Vena Energy Solar Pvt Ltd (Previously Energon Soleq Pvt Ltd ),2023-04,8.93,Tr_losses_Apr-2023.pdf,Telangana,https://www.tgtransco.com/user_uploads/trans_losses/Tr_losses_Apr-2023.pdf
Energon Soleq Solar (Sadasivapet),2023-04,9.09,Tr_losses_Apr-2023.pdf,Telangana,https://www.tgtransco.com/user_uploads/trans_losses/Tr_losses_Apr-2023.pdf
Enrich (Solar),2023-04,8.03,Tr_losses_Apr-2023.pdf,Telangana,https://www.tgtransco.com/user_uploads/trans_losses/Tr_losses_Apr-2023.pdf
G.S.R.Sugars Pvt Ltd,2023-04,-0.07,Tr_losses_Apr-2023.pdf,Telangana,https://www.tgtransco.com/user_uploads/trans_losses/Tr_losses_Apr-2023.pdf
Ganapathi Sugars Ltd.,2023-04,-0.05,Tr_losses_Apr-2023.pdf,Telangana,https://www.tgtransco.com/user_uploads/trans_losses/Tr_losses_Apr-2023.pdf
Grahati Solar,2023-04,9.45,Tr_losses_Apr-2023.pdf,Telangana,https://www.tgtransco.com/user_uploads/trans_losses/Tr_losses_Apr-2023.pdf
Hyderabad MSW Energy Solutions PVT LTD,2023-04,11.86,Tr_losses_Apr-2023.pdf,Telangana,https://www.tgtransco.com/user_uploads/trans_losses/Tr_losses_Apr-2023.pdf
Jilesh Power Pvt. Ltd (Solar),2023-04,9.1,Tr_losses_Apr-2023.pdf,Telangana,https://www.tgtransco.com/user_uploads/trans_losses/Tr_losses_Apr-2023.pdf
Kakatiya Cement & Sugar Industries Ltd.,2023-04,-0.12,Tr_losses_Apr-2023.pdf,Telangana,https://www.tgtransco.com/user_uploads/trans_losses/Tr_losses_Apr-2023.pdf
Karvy Solar Pvt. Ltd. (Sadasivapet),2023-04,3.22,Tr_losses_Apr-2023.pdf,Telangana,https://www.tgtransco.com/user_uploads/trans_losses/Tr_losses_Apr-2023.pdf
Karvy solar (Mandamarry),2023-04,7.63,Tr_losses_Apr-2023.pdf,Telangana,https://www.tgtransco.com/user_uploads/trans_losses/Tr_losses_Apr-2023.pdf
My Home Power Ltd. (NGPL),2023-04,0.0,Tr_losses_Apr-2023.pdf,Telangana,https://www.tgtransco.com/user_uploads/trans_losses/Tr_losses_Apr-2023.pdf
Mytrah Agriya Power Pvt. Ltd. (Solar),2023-04,9.66,Tr_losses_Apr-2023.pdf,Telangana,https://www.tgtransco.com/user_uploads/trans_losses/Tr_losses_Apr-2023.pdf
Mytrah Agriya Power Pvt. Ltd. (solar) (Kamareddy),2023-04,9.01,Tr_losses_Apr-2023.pdf,Telangana,https://www.tgtransco.com/user_uploads/trans_losses/Tr_losses_Apr-2023.pdf
Mytrah Vayu (Godavari) Pvt. Ltd. (Wind),2023-04,15.02,Tr_losses_Apr-2023.pdf,Telangana,https://www.tgtransco.com/user_uploads/trans_losses/Tr_losses_Apr-2023.pdf
NEO Solren Pvt. Ltd. (solar),2023-04,6.65,Tr_losses_Apr-2023.pdf,Telangana,https://www.tgtransco.com/user_uploads/trans_losses/Tr_losses_Apr-2023.pdf
NTPC Solar power plant (10MW),2023-04,1.03,Tr_losses_Apr-2023.pdf,Telangana,https://www.tgtransco.com/user_uploads/trans_losses/Tr_losses_Apr-2023.pdf
Nizam Deccan Sugars Ltd,2023-04,0.0,Tr_losses_Apr-2023.pdf,Telangana,https://www.tgtransco.com/user_uploads/trans_losses/Tr_losses_Apr-2023.pdf
Param Pujya Solar Farms Ltd. Plant-I,2023-04,9.38,Tr_losses_Apr-2023.pdf,Telangana,https://www.tgtransco.com/user_uploads/trans_losses/Tr_losses_Apr-2023.pdf
Param Pujya Solar Farms Ltd. Plant-II,2023-04,10.43,Tr_losses_Apr-2023.pdf,Telangana,https://www.tgtransco.com/user_uploads/trans_losses/Tr_losses_Apr-2023.pdf
Polepally Solar Park,2023-04,4.35,Tr_losses_Apr-2023.pdf,Telangana,https://www.tgtransco.com/user_uploads/trans_losses/Tr_losses_Apr-2023.pdf
Prathamesh solar farms Ltd.,2023-04,10.21,Tr_losses_Apr-2023.pdf,Telangana,https://www.tgtransco.com/user_uploads/trans_losses/Tr_losses_Apr-2023.pdf
RDF Power Projects Pvt. Ltd.,2023-04,0.0,Tr_losses_Apr-2023.pdf,Telangana,https://www.tgtransco.com/user_uploads/trans_losses/Tr_losses_Apr-2023.pdf
Renew Mega Solar Pvt.Ltd,2023-04,8.68,Tr_losses_Apr-2023.pdf,Telangana,https://www.tgtransco.com/user_uploads/trans_losses/Tr_losses_Apr-2023.pdf
Renew Saurshakthi Pvt. Ltd.,2023-04,5.27,Tr_losses_Apr-2023.pdf,Telangana,https://www.tgtransco.com/user_uploads/trans_losses/Tr_losses_Apr-2023.pdf
Renew Solar Energy Pvt. Ltd. 220kV,2023-04,24.84,Tr_losses_Apr-2023.pdf,Telangana,https://www.tgtransco.com/user_uploads/trans_losses/Tr_losses_Apr-2023.pdf
Renew Solar Plant (Mdk. Dist.),2023-04,3.95,Tr_losses_Apr-2023.pdf,Telangana,https://www.tgtransco.com/user_uploads/trans_losses/Tr_losses_Apr-2023.pdf
Renew Solar Pvt Ltd. (Minpur),2023-04,12.39,Tr_losses_Apr-2023.pdf,Telangana,https://www.tgtransco.com/user_uploads/trans_losses/Tr_losses_Apr-2023.pdf
Renew Wind TN2 Solar,2023-04,19.95,Tr_losses_Apr-2023.pdf,Telangana,https://www.tgtransco.com/user_uploads/trans_losses/Tr_losses_Apr-2023.pdf
Renue Akshay Solar Plant,2023-04,16.8,Tr_losses_Apr-2023.pdf,Telangana,https://www.tgtransco.com/user_uploads/trans_losses/Tr_losses_Apr-2023.pdf
SLS Power Corp. Ltd. (Minihydel) 132KV,2023-04,0.14,Tr_losses_Apr-2023.pdf,Telangana,https://www.tgtransco.com/user_uploads/trans_losses/Tr_losses_Apr-2023.pdf
SUZLON Energy Ltd.,2023-04,21.5,Tr_losses_Apr-2023.pdf,Telangana,https://www.tgtransco.com/user_uploads/trans_losses/Tr_losses_Apr-2023.pdf
Shravana Power Projects Pvt. Ltd.,2023-04,-0.02,Tr_losses_Apr-2023.pdf,Telangana,https://www.tgtransco.com/user_uploads/trans_losses/Tr_losses_Apr-2023.pdf
Sky Power Southeast Asia III Ltd (Previously Sunshakthi solar pvt. Ltd.),2023-04,9.0,Tr_losses_Apr-2023.pdf,Telangana,https://www.tgtransco.com/user_uploads/trans_losses/Tr_losses_Apr-2023.pdf
Sunborne Energy Tech. (P) Ltd. (Solar),2023-04,6.71,Tr_losses_Apr-2023.pdf,Telangana,https://www.tgtransco.com/user_uploads/trans_losses/Tr_losses_Apr-2023.pdf
Sunworld Solar Power Pvt. Ltd.,2023-04,4.98,Tr_losses_Apr-2023.pdf,Telangana,https://www.tgtransco.com/user_uploads/trans_losses/Tr_losses_Apr-2023.pdf
Suprasanna Solar,2023-04,3.35,Tr_losses_Apr-2023.pdf,Telangana,https://www.tgtransco.com/user_uploads/trans_losses/Tr_losses_Apr-2023.pdf
Suraj Kiran Solar Technologies (Mdk),2023-04,8.91,Tr_losses_Apr-2023.pdf,Telangana,https://www.tgtransco.com/user_uploads/trans_losses/Tr_losses_Apr-2023.pdf
Suraj Kiran solar (Nlg),2023-04,9.65,Tr_losses_Apr-2023.pdf,Telangana,https://www.tgtransco.com/user_uploads/trans_losses/Tr_losses_Apr-2023.pdf
Suryoday Energy Pvt. Ltd. (Shapoorji Pallonji)(Solar),2023-04,5.66,Tr_losses_Apr-2023.pdf,Telangana,https://www.tgtransco.com/user_uploads/trans_losses/Tr_losses_Apr-2023.pdf
Transform Sun Energy 220kV,2023-04,17.2,Tr_losses_Apr-2023.pdf,Telangana,https://www.tgtransco.com/user_uploads/trans_losses/Tr_losses_Apr-2023.pdf
Ujjvalatejas Solaire Urja Pvt. Ltd. (Solar),2023-04,3.26,Tr_losses_Apr-2023.pdf,Telangana,https://www.tgtransco.com/user_uploads/trans_losses/Tr_losses_Apr-2023.pdf
Winsol solar (Polepally),2023-04,2.7,Tr_losses_Apr-2023.pdf,Telangana,https://www.tgtransco.com/user_uploads/trans_losses/Tr_losses_Apr-2023.pdf
Winsol solar (Tandur),2023-04,9.17,Tr_losses_Apr-2023.pdf,Telangana,https://www.tgtransco.com/user_uploads/trans_losses/Tr_losses_Apr-2023.pdf
Zuka Solar,2023-04,10.24,Tr_losses_Apr-2023.pdf,Telangana,https://www.tgtransco.com/user_uploads/trans_losses/Tr_losses_Apr-2023.pdf
TSGENCO-THERMAL 2183.75 TSSPDCL,2022-04,4737.18,Tr_losses_April-2022.pdf,Telangana,https://www.tgtransco.com/user_uploads/trans_losses/Tr_losses_April-2022.pdf
TSGENCO-HYDEL 67.96 TSNPDCL,2022-04,2074.98,Tr_losses_April-2022.pdf,Telangana,https://www.tgtransco.com/user_uploads/trans_losses/Tr_losses_April-2022.pdf
132kv Laxmi Tulasi,2022-04,2.4,Tr_losses_April-2022.pdf,Telangana,https://www.tgtransco.com/user_uploads/trans_losses/Tr_losses_April-2022.pdf
132 kV Orient Cement,2022-04,0.31,Tr_losses_April-2022.pdf,Telangana,https://www.tgtransco.com/user_uploads/trans_losses/Tr_losses_April-2022.pdf
220KV Navabharat Energy India Ltd (NBEIL)-I,2022-04,36.54,Tr_losses_April-2022.pdf,Telangana,https://www.tgtransco.com/user_uploads/trans_losses/Tr_losses_April-2022.pdf
220KV Navabharat Energy India Ltd (NBEIL)-II,2022-04,36.44,Tr_losses_April-2022.pdf,Telangana,https://www.tgtransco.com/user_uploads/trans_losses/Tr_losses_April-2022.pdf
132KV Penna Power-I,2022-04,0.0,Tr_losses_April-2022.pdf,Telangana,https://www.tgtransco.com/user_uploads/trans_losses/Tr_losses_April-2022.pdf
132KV Penna Power-II,2022-04,1.25,Tr_losses_April-2022.pdf,Telangana,https://www.tgtransco.com/user_uploads/trans_losses/Tr_losses_April-2022.pdf
132KV Deccan Cements,2022-04,0.15,Tr_losses_April-2022.pdf,Telangana,https://www.tgtransco.com/user_uploads/trans_losses/Tr_losses_April-2022.pdf
132 kV Madhucon,2022-04,0.0,Tr_losses_April-2022.pdf,Telangana,https://www.tgtransco.com/user_uploads/trans_losses/Tr_losses_April-2022.pdf
132kv SCCL 30MW Solar Plant (Manuguru),2022-04,4.13,Tr_losses_April-2022.pdf,Telangana,https://www.tgtransco.com/user_uploads/trans_losses/Tr_losses_April-2022.pdf
132kV PSR Green Power Proj. pvt. Ltd.,2022-04,0.0,Tr_losses_April-2022.pdf,Telangana,https://www.tgtransco.com/user_uploads/trans_losses/Tr_losses_April-2022.pdf
220KV RFCL,2022-04,0.01,Tr_losses_April-2022.pdf,Telangana,https://www.tgtransco.com/user_uploads/trans_losses/Tr_losses_April-2022.pdf
132 kV Kesoram,2022-04,0.0,Tr_losses_April-2022.pdf,Telangana,https://www.tgtransco.com/user_uploads/trans_losses/Tr_losses_April-2022.pdf
132 kV Sitapuram Power Limited,2022-04,1.63,Tr_losses_April-2022.pdf,Telangana,https://www.tgtransco.com/user_uploads/trans_losses/Tr_losses_April-2022.pdf
132 kV Anjaini Port Land Cement,2022-04,2.03,Tr_losses_April-2022.pdf,Telangana,https://www.tgtransco.com/user_uploads/trans_losses/Tr_losses_April-2022.pdf
132kv SCCL 37 MW Solar Plant (Sitharampatnam),2022-04,4.7,Tr_losses_April-2022.pdf,Telangana,https://www.tgtransco.com/user_uploads/trans_losses/Tr_losses_April-2022.pdf
132 kV Sitaramapatnam - BPBL,2022-04,0.02,Tr_losses_April-2022.pdf,Telangana,https://www.tgtransco.com/user_uploads/trans_losses/Tr_losses_April-2022.pdf
132kV Krishnaveni Sugars Ltd,2022-04,5.69,Tr_losses_April-2022.pdf,Telangana,https://www.tgtransco.com/user_uploads/trans_losses/Tr_losses_April-2022.pdf
132 kV My Home Industries Limited,2022-04,9.11,Tr_losses_April-2022.pdf,Telangana,https://www.tgtransco.com/user_uploads/trans_losses/Tr_losses_April-2022.pdf
132 kV ICL (Rassi Cements),2022-04,0.0,Tr_losses_April-2022.pdf,Telangana,https://www.tgtransco.com/user_uploads/trans_losses/Tr_losses_April-2022.pdf
132 kV Bharat Electronics Ltd. (solar),2022-04,1.87,Tr_losses_April-2022.pdf,Telangana,https://www.tgtransco.com/user_uploads/trans_losses/Tr_losses_April-2022.pdf
132kv SCCL Solar Power Plant (Yellandu),2022-04,5.21,Tr_losses_April-2022.pdf,Telangana,https://www.tgtransco.com/user_uploads/trans_losses/Tr_losses_April-2022.pdf
ACME Medak Solar energy Pvt. Ltd.,2022-04,7.6,Tr_losses_April-2022.pdf,Telangana,https://www.tgtransco.com/user_uploads/trans_losses/Tr_losses_April-2022.pdf
ACME Nizamabad Solar Energy Pvt. Ltd,2022-04,8.22,Tr_losses_April-2022.pdf,Telangana,https://www.tgtransco.com/user_uploads/trans_losses/Tr_losses_April-2022.pdf
ACME PV Powertech Pvt. Ltd. (Sadasivpet),2022-04,8.02,Tr_losses_April-2022.pdf,Telangana,https://www.tgtransco.com/user_uploads/trans_losses/Tr_losses_April-2022.pdf
ACME Rangareddy Solar Power,2022-04,4.75,Tr_losses_April-2022.pdf,Telangana,https://www.tgtransco.com/user_uploads/trans_losses/Tr_losses_April-2022.pdf
ACME Solar Power Tech. Pvt. Ltd. (Bhongir),2022-04,8.45,Tr_losses_April-2022.pdf,Telangana,https://www.tgtransco.com/user_uploads/trans_losses/Tr_losses_April-2022.pdf
Azure Power India Pvt. Ltd. (solar),2022-04,17.25,Tr_losses_April-2022.pdf,Telangana,https://www.tgtransco.com/user_uploads/trans_losses/Tr_losses_April-2022.pdf
Clean Hero Wind Power,2022-04,3.88,Tr_losses_April-2022.pdf,Telangana,https://www.tgtransco.com/user_uploads/trans_losses/Tr_losses_April-2022.pdf
Clean Solar Power (Chittradurga) Pvt. Ltd,2022-04,5.55,Tr_losses_April-2022.pdf,Telangana,https://www.tgtransco.com/user_uploads/trans_losses/Tr_losses_April-2022.pdf
Clean solar,2022-04,4.63,Tr_losses_April-2022.pdf,Telangana,https://www.tgtransco.com/user_uploads/trans_losses/Tr_losses_April-2022.pdf
Dayakara Solar (P) Ltd.,2022-04,5.07,Tr_losses_April-2022.pdf,Telangana,https://www.tgtransco.com/user_uploads/trans_losses/Tr_losses_April-2022.pdf
Dinakar Solar,2022-04,3.84,Tr_losses_April-2022.pdf,Telangana,https://www.tgtransco.com/user_uploads/trans_losses/Tr_losses_April-2022.pdf
Divine Solren Pvt. ltd.,2022-04,8.25,Tr_losses_April-2022.pdf,Telangana,https://www.tgtransco.com/user_uploads/trans_losses/Tr_losses_April-2022.pdf
Ltd ),2022-04,8.62,Tr_losses_April-2022.pdf,Telangana,https://www.tgtransco.com/user_uploads/trans_losses/Tr_losses_April-2022.pdf
Energon Soleq Solar (Sadasivapet),2022-04,8.44,Tr_losses_April-2022.pdf,Telangana,https://www.tgtransco.com/user_uploads/trans_losses/Tr_losses_April-2022.pdf
Enrich (Solar),2022-04,7.36,Tr_losses_April-2022.pdf,Telangana,https://www.tgtransco.com/user_uploads/trans_losses/Tr_losses_April-2022.pdf
G.S.R.Sugars Pvt Ltd,2022-04,0.87,Tr_losses_April-2022.pdf,Telangana,https://www.tgtransco.com/user_uploads/trans_losses/Tr_losses_April-2022.pdf
Ganapathi Sugars Ltd.,2022-04,-0.06,Tr_losses_April-2022.pdf,Telangana,https://www.tgtransco.com/user_uploads/trans_losses/Tr_losses_April-2022.pdf
Grahati Solar,2022-04,8.2,Tr_losses_April-2022.pdf,Telangana,https://www.tgtransco.com/user_uploads/trans_losses/Tr_losses_April-2022.pdf
Hyderabad MSW Energy Solutions PVT LTD,2022-04,15.0,Tr_losses_April-2022.pdf,Telangana,https://www.tgtransco.com/user_uploads/trans_losses/Tr_losses_April-2022.pdf
Jilesh Power Pvt. Ltd (Solar),2022-04,8.94,Tr_losses_April-2022.pdf,Telangana,https://www.tgtransco.com/user_uploads/trans_losses/Tr_losses_April-2022.pdf
Kakatiya Cement & Sugar Industries Ltd.,2022-04,-0.05,Tr_losses_April-2022.pdf,Telangana,https://www.tgtransco.com/user_uploads/trans_losses/Tr_losses_April-2022.pdf
Karvy Solar Pvt. Ltd. (Sadasivapet),2022-04,3.1,Tr_losses_April-2022.pdf,Telangana,https://www.tgtransco.com/user_uploads/trans_losses/Tr_losses_April-2022.pdf
Karvy solar (Mandamarry),2022-04,7.81,Tr_losses_April-2022.pdf,Telangana,https://www.tgtransco.com/user_uploads/trans_losses/Tr_losses_April-2022.pdf
My Home Power Ltd. (NGPL),2022-04,0.0,Tr_losses_April-2022.pdf,Telangana,https://www.tgtransco.com/user_uploads/trans_losses/Tr_losses_April-2022.pdf
Mytrah Agriya Power Pvt. Ltd. (Solar),2022-04,8.51,Tr_losses_April-2022.pdf,Telangana,https://www.tgtransco.com/user_uploads/trans_losses/Tr_losses_April-2022.pdf
Mytrah Agriya Power Pvt. Ltd. (solar) (Kamareddy),2022-04,8.96,Tr_losses_April-2022.pdf,Telangana,https://www.tgtransco.com/user_uploads/trans_losses/Tr_losses_April-2022.pdf
Mytrah Vayu (Godavari) Pvt. Ltd. (Wind),2022-04,12.11,Tr_losses_April-2022.pdf,Telangana,https://www.tgtransco.com/user_uploads/trans_losses/Tr_losses_April-2022.pdf
NEO Solren Pvt. Ltd. (solar),2022-04,6.56,Tr_losses_April-2022.pdf,Telangana,https://www.tgtransco.com/user_uploads/trans_losses/Tr_losses_April-2022.pdf
NTPC Solar power plant (10MW),2022-04,1.14,Tr_losses_April-2022.pdf,Telangana,https://www.tgtransco.com/user_uploads/trans_losses/Tr_losses_April-2022.pdf
Nizam Deccan Sugars Ltd,2022-04,0.0,Tr_losses_April-2022.pdf,Telangana,https://www.tgtransco.com/user_uploads/trans_losses/Tr_losses_April-2022.pdf
Param Pujya Solar Farms Ltd. Plant-I,2022-04,8.71,Tr_losses_April-2022.pdf,Telangana,https://www.tgtransco.com/user_uploads/trans_losses/Tr_losses_April-2022.pdf
Param Pujya Solar Farms Ltd. Plant-II,2022-04,10.41,Tr_losses_April-2022.pdf,Telangana,https://www.tgtransco.com/user_uploads/trans_losses/Tr_losses_April-2022.pdf
Polepally Solar Park,2022-04,3.98,Tr_losses_April-2022.pdf,Telangana,https://www.tgtransco.com/user_uploads/trans_losses/Tr_losses_April-2022.pdf
Prathamesh solar farms Ltd.,2022-04,9.6,Tr_losses_April-2022.pdf,Telangana,https://www.tgtransco.com/user_uploads/trans_losses/Tr_losses_April-2022.pdf
RDF Power Projects Pvt. Ltd.,2022-04,0.0,Tr_losses_April-2022.pdf,Telangana,https://www.tgtransco.com/user_uploads/trans_losses/Tr_losses_April-2022.pdf
Renew Mega Solar Pvt.Ltd,2022-04,8.72,Tr_losses_April-2022.pdf,Telangana,https://www.tgtransco.com/user_uploads/trans_losses/Tr_losses_April-2022.pdf
Renew Saurshakthi Pvt. Ltd.,2022-04,5.45,Tr_losses_April-2022.pdf,Telangana,https://www.tgtransco.com/user_uploads/trans_losses/Tr_losses_April-2022.pdf
Renew Solar Energy Pvt. Ltd. 220kV,2022-04,26.09,Tr_losses_April-2022.pdf,Telangana,https://www.tgtransco.com/user_uploads/trans_losses/Tr_losses_April-2022.pdf
Renew Solar Plant (Mdk. Dist.),2022-04,3.63,Tr_losses_April-2022.pdf,Telangana,https://www.tgtransco.com/user_uploads/trans_losses/Tr_losses_April-2022.pdf
Renew Solar Pvt Ltd. (Minpur),2022-04,11.56,Tr_losses_April-2022.pdf,Telangana,https://www.tgtransco.com/user_uploads/trans_losses/Tr_losses_April-2022.pdf
Renew Wind TN2 Solar,2022-04,18.28,Tr_losses_April-2022.pdf,Telangana,https://www.tgtransco.com/user_uploads/trans_losses/Tr_losses_April-2022.pdf
Renue Akshay Solar Plant,2022-04,16.34,Tr_losses_April-2022.pdf,Telangana,https://www.tgtransco.com/user_uploads/trans_losses/Tr_losses_April-2022.pdf
SLS Power Corp. Ltd. (Minihydel) 132KV,2022-04,1.68,Tr_losses_April-2022.pdf,Telangana,https://www.tgtransco.com/user_uploads/trans_losses/Tr_losses_April-2022.pdf
SUZLON Energy Ltd.,2022-04,19.67,Tr_losses_April-2022.pdf,Telangana,https://www.tgtransco.com/user_uploads/trans_losses/Tr_losses_April-2022.pdf
Shravana Power Projects Pvt. Ltd.,2022-04,-0.02,Tr_losses_April-2022.pdf,Telangana,https://www.tgtransco.com/user_uploads/trans_losses/Tr_losses_April-2022.pdf
solar pvt. Ltd.),2022-04,9.01,Tr_losses_April-2022.pdf,Telangana,https://www.tgtransco.com/user_uploads/trans_losses/Tr_losses_April-2022.pdf
Sunborne Energy Tech. (P) Ltd. (Solar),2022-04,5.97,Tr_losses_April-2022.pdf,Telangana,https://www.tgtransco.com/user_uploads/trans_losses/Tr_losses_April-2022.pdf
Sunworld Solar Power Pvt. Ltd.,2022-04,5.06,Tr_losses_April-2022.pdf,Telangana,https://www.tgtransco.com/user_uploads/trans_losses/Tr_losses_April-2022.pdf
Suprasanna Solar,2022-04,3.08,Tr_losses_April-2022.pdf,Telangana,https://www.tgtransco.com/user_uploads/trans_losses/Tr_losses_April-2022.pdf
Suraj Kiran Solar Technologies (Mdk),2022-04,8.86,Tr_losses_April-2022.pdf,Telangana,https://www.tgtransco.com/user_uploads/trans_losses/Tr_losses_April-2022.pdf
Suraj Kiran solar (Nlg),2022-04,8.9,Tr_losses_April-2022.pdf,Telangana,https://www.tgtransco.com/user_uploads/trans_losses/Tr_losses_April-2022.pdf
Suryoday Energy Pvt. Ltd. (Shapoorji Pallonji)(Solar),2022-04,5.65,Tr_losses_April-2022.pdf,Telangana,https://www.tgtransco.com/user_uploads/trans_losses/Tr_losses_April-2022.pdf
Transform Sun Energy 220kV,2022-04,16.09,Tr_losses_April-2022.pdf,Telangana,https://www.tgtransco.com/user_uploads/trans_losses/Tr_losses_April-2022.pdf
Ujjvalatejas Solaire Urja Pvt. Ltd. (Solar),2022-04,3.12,Tr_losses_April-2022.pdf,Telangana,https://www.tgtransco.com/user_uploads/trans_losses/Tr_losses_April-2022.pdf
Winsol solar (Polepally),2022-04,2.64,Tr_losses_April-2022.pdf,Telangana,https://www.tgtransco.com/user_uploads/trans_losses/Tr_losses_April-2022.pdf
Winsol solar (Tandur),2022-04,8.55,Tr_losses_April-2022.pdf,Telangana,https://www.tgtransco.com/user_uploads/trans_losses/Tr_losses_April-2022.pdf
Zuka Solar,2022-04,9.74,Tr_losses_April-2022.pdf,Telangana,https://www.tgtransco.com/user_uploads/trans_losses/Tr_losses_April-2022.pdf
TGGENCO-THERMAL 2160.81 TGSPDCL,2024-04,5127.54,Tr_losses_April-2024.pdf,Telangana,https://www.tgtransco.com/user_uploads/trans_losses/Tr_losses_April-2024.pdf
TGGENCO-HYDEL 7.57 TGNPDCL,2024-04,1781.4,Tr_losses_April-2024.pdf,Telangana,https://www.tgtransco.com/user_uploads/trans_losses/Tr_losses_April-2024.pdf
132kv Laxmi Tulasi,2024-04,0.0,Tr_losses_April-2024.pdf,Telangana,https://www.tgtransco.com/user_uploads/trans_losses/Tr_losses_April-2024.pdf
132 kV Orient Cement,2024-04,0.36,Tr_losses_April-2024.pdf,Telangana,https://www.tgtransco.com/user_uploads/trans_losses/Tr_losses_April-2024.pdf
220KV Navabharat Energy India Ltd (NBEIL)-I,2024-04,43.6,Tr_losses_April-2024.pdf,Telangana,https://www.tgtransco.com/user_uploads/trans_losses/Tr_losses_April-2024.pdf
220KV Navabharat Energy India Ltd (NBEIL)-II,2024-04,43.48,Tr_losses_April-2024.pdf,Telangana,https://www.tgtransco.com/user_uploads/trans_losses/Tr_losses_April-2024.pdf
132KV Penna Power-I,2024-04,0.0,Tr_losses_April-2024.pdf,Telangana,https://www.tgtransco.com/user_uploads/trans_losses/Tr_losses_April-2024.pdf
132KV Penna Power-II,2024-04,0.0,Tr_losses_April-2024.pdf,Telangana,https://www.tgtransco.com/user_uploads/trans_losses/Tr_losses_April-2024.pdf
132KV Deccan Cements,2024-04,0.0,Tr_losses_April-2024.pdf,Telangana,https://www.tgtransco.com/user_uploads/trans_losses/Tr_losses_April-2024.pdf
132 kV Madhucon,2024-04,0.0,Tr_losses_April-2024.pdf,Telangana,https://www.tgtransco.com/user_uploads/trans_losses/Tr_losses_April-2024.pdf
132kv SCCL 30MW Solar Plant (Manuguru),2024-04,4.11,Tr_losses_April-2024.pdf,Telangana,https://www.tgtransco.com/user_uploads/trans_losses/Tr_losses_April-2024.pdf
132kV PSR Green Power Proj. pvt. Ltd.,2024-04,0.0,Tr_losses_April-2024.pdf,Telangana,https://www.tgtransco.com/user_uploads/trans_losses/Tr_losses_April-2024.pdf
220KV RFCL,2024-04,0.0,Tr_losses_April-2024.pdf,Telangana,https://www.tgtransco.com/user_uploads/trans_losses/Tr_losses_April-2024.pdf
132 kV Kesoram,2024-04,0.0,Tr_losses_April-2024.pdf,Telangana,https://www.tgtransco.com/user_uploads/trans_losses/Tr_losses_April-2024.pdf
132 kV Sitapuram Power Limited,2024-04,0.0,Tr_losses_April-2024.pdf,Telangana,https://www.tgtransco.com/user_uploads/trans_losses/Tr_losses_April-2024.pdf
132 kV Anjaini Port Land Cement,2024-04,0.0,Tr_losses_April-2024.pdf,Telangana,https://www.tgtransco.com/user_uploads/trans_losses/Tr_losses_April-2024.pdf
132kv SCCL 37 MW Solar Plant (Sitharampatnam),2024-04,6.14,Tr_losses_April-2024.pdf,Telangana,https://www.tgtransco.com/user_uploads/trans_losses/Tr_losses_April-2024.pdf
132 kV Sitaramapatnam - BPBL,2024-04,0.16,Tr_losses_April-2024.pdf,Telangana,https://www.tgtransco.com/user_uploads/trans_losses/Tr_losses_April-2024.pdf
132kV Krishnaveni Sugars Ltd,2024-04,0.0,Tr_losses_April-2024.pdf,Telangana,https://www.tgtransco.com/user_uploads/trans_losses/Tr_losses_April-2024.pdf
132 kV My Home Industries Limited,2024-04,2.1,Tr_losses_April-2024.pdf,Telangana,https://www.tgtransco.com/user_uploads/trans_losses/Tr_losses_April-2024.pdf
132 kV ICL (Rassi Cements),2024-04,7.22,Tr_losses_April-2024.pdf,Telangana,https://www.tgtransco.com/user_uploads/trans_losses/Tr_losses_April-2024.pdf
132 kV Bharat Electronics Ltd. (solar),2024-04,1.84,Tr_losses_April-2024.pdf,Telangana,https://www.tgtransco.com/user_uploads/trans_losses/Tr_losses_April-2024.pdf
132kv SCCL Solar Power Plant (Yellandu),2024-04,5.41,Tr_losses_April-2024.pdf,Telangana,https://www.tgtransco.com/user_uploads/trans_losses/Tr_losses_April-2024.pdf
ACME Medak Solar energy Pvt. Ltd.,2024-04,7.57,Tr_losses_April-2024.pdf,Telangana,https://www.tgtransco.com/user_uploads/trans_losses/Tr_losses_April-2024.pdf
ACME Nizamabad Solar Energy Pvt. Ltd,2024-04,8.23,Tr_losses_April-2024.pdf,Telangana,https://www.tgtransco.com/user_uploads/trans_losses/Tr_losses_April-2024.pdf
ACME PV Powertech Pvt. Ltd. (Sadasivpet),2024-04,8.15,Tr_losses_April-2024.pdf,Telangana,https://www.tgtransco.com/user_uploads/trans_losses/Tr_losses_April-2024.pdf
ACME Rangareddy Solar Power,2024-04,4.63,Tr_losses_April-2024.pdf,Telangana,https://www.tgtransco.com/user_uploads/trans_losses/Tr_losses_April-2024.pdf
ACME Solar Power Tech. Pvt. Ltd. (Bhongir),2024-04,8.83,Tr_losses_April-2024.pdf,Telangana,https://www.tgtransco.com/user_uploads/trans_losses/Tr_losses_April-2024.pdf
Azure Power India Pvt. Ltd. (solar),2024-04,16.4,Tr_losses_April-2024.pdf,Telangana,https://www.tgtransco.com/user_uploads/trans_losses/Tr_losses_April-2024.pdf
Clean Hero Wind Power,2024-04,3.91,Tr_losses_April-2024.pdf,Telangana,https://www.tgtransco.com/user_uploads/trans_losses/Tr_losses_April-2024.pdf
Clean Solar Power (Chittradurga) Pvt. Ltd,2024-04,6.28,Tr_losses_April-2024.pdf,Telangana,https://www.tgtransco.com/user_uploads/trans_losses/Tr_losses_April-2024.pdf
Clean solar,2024-04,4.84,Tr_losses_April-2024.pdf,Telangana,https://www.tgtransco.com/user_uploads/trans_losses/Tr_losses_April-2024.pdf
Dayakara Solar (P) Ltd.,2024-04,5.14,Tr_losses_April-2024.pdf,Telangana,https://www.tgtransco.com/user_uploads/trans_losses/Tr_losses_April-2024.pdf
Dinakar Solar,2024-04,4.41,Tr_losses_April-2024.pdf,Telangana,https://www.tgtransco.com/user_uploads/trans_losses/Tr_losses_April-2024.pdf
Divine Solren Pvt. ltd.,2024-04,7.95,Tr_losses_April-2024.pdf,Telangana,https://www.tgtransco.com/user_uploads/trans_losses/Tr_losses_April-2024.pdf
Dundigal Waste 2 Energy Power Plant,2024-04,8.86,Tr_losses_April-2024.pdf,Telangana,https://www.tgtransco.com/user_uploads/trans_losses/Tr_losses_April-2024.pdf
Energon Soleq Solar (Sadasivapet),2024-04,8.62,Tr_losses_April-2024.pdf,Telangana,https://www.tgtransco.com/user_uploads/trans_losses/Tr_losses_April-2024.pdf
Enrich (Solar),2024-04,7.56,Tr_losses_April-2024.pdf,Telangana,https://www.tgtransco.com/user_uploads/trans_losses/Tr_losses_April-2024.pdf
G.S.R.Sugars Pvt Ltd,2024-04,-0.06,Tr_losses_April-2024.pdf,Telangana,https://www.tgtransco.com/user_uploads/trans_losses/Tr_losses_April-2024.pdf
Ganapathi Sugars Ltd.,2024-04,-0.06,Tr_losses_April-2024.pdf,Telangana,https://www.tgtransco.com/user_uploads/trans_losses/Tr_losses_April-2024.pdf
Grahati Solar,2024-04,9.23,Tr_losses_April-2024.pdf,Telangana,https://www.tgtransco.com/user_uploads/trans_losses/Tr_losses_April-2024.pdf
Hyderabad MSW Energy Solutions PVT LTD,2024-04,12.87,Tr_losses_April-2024.pdf,Telangana,https://www.tgtransco.com/user_uploads/trans_losses/Tr_losses_April-2024.pdf
Jilesh Power Pvt. Ltd (Solar),2024-04,9.32,Tr_losses_April-2024.pdf,Telangana,https://www.tgtransco.com/user_uploads/trans_losses/Tr_losses_April-2024.pdf
Kakatiya Cement & Sugar Industries Ltd.,2024-04,-0.11,Tr_losses_April-2024.pdf,Telangana,https://www.tgtransco.com/user_uploads/trans_losses/Tr_losses_April-2024.pdf
Karvy Solar Pvt. Ltd. (Sadasivapet),2024-04,3.21,Tr_losses_April-2024.pdf,Telangana,https://www.tgtransco.com/user_uploads/trans_losses/Tr_losses_April-2024.pdf
Karvy solar (Mandamarry),2024-04,7.29,Tr_losses_April-2024.pdf,Telangana,https://www.tgtransco.com/user_uploads/trans_losses/Tr_losses_April-2024.pdf
My Home Power Ltd. (NGPL),2024-04,0.0,Tr_losses_April-2024.pdf,Telangana,https://www.tgtransco.com/user_uploads/trans_losses/Tr_losses_April-2024.pdf
Mytrah Agriya Power Pvt. Ltd. (Solar),2024-04,9.61,Tr_losses_April-2024.pdf,Telangana,https://www.tgtransco.com/user_uploads/trans_losses/Tr_losses_April-2024.pdf
Mytrah Agriya Power Pvt. Ltd. (solar) (Kamareddy),2024-04,9.18,Tr_losses_April-2024.pdf,Telangana,https://www.tgtransco.com/user_uploads/trans_losses/Tr_losses_April-2024.pdf
Mytrah Vayu (Godavari) Pvt. Ltd. (Wind),2024-04,16.32,Tr_losses_April-2024.pdf,Telangana,https://www.tgtransco.com/user_uploads/trans_losses/Tr_losses_April-2024.pdf
NEO Solren Pvt. Ltd. (solar),2024-04,7.48,Tr_losses_April-2024.pdf,Telangana,https://www.tgtransco.com/user_uploads/trans_losses/Tr_losses_April-2024.pdf
NTPC Solar power plant (10MW),2024-04,0.88,Tr_losses_April-2024.pdf,Telangana,https://www.tgtransco.com/user_uploads/trans_losses/Tr_losses_April-2024.pdf
Nizam Deccan Sugars Ltd,2024-04,0.0,Tr_losses_April-2024.pdf,Telangana,https://www.tgtransco.com/user_uploads/trans_losses/Tr_losses_April-2024.pdf
Param Pujya Solar Farms Ltd. Plant-I,2024-04,8.96,Tr_losses_April-2024.pdf,Telangana,https://www.tgtransco.com/user_uploads/trans_losses/Tr_losses_April-2024.pdf
Param Pujya Solar Farms Ltd. Plant-II,2024-04,10.74,Tr_losses_April-2024.pdf,Telangana,https://www.tgtransco.com/user_uploads/trans_losses/Tr_losses_April-2024.pdf
Polepally Solar Park,2024-04,4.2,Tr_losses_April-2024.pdf,Telangana,https://www.tgtransco.com/user_uploads/trans_losses/Tr_losses_April-2024.pdf
Prathamesh solar farms Ltd.,2024-04,9.81,Tr_losses_April-2024.pdf,Telangana,https://www.tgtransco.com/user_uploads/trans_losses/Tr_losses_April-2024.pdf
RDF Power Projects Pvt. Ltd.,2024-04,0.0,Tr_losses_April-2024.pdf,Telangana,https://www.tgtransco.com/user_uploads/trans_losses/Tr_losses_April-2024.pdf
Renew Mega Solar Pvt.Ltd,2024-04,8.3,Tr_losses_April-2024.pdf,Telangana,https://www.tgtransco.com/user_uploads/trans_losses/Tr_losses_April-2024.pdf
Renew Saurshakthi Pvt. Ltd.,2024-04,5.12,Tr_losses_April-2024.pdf,Telangana,https://www.tgtransco.com/user_uploads/trans_losses/Tr_losses_April-2024.pdf
Renew Solar Energy Pvt. Ltd. 220kV,2024-04,25.41,Tr_losses_April-2024.pdf,Telangana,https://www.tgtransco.com/user_uploads/trans_losses/Tr_losses_April-2024.pdf
Renew Solar Plant (Mdk. Dist.),2024-04,3.77,Tr_losses_April-2024.pdf,Telangana,https://www.tgtransco.com/user_uploads/trans_losses/Tr_losses_April-2024.pdf
Renew Solar Pvt Ltd. (Minpur),2024-04,11.6,Tr_losses_April-2024.pdf,Telangana,https://www.tgtransco.com/user_uploads/trans_losses/Tr_losses_April-2024.pdf
Renew Wind TN2 Solar,2024-04,19.03,Tr_losses_April-2024.pdf,Telangana,https://www.tgtransco.com/user_uploads/trans_losses/Tr_losses_April-2024.pdf
Renue Akshay Solar Plant,2024-04,16.72,Tr_losses_April-2024.pdf,Telangana,https://www.tgtransco.com/user_uploads/trans_losses/Tr_losses_April-2024.pdf
SLS Power Corp. Ltd. (Minihydel) 132KV,2024-04,-0.03,Tr_losses_April-2024.pdf,Telangana,https://www.tgtransco.com/user_uploads/trans_losses/Tr_losses_April-2024.pdf
SUZLON Energy Ltd.,2024-04,21.0,Tr_losses_April-2024.pdf,Telangana,https://www.tgtransco.com/user_uploads/trans_losses/Tr_losses_April-2024.pdf
Shravana Power Projects Pvt. Ltd.,2024-04,-0.02,Tr_losses_April-2024.pdf,Telangana,https://www.tgtransco.com/user_uploads/trans_losses/Tr_losses_April-2024.pdf
Sky Power Southeast Asia III Ltd (Previously Sunshakthi solar,2024-04,8.94,Tr_losses_April-2024.pdf,Telangana,https://www.tgtransco.com/user_uploads/trans_losses/Tr_losses_April-2024.pdf
Sunborne,2024-04,6.29,Tr_losses_April-2024.pdf,Telangana,https://www.tgtransco.com/user_uploads/trans_losses/Tr_losses_April-2024.pdf
Sunworld Solar Power Pvt. Ltd.,2024-04,4.64,Tr_losses_April-2024.pdf,Telangana,https://www.tgtransco.com/user_uploads/trans_losses/Tr_losses_April-2024.pdf
Suprasanna Solar,2024-04,3.32,Tr_losses_April-2024.pdf,Telangana,https://www.tgtransco.com/user_uploads/trans_losses/Tr_losses_April-2024.pdf
Suraj Kiran Solar Technologies (Mdk),2024-04,8.72,Tr_losses_April-2024.pdf,Telangana,https://www.tgtransco.com/user_uploads/trans_losses/Tr_losses_April-2024.pdf
Suraj Kiran solar (Nlg),2024-04,9.88,Tr_losses_April-2024.pdf,Telangana,https://www.tgtransco.com/user_uploads/trans_losses/Tr_losses_April-2024.pdf
Suryoday Energy Pvt. Ltd. (Shapoorji Pallonji)(Solar),2024-04,5.66,Tr_losses_April-2024.pdf,Telangana,https://www.tgtransco.com/user_uploads/trans_losses/Tr_losses_April-2024.pdf
Transform Sun Energy 220kV,2024-04,16.48,Tr_losses_April-2024.pdf,Telangana,https://www.tgtransco.com/user_uploads/trans_losses/Tr_losses_April-2024.pdf
Ujjvalatejas Solaire Urja Pvt. Ltd. (Solar),2024-04,3.12,Tr_losses_April-2024.pdf,Telangana,https://www.tgtransco.com/user_uploads/trans_losses/Tr_losses_April-2024.pdf
Vena Energy Solar Pvt Ltd (Previously Energon Soleq Pvt Ltd ),2024-04,8.67,Tr_losses_April-2024.pdf,Telangana,https://www.tgtransco.com/user_uploads/trans_losses/Tr_losses_April-2024.pdf
Winsol solar (Polepally),2024-04,2.76,Tr_losses_April-2024.pdf,Telangana,https://www.tgtransco.com/user_uploads/trans_losses/Tr_losses_April-2024.pdf
Winsol solar (Tandur),2024-04,8.48,Tr_losses_April-2024.pdf,Telangana,https://www.tgtransco.com/user_uploads/trans_losses/Tr_losses_April-2024.pdf
Zuka Solar,2024-04,10.47,Tr_losses_April-2024.pdf,Telangana,https://www.tgtransco.com/user_uploads/trans_losses/Tr_losses_April-2024.pdf
TSGENCO-THERMAL 2128.05 TSSPDCL,2023-08,5414.37,Tr_losses_Aug-2023.pdf,Telangana,https://www.tgtransco.com/user_uploads/trans_losses/Tr_losses_Aug-2023.pdf
TSGENCO-HYDEL 282.86 TSNPDCL,2023-08,2080.16,Tr_losses_Aug-2023.pdf,Telangana,https://www.tgtransco.com/user_uploads/trans_losses/Tr_losses_Aug-2023.pdf
132kv Laxmi Tulasi,2023-08,0.01,Tr_losses_Aug-2023.pdf,Telangana,https://www.tgtransco.com/user_uploads/trans_losses/Tr_losses_Aug-2023.pdf
132 kV Orient Cement,2023-08,0.01,Tr_losses_Aug-2023.pdf,Telangana,https://www.tgtransco.com/user_uploads/trans_losses/Tr_losses_Aug-2023.pdf
220KV Navabharat Energy India Ltd (NBEIL)-I,2023-08,40.03,Tr_losses_Aug-2023.pdf,Telangana,https://www.tgtransco.com/user_uploads/trans_losses/Tr_losses_Aug-2023.pdf
220KV Navabharat Energy India Ltd (NBEIL)-II,2023-08,39.91,Tr_losses_Aug-2023.pdf,Telangana,https://www.tgtransco.com/user_uploads/trans_losses/Tr_losses_Aug-2023.pdf
132KV Penna Power-I,2023-08,0.0,Tr_losses_Aug-2023.pdf,Telangana,https://www.tgtransco.com/user_uploads/trans_losses/Tr_losses_Aug-2023.pdf
132KV Penna Power-II,2023-08,0.0,Tr_losses_Aug-2023.pdf,Telangana,https://www.tgtransco.com/user_uploads/trans_losses/Tr_losses_Aug-2023.pdf
132KV Deccan Cements,2023-08,0.0,Tr_losses_Aug-2023.pdf,Telangana,https://www.tgtransco.com/user_uploads/trans_losses/Tr_losses_Aug-2023.pdf
132 kV Madhucon,2023-08,0.0,Tr_losses_Aug-2023.pdf,Telangana,https://www.tgtransco.com/user_uploads/trans_losses/Tr_losses_Aug-2023.pdf
132kv SCCL 30MW Solar Plant (Manuguru),2023-08,3.2,Tr_losses_Aug-2023.pdf,Telangana,https://www.tgtransco.com/user_uploads/trans_losses/Tr_losses_Aug-2023.pdf
132kV PSR Green Power Proj. pvt. Ltd.,2023-08,0.0,Tr_losses_Aug-2023.pdf,Telangana,https://www.tgtransco.com/user_uploads/trans_losses/Tr_losses_Aug-2023.pdf
220KV RFCL,2023-08,0.0,Tr_losses_Aug-2023.pdf,Telangana,https://www.tgtransco.com/user_uploads/trans_losses/Tr_losses_Aug-2023.pdf
132 kV Kesoram,2023-08,0.0,Tr_losses_Aug-2023.pdf,Telangana,https://www.tgtransco.com/user_uploads/trans_losses/Tr_losses_Aug-2023.pdf
132 kV Sitapuram Power Limited,2023-08,0.02,Tr_losses_Aug-2023.pdf,Telangana,https://www.tgtransco.com/user_uploads/trans_losses/Tr_losses_Aug-2023.pdf
132 kV Anjaini Port Land Cement,2023-08,0.0,Tr_losses_Aug-2023.pdf,Telangana,https://www.tgtransco.com/user_uploads/trans_losses/Tr_losses_Aug-2023.pdf
132kv SCCL 37 MW Solar Plant (Sitharampatnam),2023-08,4.56,Tr_losses_Aug-2023.pdf,Telangana,https://www.tgtransco.com/user_uploads/trans_losses/Tr_losses_Aug-2023.pdf
132 kV Sitaramapatnam - BPBL,2023-08,0.0,Tr_losses_Aug-2023.pdf,Telangana,https://www.tgtransco.com/user_uploads/trans_losses/Tr_losses_Aug-2023.pdf
132kV Krishnaveni Sugars Ltd,2023-08,0.02,Tr_losses_Aug-2023.pdf,Telangana,https://www.tgtransco.com/user_uploads/trans_losses/Tr_losses_Aug-2023.pdf
132 kV My Home Industries Limited,2023-08,0.0,Tr_losses_Aug-2023.pdf,Telangana,https://www.tgtransco.com/user_uploads/trans_losses/Tr_losses_Aug-2023.pdf
132 kV ICL (Rassi Cements),2023-08,0.0,Tr_losses_Aug-2023.pdf,Telangana,https://www.tgtransco.com/user_uploads/trans_losses/Tr_losses_Aug-2023.pdf
132 kV Bharat Electronics Ltd. (solar),2023-08,1.33,Tr_losses_Aug-2023.pdf,Telangana,https://www.tgtransco.com/user_uploads/trans_losses/Tr_losses_Aug-2023.pdf
132kv SCCL Solar Power Plant (Yellandu),2023-08,4.24,Tr_losses_Aug-2023.pdf,Telangana,https://www.tgtransco.com/user_uploads/trans_losses/Tr_losses_Aug-2023.pdf
ACME Medak Solar energy Pvt. Ltd.,2023-08,7.26,Tr_losses_Aug-2023.pdf,Telangana,https://www.tgtransco.com/user_uploads/trans_losses/Tr_losses_Aug-2023.pdf
ACME Nizamabad Solar Energy Pvt. Ltd,2023-08,7.21,Tr_losses_Aug-2023.pdf,Telangana,https://www.tgtransco.com/user_uploads/trans_losses/Tr_losses_Aug-2023.pdf
ACME PV Powertech Pvt. Ltd. (Sadasivpet),2023-08,7.87,Tr_losses_Aug-2023.pdf,Telangana,https://www.tgtransco.com/user_uploads/trans_losses/Tr_losses_Aug-2023.pdf
ACME Rangareddy Solar Power,2023-08,4.43,Tr_losses_Aug-2023.pdf,Telangana,https://www.tgtransco.com/user_uploads/trans_losses/Tr_losses_Aug-2023.pdf
ACME Solar Power Tech. Pvt. Ltd. (Bhongir),2023-08,8.44,Tr_losses_Aug-2023.pdf,Telangana,https://www.tgtransco.com/user_uploads/trans_losses/Tr_losses_Aug-2023.pdf
Azure Power India Pvt. Ltd. (solar),2023-08,16.71,Tr_losses_Aug-2023.pdf,Telangana,https://www.tgtransco.com/user_uploads/trans_losses/Tr_losses_Aug-2023.pdf
Clean Hero Wind Power,2023-08,6.96,Tr_losses_Aug-2023.pdf,Telangana,https://www.tgtransco.com/user_uploads/trans_losses/Tr_losses_Aug-2023.pdf
Clean Solar Power (Chittradurga) Pvt. Ltd,2023-08,5.28,Tr_losses_Aug-2023.pdf,Telangana,https://www.tgtransco.com/user_uploads/trans_losses/Tr_losses_Aug-2023.pdf
Clean solar,2023-08,4.15,Tr_losses_Aug-2023.pdf,Telangana,https://www.tgtransco.com/user_uploads/trans_losses/Tr_losses_Aug-2023.pdf
Dayakara Solar (P) Ltd.,2023-08,4.86,Tr_losses_Aug-2023.pdf,Telangana,https://www.tgtransco.com/user_uploads/trans_losses/Tr_losses_Aug-2023.pdf
Dinakar Solar,2023-08,3.67,Tr_losses_Aug-2023.pdf,Telangana,https://www.tgtransco.com/user_uploads/trans_losses/Tr_losses_Aug-2023.pdf
Divine Solren Pvt. ltd.,2023-08,7.25,Tr_losses_Aug-2023.pdf,Telangana,https://www.tgtransco.com/user_uploads/trans_losses/Tr_losses_Aug-2023.pdf
Energon Soleq Solar (Sadasivapet),2023-08,7.85,Tr_losses_Aug-2023.pdf,Telangana,https://www.tgtransco.com/user_uploads/trans_losses/Tr_losses_Aug-2023.pdf
Enrich (Solar),2023-08,6.73,Tr_losses_Aug-2023.pdf,Telangana,https://www.tgtransco.com/user_uploads/trans_losses/Tr_losses_Aug-2023.pdf
G.S.R.Sugars Pvt Ltd,2023-08,-0.06,Tr_losses_Aug-2023.pdf,Telangana,https://www.tgtransco.com/user_uploads/trans_losses/Tr_losses_Aug-2023.pdf
Ganapathi Sugars Ltd.,2023-08,-0.06,Tr_losses_Aug-2023.pdf,Telangana,https://www.tgtransco.com/user_uploads/trans_losses/Tr_losses_Aug-2023.pdf
Grahati Solar,2023-08,8.13,Tr_losses_Aug-2023.pdf,Telangana,https://www.tgtransco.com/user_uploads/trans_losses/Tr_losses_Aug-2023.pdf
Hyderabad MSW Energy Solutions PVT LTD,2023-08,13.67,Tr_losses_Aug-2023.pdf,Telangana,https://www.tgtransco.com/user_uploads/trans_losses/Tr_losses_Aug-2023.pdf
Jilesh Power Pvt. Ltd (Solar),2023-08,7.88,Tr_losses_Aug-2023.pdf,Telangana,https://www.tgtransco.com/user_uploads/trans_losses/Tr_losses_Aug-2023.pdf
Kakatiya Cement & Sugar Industries Ltd.,2023-08,-0.11,Tr_losses_Aug-2023.pdf,Telangana,https://www.tgtransco.com/user_uploads/trans_losses/Tr_losses_Aug-2023.pdf
Karvy Solar Pvt. Ltd. (Sadasivapet),2023-08,2.74,Tr_losses_Aug-2023.pdf,Telangana,https://www.tgtransco.com/user_uploads/trans_losses/Tr_losses_Aug-2023.pdf
Karvy solar (Mandamarry),2023-08,6.27,Tr_losses_Aug-2023.pdf,Telangana,https://www.tgtransco.com/user_uploads/trans_losses/Tr_losses_Aug-2023.pdf
My Home Power Ltd. (NGPL),2023-08,0.0,Tr_losses_Aug-2023.pdf,Telangana,https://www.tgtransco.com/user_uploads/trans_losses/Tr_losses_Aug-2023.pdf
Mytrah Agriya Power Pvt. Ltd. (Solar),2023-08,8.24,Tr_losses_Aug-2023.pdf,Telangana,https://www.tgtransco.com/user_uploads/trans_losses/Tr_losses_Aug-2023.pdf
Mytrah Agriya Power Pvt. Ltd. (solar) (Kamareddy),2023-08,8.24,Tr_losses_Aug-2023.pdf,Telangana,https://www.tgtransco.com/user_uploads/trans_losses/Tr_losses_Aug-2023.pdf
Mytrah Vayu (Godavari) Pvt. Ltd. (Wind),2023-08,23.67,Tr_losses_Aug-2023.pdf,Telangana,https://www.tgtransco.com/user_uploads/trans_losses/Tr_losses_Aug-2023.pdf
NEO Solren Pvt. Ltd. (solar),2023-08,5.49,Tr_losses_Aug-2023.pdf,Telangana,https://www.tgtransco.com/user_uploads/trans_losses/Tr_losses_Aug-2023.pdf
NTPC Solar power plant (10MW),2023-08,0.8,Tr_losses_Aug-2023.pdf,Telangana,https://www.tgtransco.com/user_uploads/trans_losses/Tr_losses_Aug-2023.pdf
Nizam Deccan Sugars Ltd,2023-08,0.0,Tr_losses_Aug-2023.pdf,Telangana,https://www.tgtransco.com/user_uploads/trans_losses/Tr_losses_Aug-2023.pdf
Param Pujya Solar Farms Ltd. Plant-I,2023-08,8.96,Tr_losses_Aug-2023.pdf,Telangana,https://www.tgtransco.com/user_uploads/trans_losses/Tr_losses_Aug-2023.pdf
Param Pujya Solar Farms Ltd. Plant-II,2023-08,9.71,Tr_losses_Aug-2023.pdf,Telangana,https://www.tgtransco.com/user_uploads/trans_losses/Tr_losses_Aug-2023.pdf
Polepally Solar Park,2023-08,3.84,Tr_losses_Aug-2023.pdf,Telangana,https://www.tgtransco.com/user_uploads/trans_losses/Tr_losses_Aug-2023.pdf
Prathamesh solar farms Ltd.,2023-08,8.83,Tr_losses_Aug-2023.pdf,Telangana,https://www.tgtransco.com/user_uploads/trans_losses/Tr_losses_Aug-2023.pdf
RDF Power Projects Pvt. Ltd.,2023-08,0.0,Tr_losses_Aug-2023.pdf,Telangana,https://www.tgtransco.com/user_uploads/trans_losses/Tr_losses_Aug-2023.pdf
Renew Mega Solar Pvt.Ltd,2023-08,6.49,Tr_losses_Aug-2023.pdf,Telangana,https://www.tgtransco.com/user_uploads/trans_losses/Tr_losses_Aug-2023.pdf
Renew Saurshakthi Pvt. Ltd.,2023-08,4.76,Tr_losses_Aug-2023.pdf,Telangana,https://www.tgtransco.com/user_uploads/trans_losses/Tr_losses_Aug-2023.pdf
Renew Solar Energy Pvt. Ltd. 220kV,2023-08,21.38,Tr_losses_Aug-2023.pdf,Telangana,https://www.tgtransco.com/user_uploads/trans_losses/Tr_losses_Aug-2023.pdf
Renew Solar Plant (Mdk. Dist.),2023-08,3.45,Tr_losses_Aug-2023.pdf,Telangana,https://www.tgtransco.com/user_uploads/trans_losses/Tr_losses_Aug-2023.pdf
Renew Solar Pvt Ltd. (Minpur),2023-08,10.04,Tr_losses_Aug-2023.pdf,Telangana,https://www.tgtransco.com/user_uploads/trans_losses/Tr_losses_Aug-2023.pdf
Renew Wind TN2 Solar,2023-08,17.66,Tr_losses_Aug-2023.pdf,Telangana,https://www.tgtransco.com/user_uploads/trans_losses/Tr_losses_Aug-2023.pdf
Renue Akshay Solar Plant,2023-08,15.4,Tr_losses_Aug-2023.pdf,Telangana,https://www.tgtransco.com/user_uploads/trans_losses/Tr_losses_Aug-2023.pdf
SLS Power Corp. Ltd. (Minihydel) 132KV,2023-08,8.08,Tr_losses_Aug-2023.pdf,Telangana,https://www.tgtransco.com/user_uploads/trans_losses/Tr_losses_Aug-2023.pdf
SUZLON Energy Ltd.,2023-08,18.24,Tr_losses_Aug-2023.pdf,Telangana,https://www.tgtransco.com/user_uploads/trans_losses/Tr_losses_Aug-2023.pdf
Shravana Power Projects Pvt. Ltd.,2023-08,-0.02,Tr_losses_Aug-2023.pdf,Telangana,https://www.tgtransco.com/user_uploads/trans_losses/Tr_losses_Aug-2023.pdf
Ltd.),2023-08,7.82,Tr_losses_Aug-2023.pdf,Telangana,https://www.tgtransco.com/user_uploads/trans_losses/Tr_losses_Aug-2023.pdf
Sunborne Energy Tech. (P) Ltd. (Solar),2023-08,6.22,Tr_losses_Aug-2023.pdf,Telangana,https://www.tgtransco.com/user_uploads/trans_losses/Tr_losses_Aug-2023.pdf
Sunworld Solar Power Pvt. Ltd.,2023-08,4.73,Tr_losses_Aug-2023.pdf,Telangana,https://www.tgtransco.com/user_uploads/trans_losses/Tr_losses_Aug-2023.pdf
Suprasanna Solar,2023-08,2.95,Tr_losses_Aug-2023.pdf,Telangana,https://www.tgtransco.com/user_uploads/trans_losses/Tr_losses_Aug-2023.pdf
Suraj Kiran Solar Technologies (Mdk),2023-08,7.86,Tr_losses_Aug-2023.pdf,Telangana,https://www.tgtransco.com/user_uploads/trans_losses/Tr_losses_Aug-2023.pdf
Suraj Kiran solar (Nlg),2023-08,8.33,Tr_losses_Aug-2023.pdf,Telangana,https://www.tgtransco.com/user_uploads/trans_losses/Tr_losses_Aug-2023.pdf
Suryoday Energy Pvt. Ltd. (Shapoorji Pallonji)(Solar),2023-08,5.01,Tr_losses_Aug-2023.pdf,Telangana,https://www.tgtransco.com/user_uploads/trans_losses/Tr_losses_Aug-2023.pdf
Transform Sun Energy 220kV,2023-08,15.29,Tr_losses_Aug-2023.pdf,Telangana,https://www.tgtransco.com/user_uploads/trans_losses/Tr_losses_Aug-2023.pdf
Ujjvalatejas Solaire Urja Pvt. Ltd. (Solar),2023-08,3.0,Tr_losses_Aug-2023.pdf,Telangana,https://www.tgtransco.com/user_uploads/trans_losses/Tr_losses_Aug-2023.pdf
Vena Energy Solar Pvt Ltd (Previously Energon Soleq Pvt Ltd ),2023-08,7.72,Tr_losses_Aug-2023.pdf,Telangana,https://www.tgtransco.com/user_uploads/trans_losses/Tr_losses_Aug-2023.pdf
Winsol solar (Polepally),2023-08,2.53,Tr_losses_Aug-2023.pdf,Telangana,https://www.tgtransco.com/user_uploads/trans_losses/Tr_losses_Aug-2023.pdf
Winsol solar (Tandur),2023-08,7.78,Tr_losses_Aug-2023.pdf,Telangana,https://www.tgtransco.com/user_uploads/trans_losses/Tr_losses_Aug-2023.pdf
Zuka Solar,2023-08,8.9,Tr_losses_Aug-2023.pdf,Telangana,https://www.tgtransco.com/user_uploads/trans_losses/Tr_losses_Aug-2023.pdf
TSGENCO-THERMAL 2215.01 TSSPDCL,2022-12,4158.02,Tr_losses_Dec-2022.pdf,Telangana,https://www.tgtransco.com/user_uploads/trans_losses/Tr_losses_Dec-2022.pdf
TSGENCO-HYDEL 217.17 TSNPDCL,2022-12,1710.85,Tr_losses_Dec-2022.pdf,Telangana,https://www.tgtransco.com/user_uploads/trans_losses/Tr_losses_Dec-2022.pdf
132kv Laxmi Tulasi,2022-12,0.0,Tr_losses_Dec-2022.pdf,Telangana,https://www.tgtransco.com/user_uploads/trans_losses/Tr_losses_Dec-2022.pdf
132 kV Orient Cement,2022-12,0.11,Tr_losses_Dec-2022.pdf,Telangana,https://www.tgtransco.com/user_uploads/trans_losses/Tr_losses_Dec-2022.pdf
220KV Navabharat Energy India Ltd (NBEIL)-I,2022-12,0.0,Tr_losses_Dec-2022.pdf,Telangana,https://www.tgtransco.com/user_uploads/trans_losses/Tr_losses_Dec-2022.pdf
220KV Navabharat Energy India Ltd (NBEIL)-II,2022-12,0.0,Tr_losses_Dec-2022.pdf,Telangana,https://www.tgtransco.com/user_uploads/trans_losses/Tr_losses_Dec-2022.pdf
132KV Penna Power-I,2022-12,0.0,Tr_losses_Dec-2022.pdf,Telangana,https://www.tgtransco.com/user_uploads/trans_losses/Tr_losses_Dec-2022.pdf
132KV Penna Power-II,2022-12,0.0,Tr_losses_Dec-2022.pdf,Telangana,https://www.tgtransco.com/user_uploads/trans_losses/Tr_losses_Dec-2022.pdf
132KV Deccan Cements,2022-12,0.0,Tr_losses_Dec-2022.pdf,Telangana,https://www.tgtransco.com/user_uploads/trans_losses/Tr_losses_Dec-2022.pdf
132 kV Madhucon,2022-12,9.58,Tr_losses_Dec-2022.pdf,Telangana,https://www.tgtransco.com/user_uploads/trans_losses/Tr_losses_Dec-2022.pdf
132kv SCCL 30MW Solar Plant (Manuguru),2022-12,3.59,Tr_losses_Dec-2022.pdf,Telangana,https://www.tgtransco.com/user_uploads/trans_losses/Tr_losses_Dec-2022.pdf
132kV PSR Green Power Proj. pvt. Ltd.,2022-12,0.0,Tr_losses_Dec-2022.pdf,Telangana,https://www.tgtransco.com/user_uploads/trans_losses/Tr_losses_Dec-2022.pdf
220KV RFCL,2022-12,0.09,Tr_losses_Dec-2022.pdf,Telangana,https://www.tgtransco.com/user_uploads/trans_losses/Tr_losses_Dec-2022.pdf
132 kV Kesoram,2022-12,0.0,Tr_losses_Dec-2022.pdf,Telangana,https://www.tgtransco.com/user_uploads/trans_losses/Tr_losses_Dec-2022.pdf
132 kV Sitapuram Power Limited,2022-12,0.02,Tr_losses_Dec-2022.pdf,Telangana,https://www.tgtransco.com/user_uploads/trans_losses/Tr_losses_Dec-2022.pdf
132 kV Anjaini Port Land Cement,2022-12,0.29,Tr_losses_Dec-2022.pdf,Telangana,https://www.tgtransco.com/user_uploads/trans_losses/Tr_losses_Dec-2022.pdf
132kv SCCL 37 MW Solar Plant (Sitharampatnam),2022-12,5.07,Tr_losses_Dec-2022.pdf,Telangana,https://www.tgtransco.com/user_uploads/trans_losses/Tr_losses_Dec-2022.pdf
132 kV Sitaramapatnam - BPBL,2022-12,0.08,Tr_losses_Dec-2022.pdf,Telangana,https://www.tgtransco.com/user_uploads/trans_losses/Tr_losses_Dec-2022.pdf
132kV Krishnaveni Sugars Ltd,2022-12,7.9,Tr_losses_Dec-2022.pdf,Telangana,https://www.tgtransco.com/user_uploads/trans_losses/Tr_losses_Dec-2022.pdf
132 kV My Home Industries Limited,2022-12,0.0,Tr_losses_Dec-2022.pdf,Telangana,https://www.tgtransco.com/user_uploads/trans_losses/Tr_losses_Dec-2022.pdf
132 kV ICL (Rassi Cements),2022-12,0.0,Tr_losses_Dec-2022.pdf,Telangana,https://www.tgtransco.com/user_uploads/trans_losses/Tr_losses_Dec-2022.pdf
132 kV Bharat Electronics Ltd. (solar),2022-12,0.83,Tr_losses_Dec-2022.pdf,Telangana,https://www.tgtransco.com/user_uploads/trans_losses/Tr_losses_Dec-2022.pdf
132kv SCCL Solar Power Plant (Yellandu),2022-12,3.96,Tr_losses_Dec-2022.pdf,Telangana,https://www.tgtransco.com/user_uploads/trans_losses/Tr_losses_Dec-2022.pdf
ACME Medak Solar energy Pvt. Ltd.,2022-12,7.19,Tr_losses_Dec-2022.pdf,Telangana,https://www.tgtransco.com/user_uploads/trans_losses/Tr_losses_Dec-2022.pdf
ACME Nizamabad Solar Energy Pvt. Ltd,2022-12,7.63,Tr_losses_Dec-2022.pdf,Telangana,https://www.tgtransco.com/user_uploads/trans_losses/Tr_losses_Dec-2022.pdf
ACME PV Powertech Pvt. Ltd. (Sadasivpet),2022-12,7.92,Tr_losses_Dec-2022.pdf,Telangana,https://www.tgtransco.com/user_uploads/trans_losses/Tr_losses_Dec-2022.pdf
ACME Rangareddy Solar Power,2022-12,4.17,Tr_losses_Dec-2022.pdf,Telangana,https://www.tgtransco.com/user_uploads/trans_losses/Tr_losses_Dec-2022.pdf
ACME Solar Power Tech. Pvt. Ltd. (Bhongir),2022-12,7.87,Tr_losses_Dec-2022.pdf,Telangana,https://www.tgtransco.com/user_uploads/trans_losses/Tr_losses_Dec-2022.pdf
Azure Power India Pvt. Ltd. (solar),2022-12,15.94,Tr_losses_Dec-2022.pdf,Telangana,https://www.tgtransco.com/user_uploads/trans_losses/Tr_losses_Dec-2022.pdf
Clean Hero Wind Power,2022-12,3.56,Tr_losses_Dec-2022.pdf,Telangana,https://www.tgtransco.com/user_uploads/trans_losses/Tr_losses_Dec-2022.pdf
Clean Solar Power (Chittradurga) Pvt. Ltd,2022-12,4.53,Tr_losses_Dec-2022.pdf,Telangana,https://www.tgtransco.com/user_uploads/trans_losses/Tr_losses_Dec-2022.pdf
Clean solar,2022-12,4.34,Tr_losses_Dec-2022.pdf,Telangana,https://www.tgtransco.com/user_uploads/trans_losses/Tr_losses_Dec-2022.pdf
Dayakara Solar (P) Ltd.,2022-12,4.7,Tr_losses_Dec-2022.pdf,Telangana,https://www.tgtransco.com/user_uploads/trans_losses/Tr_losses_Dec-2022.pdf
Dinakar Solar,2022-12,3.38,Tr_losses_Dec-2022.pdf,Telangana,https://www.tgtransco.com/user_uploads/trans_losses/Tr_losses_Dec-2022.pdf
Divine Solren Pvt. ltd.,2022-12,7.04,Tr_losses_Dec-2022.pdf,Telangana,https://www.tgtransco.com/user_uploads/trans_losses/Tr_losses_Dec-2022.pdf
Vena Energy Solar Pvt Ltd (Previously Energon Soleq Pvt Ltd ),2022-12,7.52,Tr_losses_Dec-2022.pdf,Telangana,https://www.tgtransco.com/user_uploads/trans_losses/Tr_losses_Dec-2022.pdf
Energon Soleq Solar (Sadasivapet),2022-12,7.69,Tr_losses_Dec-2022.pdf,Telangana,https://www.tgtransco.com/user_uploads/trans_losses/Tr_losses_Dec-2022.pdf
Enrich (Solar),2022-12,7.26,Tr_losses_Dec-2022.pdf,Telangana,https://www.tgtransco.com/user_uploads/trans_losses/Tr_losses_Dec-2022.pdf
G.S.R.Sugars Pvt Ltd,2022-12,6.69,Tr_losses_Dec-2022.pdf,Telangana,https://www.tgtransco.com/user_uploads/trans_losses/Tr_losses_Dec-2022.pdf
Ganapathi Sugars Ltd.,2022-12,4.67,Tr_losses_Dec-2022.pdf,Telangana,https://www.tgtransco.com/user_uploads/trans_losses/Tr_losses_Dec-2022.pdf
Grahati Solar,2022-12,7.58,Tr_losses_Dec-2022.pdf,Telangana,https://www.tgtransco.com/user_uploads/trans_losses/Tr_losses_Dec-2022.pdf
Hyderabad MSW Energy Solutions PVT LTD,2022-12,14.41,Tr_losses_Dec-2022.pdf,Telangana,https://www.tgtransco.com/user_uploads/trans_losses/Tr_losses_Dec-2022.pdf
Jilesh Power Pvt. Ltd (Solar),2022-12,7.45,Tr_losses_Dec-2022.pdf,Telangana,https://www.tgtransco.com/user_uploads/trans_losses/Tr_losses_Dec-2022.pdf
Kakatiya Cement & Sugar Industries Ltd.,2022-12,5.05,Tr_losses_Dec-2022.pdf,Telangana,https://www.tgtransco.com/user_uploads/trans_losses/Tr_losses_Dec-2022.pdf
Karvy Solar Pvt. Ltd. (Sadasivapet),2022-12,2.33,Tr_losses_Dec-2022.pdf,Telangana,https://www.tgtransco.com/user_uploads/trans_losses/Tr_losses_Dec-2022.pdf
Karvy solar (Mandamarry),2022-12,7.19,Tr_losses_Dec-2022.pdf,Telangana,https://www.tgtransco.com/user_uploads/trans_losses/Tr_losses_Dec-2022.pdf
My Home Power Ltd. (NGPL),2022-12,0.0,Tr_losses_Dec-2022.pdf,Telangana,https://www.tgtransco.com/user_uploads/trans_losses/Tr_losses_Dec-2022.pdf
Mytrah Agriya Power Pvt. Ltd. (Solar),2022-12,7.84,Tr_losses_Dec-2022.pdf,Telangana,https://www.tgtransco.com/user_uploads/trans_losses/Tr_losses_Dec-2022.pdf
Mytrah Agriya Power Pvt. Ltd. (solar) (Kamareddy),2022-12,7.85,Tr_losses_Dec-2022.pdf,Telangana,https://www.tgtransco.com/user_uploads/trans_losses/Tr_losses_Dec-2022.pdf
Mytrah Vayu (Godavari) Pvt. Ltd. (Wind),2022-12,16.33,Tr_losses_Dec-2022.pdf,Telangana,https://www.tgtransco.com/user_uploads/trans_losses/Tr_losses_Dec-2022.pdf
NEO Solren Pvt. Ltd. (solar),2022-12,4.45,Tr_losses_Dec-2022.pdf,Telangana,https://www.tgtransco.com/user_uploads/trans_losses/Tr_losses_Dec-2022.pdf
NTPC Solar power plant (10MW),2022-12,1.07,Tr_losses_Dec-2022.pdf,Telangana,https://www.tgtransco.com/user_uploads/trans_losses/Tr_losses_Dec-2022.pdf
Nizam Deccan Sugars Ltd,2022-12,0.0,Tr_losses_Dec-2022.pdf,Telangana,https://www.tgtransco.com/user_uploads/trans_losses/Tr_losses_Dec-2022.pdf
Param Pujya Solar Farms Ltd. Plant-I,2022-12,8.23,Tr_losses_Dec-2022.pdf,Telangana,https://www.tgtransco.com/user_uploads/trans_losses/Tr_losses_Dec-2022.pdf
Param Pujya Solar Farms Ltd. Plant-II,2022-12,7.8,Tr_losses_Dec-2022.pdf,Telangana,https://www.tgtransco.com/user_uploads/trans_losses/Tr_losses_Dec-2022.pdf
Polepally Solar Park,2022-12,3.39,Tr_losses_Dec-2022.pdf,Telangana,https://www.tgtransco.com/user_uploads/trans_losses/Tr_losses_Dec-2022.pdf
Prathamesh solar farms Ltd.,2022-12,8.31,Tr_losses_Dec-2022.pdf,Telangana,https://www.tgtransco.com/user_uploads/trans_losses/Tr_losses_Dec-2022.pdf
RDF Power Projects Pvt. Ltd.,2022-12,0.0,Tr_losses_Dec-2022.pdf,Telangana,https://www.tgtransco.com/user_uploads/trans_losses/Tr_losses_Dec-2022.pdf
Renew Mega Solar Pvt.Ltd,2022-12,7.14,Tr_losses_Dec-2022.pdf,Telangana,https://www.tgtransco.com/user_uploads/trans_losses/Tr_losses_Dec-2022.pdf
Renew Saurshakthi Pvt. Ltd.,2022-12,4.03,Tr_losses_Dec-2022.pdf,Telangana,https://www.tgtransco.com/user_uploads/trans_losses/Tr_losses_Dec-2022.pdf
Renew Solar Energy Pvt. Ltd. 220kV,2022-12,19.73,Tr_losses_Dec-2022.pdf,Telangana,https://www.tgtransco.com/user_uploads/trans_losses/Tr_losses_Dec-2022.pdf
Renew Solar Plant (Mdk. Dist.),2022-12,3.31,Tr_losses_Dec-2022.pdf,Telangana,https://www.tgtransco.com/user_uploads/trans_losses/Tr_losses_Dec-2022.pdf
Renew Solar Pvt Ltd. (Minpur),2022-12,8.92,Tr_losses_Dec-2022.pdf,Telangana,https://www.tgtransco.com/user_uploads/trans_losses/Tr_losses_Dec-2022.pdf
Renew Wind TN2 Solar,2022-12,15.6,Tr_losses_Dec-2022.pdf,Telangana,https://www.tgtransco.com/user_uploads/trans_losses/Tr_losses_Dec-2022.pdf
Renue Akshay Solar Plant,2022-12,13.57,Tr_losses_Dec-2022.pdf,Telangana,https://www.tgtransco.com/user_uploads/trans_losses/Tr_losses_Dec-2022.pdf
SLS Power Corp. Ltd. (Minihydel) 132KV,2022-12,3.81,Tr_losses_Dec-2022.pdf,Telangana,https://www.tgtransco.com/user_uploads/trans_losses/Tr_losses_Dec-2022.pdf
SUZLON Energy Ltd.,2022-12,14.47,Tr_losses_Dec-2022.pdf,Telangana,https://www.tgtransco.com/user_uploads/trans_losses/Tr_losses_Dec-2022.pdf
Shravana Power Projects Pvt. Ltd.,2022-12,-0.02,Tr_losses_Dec-2022.pdf,Telangana,https://www.tgtransco.com/user_uploads/trans_losses/Tr_losses_Dec-2022.pdf
pvt. Ltd.),2022-12,6.68,Tr_losses_Dec-2022.pdf,Telangana,https://www.tgtransco.com/user_uploads/trans_losses/Tr_losses_Dec-2022.pdf
Sunborne Energy Tech. (P) Ltd. (Solar),2022-12,5.77,Tr_losses_Dec-2022.pdf,Telangana,https://www.tgtransco.com/user_uploads/trans_losses/Tr_losses_Dec-2022.pdf
Sunworld Solar Power Pvt. Ltd.,2022-12,4.7,Tr_losses_Dec-2022.pdf,Telangana,https://www.tgtransco.com/user_uploads/trans_losses/Tr_losses_Dec-2022.pdf
Suprasanna Solar,2022-12,3.13,Tr_losses_Dec-2022.pdf,Telangana,https://www.tgtransco.com/user_uploads/trans_losses/Tr_losses_Dec-2022.pdf
Suraj Kiran Solar Technologies (Mdk),2022-12,6.93,Tr_losses_Dec-2022.pdf,Telangana,https://www.tgtransco.com/user_uploads/trans_losses/Tr_losses_Dec-2022.pdf
Suraj Kiran solar (Nlg),2022-12,6.35,Tr_losses_Dec-2022.pdf,Telangana,https://www.tgtransco.com/user_uploads/trans_losses/Tr_losses_Dec-2022.pdf
Suryoday Energy Pvt. Ltd. (Shapoorji Pallonji)(Solar),2022-12,4.81,Tr_losses_Dec-2022.pdf,Telangana,https://www.tgtransco.com/user_uploads/trans_losses/Tr_losses_Dec-2022.pdf
Transform Sun Energy 220kV,2022-12,13.43,Tr_losses_Dec-2022.pdf,Telangana,https://www.tgtransco.com/user_uploads/trans_losses/Tr_losses_Dec-2022.pdf
Ujjvalatejas Solaire Urja Pvt. Ltd. (Solar),2022-12,3.07,Tr_losses_Dec-2022.pdf,Telangana,https://www.tgtransco.com/user_uploads/trans_losses/Tr_losses_Dec-2022.pdf
Winsol solar (Polepally),2022-12,2.22,Tr_losses_Dec-2022.pdf,Telangana,https://www.tgtransco.com/user_uploads/trans_losses/Tr_losses_Dec-2022.pdf
Winsol solar (Tandur),2022-12,7.82,Tr_losses_Dec-2022.pdf,Telangana,https://www.tgtransco.com/user_uploads/trans_losses/Tr_losses_Dec-2022.pdf
Zuka Solar,2022-12,8.02,Tr_losses_Dec-2022.pdf,Telangana,https://www.tgtransco.com/user_uploads/trans_losses/Tr_losses_Dec-2022.pdf
TSGENCO-THERMAL 2226.92 TSSPDCL,2023-12,4458.01,Tr_losses_Dec-2023.pdf,Telangana,https://www.tgtransco.com/user_uploads/trans_losses/Tr_losses_Dec-2023.pdf
TSGENCO-HYDEL 92.00 TSNPDCL,2023-12,1718.3,Tr_losses_Dec-2023.pdf,Telangana,https://www.tgtransco.com/user_uploads/trans_losses/Tr_losses_Dec-2023.pdf
132kv Laxmi Tulasi,2023-12,0.01,Tr_losses_Dec-2023.pdf,Telangana,https://www.tgtransco.com/user_uploads/trans_losses/Tr_losses_Dec-2023.pdf
132 kV Orient Cement,2023-12,0.01,Tr_losses_Dec-2023.pdf,Telangana,https://www.tgtransco.com/user_uploads/trans_losses/Tr_losses_Dec-2023.pdf
220KV Navabharat Energy India Ltd (NBEIL)-I,2023-12,29.9,Tr_losses_Dec-2023.pdf,Telangana,https://www.tgtransco.com/user_uploads/trans_losses/Tr_losses_Dec-2023.pdf
220KV Navabharat Energy India Ltd (NBEIL)-II,2023-12,29.94,Tr_losses_Dec-2023.pdf,Telangana,https://www.tgtransco.com/user_uploads/trans_losses/Tr_losses_Dec-2023.pdf
132KV Penna Power-I,2023-12,0.0,Tr_losses_Dec-2023.pdf,Telangana,https://www.tgtransco.com/user_uploads/trans_losses/Tr_losses_Dec-2023.pdf
132KV Penna Power-II,2023-12,0.0,Tr_losses_Dec-2023.pdf,Telangana,https://www.tgtransco.com/user_uploads/trans_losses/Tr_losses_Dec-2023.pdf
132KV Deccan Cements,2023-12,0.0,Tr_losses_Dec-2023.pdf,Telangana,https://www.tgtransco.com/user_uploads/trans_losses/Tr_losses_Dec-2023.pdf
132 kV Madhucon,2023-12,6.37,Tr_losses_Dec-2023.pdf,Telangana,https://www.tgtransco.com/user_uploads/trans_losses/Tr_losses_Dec-2023.pdf
132kv SCCL 30MW Solar Plant (Manuguru),2023-12,3.27,Tr_losses_Dec-2023.pdf,Telangana,https://www.tgtransco.com/user_uploads/trans_losses/Tr_losses_Dec-2023.pdf
132kV PSR Green Power Proj. pvt. Ltd.,2023-12,0.0,Tr_losses_Dec-2023.pdf,Telangana,https://www.tgtransco.com/user_uploads/trans_losses/Tr_losses_Dec-2023.pdf
220KV RFCL,2023-12,0.03,Tr_losses_Dec-2023.pdf,Telangana,https://www.tgtransco.com/user_uploads/trans_losses/Tr_losses_Dec-2023.pdf
132 kV Kesoram,2023-12,0.0,Tr_losses_Dec-2023.pdf,Telangana,https://www.tgtransco.com/user_uploads/trans_losses/Tr_losses_Dec-2023.pdf
132 kV Sitapuram Power Limited,2023-12,0.02,Tr_losses_Dec-2023.pdf,Telangana,https://www.tgtransco.com/user_uploads/trans_losses/Tr_losses_Dec-2023.pdf
132 kV Anjaini Port Land Cement,2023-12,0.0,Tr_losses_Dec-2023.pdf,Telangana,https://www.tgtransco.com/user_uploads/trans_losses/Tr_losses_Dec-2023.pdf
132kv SCCL 37 MW Solar Plant (Sitharampatnam),2023-12,4.81,Tr_losses_Dec-2023.pdf,Telangana,https://www.tgtransco.com/user_uploads/trans_losses/Tr_losses_Dec-2023.pdf
132 kV Sitaramapatnam - BPBL,2023-12,0.08,Tr_losses_Dec-2023.pdf,Telangana,https://www.tgtransco.com/user_uploads/trans_losses/Tr_losses_Dec-2023.pdf
132kV Krishnaveni Sugars Ltd,2023-12,5.54,Tr_losses_Dec-2023.pdf,Telangana,https://www.tgtransco.com/user_uploads/trans_losses/Tr_losses_Dec-2023.pdf
132 kV My Home Industries Limited,2023-12,0.01,Tr_losses_Dec-2023.pdf,Telangana,https://www.tgtransco.com/user_uploads/trans_losses/Tr_losses_Dec-2023.pdf
132 kV ICL (Rassi Cements),2023-12,0.0,Tr_losses_Dec-2023.pdf,Telangana,https://www.tgtransco.com/user_uploads/trans_losses/Tr_losses_Dec-2023.pdf
132 kV Bharat Electronics Ltd. (solar),2023-12,1.5,Tr_losses_Dec-2023.pdf,Telangana,https://www.tgtransco.com/user_uploads/trans_losses/Tr_losses_Dec-2023.pdf
132kv SCCL Solar Power Plant (Yellandu),2023-12,4.23,Tr_losses_Dec-2023.pdf,Telangana,https://www.tgtransco.com/user_uploads/trans_losses/Tr_losses_Dec-2023.pdf
ACME Medak Solar energy Pvt. Ltd.,2023-12,7.49,Tr_losses_Dec-2023.pdf,Telangana,https://www.tgtransco.com/user_uploads/trans_losses/Tr_losses_Dec-2023.pdf
ACME Nizamabad Solar Energy Pvt. Ltd,2023-12,7.81,Tr_losses_Dec-2023.pdf,Telangana,https://www.tgtransco.com/user_uploads/trans_losses/Tr_losses_Dec-2023.pdf
ACME PV Powertech Pvt. Ltd. (Sadasivpet),2023-12,8.23,Tr_losses_Dec-2023.pdf,Telangana,https://www.tgtransco.com/user_uploads/trans_losses/Tr_losses_Dec-2023.pdf
ACME Rangareddy Solar Power,2023-12,4.23,Tr_losses_Dec-2023.pdf,Telangana,https://www.tgtransco.com/user_uploads/trans_losses/Tr_losses_Dec-2023.pdf
ACME Solar Power Tech. Pvt. Ltd. (Bhongir),2023-12,7.83,Tr_losses_Dec-2023.pdf,Telangana,https://www.tgtransco.com/user_uploads/trans_losses/Tr_losses_Dec-2023.pdf
Azure Power India Pvt. Ltd. (solar),2023-12,16.5,Tr_losses_Dec-2023.pdf,Telangana,https://www.tgtransco.com/user_uploads/trans_losses/Tr_losses_Dec-2023.pdf
Clean Hero Wind Power,2023-12,3.5,Tr_losses_Dec-2023.pdf,Telangana,https://www.tgtransco.com/user_uploads/trans_losses/Tr_losses_Dec-2023.pdf
Clean Solar Power (Chittradurga) Pvt. Ltd,2023-12,4.34,Tr_losses_Dec-2023.pdf,Telangana,https://www.tgtransco.com/user_uploads/trans_losses/Tr_losses_Dec-2023.pdf
Clean solar,2023-12,4.34,Tr_losses_Dec-2023.pdf,Telangana,https://www.tgtransco.com/user_uploads/trans_losses/Tr_losses_Dec-2023.pdf
Dayakara Solar (P) Ltd.,2023-12,4.72,Tr_losses_Dec-2023.pdf,Telangana,https://www.tgtransco.com/user_uploads/trans_losses/Tr_losses_Dec-2023.pdf
Dinakar Solar,2023-12,3.34,Tr_losses_Dec-2023.pdf,Telangana,https://www.tgtransco.com/user_uploads/trans_losses/Tr_losses_Dec-2023.pdf
Divine Solren Pvt. ltd.,2023-12,6.95,Tr_losses_Dec-2023.pdf,Telangana,https://www.tgtransco.com/user_uploads/trans_losses/Tr_losses_Dec-2023.pdf
Energon Soleq Solar (Sadasivapet),2023-12,7.88,Tr_losses_Dec-2023.pdf,Telangana,https://www.tgtransco.com/user_uploads/trans_losses/Tr_losses_Dec-2023.pdf
Enrich (Solar),2023-12,7.12,Tr_losses_Dec-2023.pdf,Telangana,https://www.tgtransco.com/user_uploads/trans_losses/Tr_losses_Dec-2023.pdf
G.S.R.Sugars Pvt Ltd,2023-12,6.13,Tr_losses_Dec-2023.pdf,Telangana,https://www.tgtransco.com/user_uploads/trans_losses/Tr_losses_Dec-2023.pdf
Ganapathi Sugars Ltd.,2023-12,0.66,Tr_losses_Dec-2023.pdf,Telangana,https://www.tgtransco.com/user_uploads/trans_losses/Tr_losses_Dec-2023.pdf
Grahati Solar,2023-12,8.03,Tr_losses_Dec-2023.pdf,Telangana,https://www.tgtransco.com/user_uploads/trans_losses/Tr_losses_Dec-2023.pdf
Hyderabad MSW Energy Solutions PVT LTD,2023-12,14.17,Tr_losses_Dec-2023.pdf,Telangana,https://www.tgtransco.com/user_uploads/trans_losses/Tr_losses_Dec-2023.pdf
Jilesh Power Pvt. Ltd (Solar),2023-12,7.25,Tr_losses_Dec-2023.pdf,Telangana,https://www.tgtransco.com/user_uploads/trans_losses/Tr_losses_Dec-2023.pdf
Kakatiya Cement & Sugar Industries Ltd.,2023-12,-0.05,Tr_losses_Dec-2023.pdf,Telangana,https://www.tgtransco.com/user_uploads/trans_losses/Tr_losses_Dec-2023.pdf
Karvy Solar Pvt. Ltd. (Sadasivapet),2023-12,2.5,Tr_losses_Dec-2023.pdf,Telangana,https://www.tgtransco.com/user_uploads/trans_losses/Tr_losses_Dec-2023.pdf
Karvy solar (Mandamarry),2023-12,6.63,Tr_losses_Dec-2023.pdf,Telangana,https://www.tgtransco.com/user_uploads/trans_losses/Tr_losses_Dec-2023.pdf
My Home Power Ltd. (NGPL),2023-12,0.0,Tr_losses_Dec-2023.pdf,Telangana,https://www.tgtransco.com/user_uploads/trans_losses/Tr_losses_Dec-2023.pdf
Mytrah Agriya Power Pvt. Ltd. (Solar),2023-12,8.26,Tr_losses_Dec-2023.pdf,Telangana,https://www.tgtransco.com/user_uploads/trans_losses/Tr_losses_Dec-2023.pdf
Mytrah Agriya Power Pvt. Ltd. (solar) (Kamareddy),2023-12,7.27,Tr_losses_Dec-2023.pdf,Telangana,https://www.tgtransco.com/user_uploads/trans_losses/Tr_losses_Dec-2023.pdf
Mytrah Vayu (Godavari) Pvt. Ltd. (Wind),2023-12,18.67,Tr_losses_Dec-2023.pdf,Telangana,https://www.tgtransco.com/user_uploads/trans_losses/Tr_losses_Dec-2023.pdf
NEO Solren Pvt. Ltd. (solar),2023-12,5.05,Tr_losses_Dec-2023.pdf,Telangana,https://www.tgtransco.com/user_uploads/trans_losses/Tr_losses_Dec-2023.pdf
NTPC Solar power plant (10MW),2023-12,0.85,Tr_losses_Dec-2023.pdf,Telangana,https://www.tgtransco.com/user_uploads/trans_losses/Tr_losses_Dec-2023.pdf
Nizam Deccan Sugars Ltd,2023-12,0.0,Tr_losses_Dec-2023.pdf,Telangana,https://www.tgtransco.com/user_uploads/trans_losses/Tr_losses_Dec-2023.pdf
Param Pujya Solar Farms Ltd. Plant-I,2023-12,8.15,Tr_losses_Dec-2023.pdf,Telangana,https://www.tgtransco.com/user_uploads/trans_losses/Tr_losses_Dec-2023.pdf
Param Pujya Solar Farms Ltd. Plant-II,2023-12,7.67,Tr_losses_Dec-2023.pdf,Telangana,https://www.tgtransco.com/user_uploads/trans_losses/Tr_losses_Dec-2023.pdf
Polepally Solar Park,2023-12,3.54,Tr_losses_Dec-2023.pdf,Telangana,https://www.tgtransco.com/user_uploads/trans_losses/Tr_losses_Dec-2023.pdf
Prathamesh solar farms Ltd.,2023-12,8.25,Tr_losses_Dec-2023.pdf,Telangana,https://www.tgtransco.com/user_uploads/trans_losses/Tr_losses_Dec-2023.pdf
RDF Power Projects Pvt. Ltd.,2023-12,0.0,Tr_losses_Dec-2023.pdf,Telangana,https://www.tgtransco.com/user_uploads/trans_losses/Tr_losses_Dec-2023.pdf
Renew Mega Solar Pvt.Ltd,2023-12,6.54,Tr_losses_Dec-2023.pdf,Telangana,https://www.tgtransco.com/user_uploads/trans_losses/Tr_losses_Dec-2023.pdf
Renew Saurshakthi Pvt. Ltd.,2023-12,3.76,Tr_losses_Dec-2023.pdf,Telangana,https://www.tgtransco.com/user_uploads/trans_losses/Tr_losses_Dec-2023.pdf
Renew Solar Energy Pvt. Ltd. 220kV,2023-12,20.8,Tr_losses_Dec-2023.pdf,Telangana,https://www.tgtransco.com/user_uploads/trans_losses/Tr_losses_Dec-2023.pdf
Renew Solar Plant (Mdk. Dist.),2023-12,3.47,Tr_losses_Dec-2023.pdf,Telangana,https://www.tgtransco.com/user_uploads/trans_losses/Tr_losses_Dec-2023.pdf
Renew Solar Pvt Ltd. (Minpur),2023-12,8.57,Tr_losses_Dec-2023.pdf,Telangana,https://www.tgtransco.com/user_uploads/trans_losses/Tr_losses_Dec-2023.pdf
Renew Wind TN2 Solar,2023-12,16.48,Tr_losses_Dec-2023.pdf,Telangana,https://www.tgtransco.com/user_uploads/trans_losses/Tr_losses_Dec-2023.pdf
Renue Akshay Solar Plant,2023-12,14.01,Tr_losses_Dec-2023.pdf,Telangana,https://www.tgtransco.com/user_uploads/trans_losses/Tr_losses_Dec-2023.pdf
SLS Power Corp. Ltd. (Minihydel) 132KV,2023-12,5.82,Tr_losses_Dec-2023.pdf,Telangana,https://www.tgtransco.com/user_uploads/trans_losses/Tr_losses_Dec-2023.pdf
SUZLON Energy Ltd.,2023-12,14.7,Tr_losses_Dec-2023.pdf,Telangana,https://www.tgtransco.com/user_uploads/trans_losses/Tr_losses_Dec-2023.pdf
Shravana Power Projects Pvt. Ltd.,2023-12,-0.02,Tr_losses_Dec-2023.pdf,Telangana,https://www.tgtransco.com/user_uploads/trans_losses/Tr_losses_Dec-2023.pdf
Sky Power Southeast Asia III Ltd (Previously Sunshakthi solar,2023-12,7.26,Tr_losses_Dec-2023.pdf,Telangana,https://www.tgtransco.com/user_uploads/trans_losses/Tr_losses_Dec-2023.pdf
Sunborne Energy Tech. (P) Ltd. (Solar),2023-12,5.74,Tr_losses_Dec-2023.pdf,Telangana,https://www.tgtransco.com/user_uploads/trans_losses/Tr_losses_Dec-2023.pdf
Sunworld Solar Power Pvt. Ltd.,2023-12,4.34,Tr_losses_Dec-2023.pdf,Telangana,https://www.tgtransco.com/user_uploads/trans_losses/Tr_losses_Dec-2023.pdf
Suprasanna Solar,2023-12,3.07,Tr_losses_Dec-2023.pdf,Telangana,https://www.tgtransco.com/user_uploads/trans_losses/Tr_losses_Dec-2023.pdf
Suraj Kiran Solar Technologies (Mdk),2023-12,6.7,Tr_losses_Dec-2023.pdf,Telangana,https://www.tgtransco.com/user_uploads/trans_losses/Tr_losses_Dec-2023.pdf
Suraj Kiran solar (Nlg),2023-12,6.23,Tr_losses_Dec-2023.pdf,Telangana,https://www.tgtransco.com/user_uploads/trans_losses/Tr_losses_Dec-2023.pdf
Suryoday Energy Pvt. Ltd. (Shapoorji Pallonji)(Solar),2023-12,5.02,Tr_losses_Dec-2023.pdf,Telangana,https://www.tgtransco.com/user_uploads/trans_losses/Tr_losses_Dec-2023.pdf
Transform Sun Energy 220kV,2023-12,14.6,Tr_losses_Dec-2023.pdf,Telangana,https://www.tgtransco.com/user_uploads/trans_losses/Tr_losses_Dec-2023.pdf
Ujjvalatejas Solaire Urja Pvt. Ltd. (Solar),2023-12,2.97,Tr_losses_Dec-2023.pdf,Telangana,https://www.tgtransco.com/user_uploads/trans_losses/Tr_losses_Dec-2023.pdf
Vena Energy Solar Pvt Ltd (Previously Energon Soleq Pvt Ltd ),2023-12,7.69,Tr_losses_Dec-2023.pdf,Telangana,https://www.tgtransco.com/user_uploads/trans_losses/Tr_losses_Dec-2023.pdf
Winsol solar (Polepally),2023-12,2.3,Tr_losses_Dec-2023.pdf,Telangana,https://www.tgtransco.com/user_uploads/trans_losses/Tr_losses_Dec-2023.pdf
Winsol solar (Tandur),2023-12,7.91,Tr_losses_Dec-2023.pdf,Telangana,https://www.tgtransco.com/user_uploads/trans_losses/Tr_losses_Dec-2023.pdf
Zuka Solar,2023-12,8.24,Tr_losses_Dec-2023.pdf,Telangana,https://www.tgtransco.com/user_uploads/trans_losses/Tr_losses_Dec-2023.pdf
TSGENCO-THERMAL 2167.90 TSSPDCL,2022-02,4035.8,Tr_losses_Feb-2022.pdf,Telangana,https://www.tgtransco.com/user_uploads/trans_losses/Tr_losses_Feb-2022.pdf
TSGENCO-HYDEL 146.90 TSNPDCL,2022-02,1856.09,Tr_losses_Feb-2022.pdf,Telangana,https://www.tgtransco.com/user_uploads/trans_losses/Tr_losses_Feb-2022.pdf
132kv Laxmi Tulasi,2022-02,0.7,Tr_losses_Feb-2022.pdf,Telangana,https://www.tgtransco.com/user_uploads/trans_losses/Tr_losses_Feb-2022.pdf
132 kV Orient Cement,2022-02,0.17,Tr_losses_Feb-2022.pdf,Telangana,https://www.tgtransco.com/user_uploads/trans_losses/Tr_losses_Feb-2022.pdf
220KV Navabharat Energy India Ltd (NBEIL)-I,2022-02,13.55,Tr_losses_Feb-2022.pdf,Telangana,https://www.tgtransco.com/user_uploads/trans_losses/Tr_losses_Feb-2022.pdf
220KV Navabharat Energy India Ltd (NBEIL)-II,2022-02,13.5,Tr_losses_Feb-2022.pdf,Telangana,https://www.tgtransco.com/user_uploads/trans_losses/Tr_losses_Feb-2022.pdf
132KV Penna Power-I,2022-02,0.0,Tr_losses_Feb-2022.pdf,Telangana,https://www.tgtransco.com/user_uploads/trans_losses/Tr_losses_Feb-2022.pdf
132KV Penna Power-II,2022-02,5.37,Tr_losses_Feb-2022.pdf,Telangana,https://www.tgtransco.com/user_uploads/trans_losses/Tr_losses_Feb-2022.pdf
132KV Deccan Cements,2022-02,0.03,Tr_losses_Feb-2022.pdf,Telangana,https://www.tgtransco.com/user_uploads/trans_losses/Tr_losses_Feb-2022.pdf
132 kV Madhucon,2022-02,7.84,Tr_losses_Feb-2022.pdf,Telangana,https://www.tgtransco.com/user_uploads/trans_losses/Tr_losses_Feb-2022.pdf
132kv SCCL 30MW Solar Plant (Manuguru),2022-02,4.06,Tr_losses_Feb-2022.pdf,Telangana,https://www.tgtransco.com/user_uploads/trans_losses/Tr_losses_Feb-2022.pdf
132kV PSR Green Power Proj. pvt. Ltd.,2022-02,0.0,Tr_losses_Feb-2022.pdf,Telangana,https://www.tgtransco.com/user_uploads/trans_losses/Tr_losses_Feb-2022.pdf
220KV RFCL,2022-02,0.0,Tr_losses_Feb-2022.pdf,Telangana,https://www.tgtransco.com/user_uploads/trans_losses/Tr_losses_Feb-2022.pdf
132 kV Kesoram,2022-02,0.0,Tr_losses_Feb-2022.pdf,Telangana,https://www.tgtransco.com/user_uploads/trans_losses/Tr_losses_Feb-2022.pdf
132 kV Sitapuram Power Limited,2022-02,8.62,Tr_losses_Feb-2022.pdf,Telangana,https://www.tgtransco.com/user_uploads/trans_losses/Tr_losses_Feb-2022.pdf
132 kV Anjaini Port Land Cement,2022-02,0.0,Tr_losses_Feb-2022.pdf,Telangana,https://www.tgtransco.com/user_uploads/trans_losses/Tr_losses_Feb-2022.pdf
132kv SCCL 37 MW Solar Plant (Sitharampatnam),2022-02,4.9,Tr_losses_Feb-2022.pdf,Telangana,https://www.tgtransco.com/user_uploads/trans_losses/Tr_losses_Feb-2022.pdf
132 kV Sitaramapatnam - BPBL,2022-02,0.0,Tr_losses_Feb-2022.pdf,Telangana,https://www.tgtransco.com/user_uploads/trans_losses/Tr_losses_Feb-2022.pdf
132kV Krishnaveni Sugars Ltd,2022-02,3.55,Tr_losses_Feb-2022.pdf,Telangana,https://www.tgtransco.com/user_uploads/trans_losses/Tr_losses_Feb-2022.pdf
132 kV My Home Industries Limited,2022-02,1.08,Tr_losses_Feb-2022.pdf,Telangana,https://www.tgtransco.com/user_uploads/trans_losses/Tr_losses_Feb-2022.pdf
132 kV ICL (Rassi Cements),2022-02,0.01,Tr_losses_Feb-2022.pdf,Telangana,https://www.tgtransco.com/user_uploads/trans_losses/Tr_losses_Feb-2022.pdf
132 kV Bharat Electronics Ltd. (solar),2022-02,1.79,Tr_losses_Feb-2022.pdf,Telangana,https://www.tgtransco.com/user_uploads/trans_losses/Tr_losses_Feb-2022.pdf
132kv SCCL Solar Power Plant (Yellandu),2022-02,4.9,Tr_losses_Feb-2022.pdf,Telangana,https://www.tgtransco.com/user_uploads/trans_losses/Tr_losses_Feb-2022.pdf
ACME Medak Solar energy Pvt. Ltd.,2022-02,8.24,Tr_losses_Feb-2022.pdf,Telangana,https://www.tgtransco.com/user_uploads/trans_losses/Tr_losses_Feb-2022.pdf
ACME Nizamabad Solar Energy Pvt. Ltd,2022-02,8.74,Tr_losses_Feb-2022.pdf,Telangana,https://www.tgtransco.com/user_uploads/trans_losses/Tr_losses_Feb-2022.pdf
ACME PV Powertech Pvt. Ltd. (Sadasivpet),2022-02,8.8,Tr_losses_Feb-2022.pdf,Telangana,https://www.tgtransco.com/user_uploads/trans_losses/Tr_losses_Feb-2022.pdf
ACME Rangareddy Solar Power,2022-02,4.93,Tr_losses_Feb-2022.pdf,Telangana,https://www.tgtransco.com/user_uploads/trans_losses/Tr_losses_Feb-2022.pdf
ACME Solar Power Tech. Pvt. Ltd. (Bhongir),2022-02,8.86,Tr_losses_Feb-2022.pdf,Telangana,https://www.tgtransco.com/user_uploads/trans_losses/Tr_losses_Feb-2022.pdf
Azure Power India Pvt. Ltd. (solar),2022-02,18.38,Tr_losses_Feb-2022.pdf,Telangana,https://www.tgtransco.com/user_uploads/trans_losses/Tr_losses_Feb-2022.pdf
Clean Hero Wind Power,2022-02,4.33,Tr_losses_Feb-2022.pdf,Telangana,https://www.tgtransco.com/user_uploads/trans_losses/Tr_losses_Feb-2022.pdf
Clean Solar Power (Chittradurga) Pvt. Ltd,2022-02,5.21,Tr_losses_Feb-2022.pdf,Telangana,https://www.tgtransco.com/user_uploads/trans_losses/Tr_losses_Feb-2022.pdf
Clean solar,2022-02,4.82,Tr_losses_Feb-2022.pdf,Telangana,https://www.tgtransco.com/user_uploads/trans_losses/Tr_losses_Feb-2022.pdf
Dayakara Solar (P) Ltd.,2022-02,5.48,Tr_losses_Feb-2022.pdf,Telangana,https://www.tgtransco.com/user_uploads/trans_losses/Tr_losses_Feb-2022.pdf
Dinakar Solar,2022-02,3.81,Tr_losses_Feb-2022.pdf,Telangana,https://www.tgtransco.com/user_uploads/trans_losses/Tr_losses_Feb-2022.pdf
Divine Solren Pvt. ltd.,2022-02,8.11,Tr_losses_Feb-2022.pdf,Telangana,https://www.tgtransco.com/user_uploads/trans_losses/Tr_losses_Feb-2022.pdf
Ltd ),2022-02,8.65,Tr_losses_Feb-2022.pdf,Telangana,https://www.tgtransco.com/user_uploads/trans_losses/Tr_losses_Feb-2022.pdf
Energon Soleq Solar (Sadasivapet),2022-02,8.79,Tr_losses_Feb-2022.pdf,Telangana,https://www.tgtransco.com/user_uploads/trans_losses/Tr_losses_Feb-2022.pdf
Enrich (Solar),2022-02,7.98,Tr_losses_Feb-2022.pdf,Telangana,https://www.tgtransco.com/user_uploads/trans_losses/Tr_losses_Feb-2022.pdf
G.S.R.Sugars Pvt Ltd,2022-02,4.66,Tr_losses_Feb-2022.pdf,Telangana,https://www.tgtransco.com/user_uploads/trans_losses/Tr_losses_Feb-2022.pdf
Ganapathi Sugars Ltd.,2022-02,3.51,Tr_losses_Feb-2022.pdf,Telangana,https://www.tgtransco.com/user_uploads/trans_losses/Tr_losses_Feb-2022.pdf
Grahati Solar,2022-02,8.55,Tr_losses_Feb-2022.pdf,Telangana,https://www.tgtransco.com/user_uploads/trans_losses/Tr_losses_Feb-2022.pdf
Hyderabad MSW Energy Solutions PVT LTD,2022-02,11.76,Tr_losses_Feb-2022.pdf,Telangana,https://www.tgtransco.com/user_uploads/trans_losses/Tr_losses_Feb-2022.pdf
Jilesh Power Pvt. Ltd (Solar),2022-02,8.39,Tr_losses_Feb-2022.pdf,Telangana,https://www.tgtransco.com/user_uploads/trans_losses/Tr_losses_Feb-2022.pdf
Kakatiya Cement & Sugar Industries Ltd.,2022-02,-0.11,Tr_losses_Feb-2022.pdf,Telangana,https://www.tgtransco.com/user_uploads/trans_losses/Tr_losses_Feb-2022.pdf
Karvy Solar Pvt. Ltd. (Sadasivapet),2022-02,2.99,Tr_losses_Feb-2022.pdf,Telangana,https://www.tgtransco.com/user_uploads/trans_losses/Tr_losses_Feb-2022.pdf
Karvy solar (Mandamarry),2022-02,7.43,Tr_losses_Feb-2022.pdf,Telangana,https://www.tgtransco.com/user_uploads/trans_losses/Tr_losses_Feb-2022.pdf
My Home Power Ltd. (NGPL),2022-02,0.0,Tr_losses_Feb-2022.pdf,Telangana,https://www.tgtransco.com/user_uploads/trans_losses/Tr_losses_Feb-2022.pdf
Mytrah Agriya Power Pvt. Ltd. (Solar),2022-02,8.6,Tr_losses_Feb-2022.pdf,Telangana,https://www.tgtransco.com/user_uploads/trans_losses/Tr_losses_Feb-2022.pdf
Mytrah Agriya Power Pvt. Ltd. (solar) (Kamareddy),2022-02,8.96,Tr_losses_Feb-2022.pdf,Telangana,https://www.tgtransco.com/user_uploads/trans_losses/Tr_losses_Feb-2022.pdf
Mytrah Vayu (Godavari) Pvt. Ltd. (Wind),2022-02,16.45,Tr_losses_Feb-2022.pdf,Telangana,https://www.tgtransco.com/user_uploads/trans_losses/Tr_losses_Feb-2022.pdf
NEO Solren Pvt. Ltd. (solar),2022-02,6.43,Tr_losses_Feb-2022.pdf,Telangana,https://www.tgtransco.com/user_uploads/trans_losses/Tr_losses_Feb-2022.pdf
NTPC Solar power plant (10MW),2022-02,1.17,Tr_losses_Feb-2022.pdf,Telangana,https://www.tgtransco.com/user_uploads/trans_losses/Tr_losses_Feb-2022.pdf
Nizam Deccan Sugars Ltd,2022-02,0.0,Tr_losses_Feb-2022.pdf,Telangana,https://www.tgtransco.com/user_uploads/trans_losses/Tr_losses_Feb-2022.pdf
Param Pujya Solar Farms Ltd. Plant-I,2022-02,9.32,Tr_losses_Feb-2022.pdf,Telangana,https://www.tgtransco.com/user_uploads/trans_losses/Tr_losses_Feb-2022.pdf
Param Pujya Solar Farms Ltd. Plant-II,2022-02,10.06,Tr_losses_Feb-2022.pdf,Telangana,https://www.tgtransco.com/user_uploads/trans_losses/Tr_losses_Feb-2022.pdf
Polepally Solar Park,2022-02,4.05,Tr_losses_Feb-2022.pdf,Telangana,https://www.tgtransco.com/user_uploads/trans_losses/Tr_losses_Feb-2022.pdf
Prathamesh solar farms Ltd.,2022-02,9.65,Tr_losses_Feb-2022.pdf,Telangana,https://www.tgtransco.com/user_uploads/trans_losses/Tr_losses_Feb-2022.pdf
RDF Power Projects Pvt. Ltd.,2022-02,0.0,Tr_losses_Feb-2022.pdf,Telangana,https://www.tgtransco.com/user_uploads/trans_losses/Tr_losses_Feb-2022.pdf
Renew Mega Solar Pvt.Ltd,2022-02,7.91,Tr_losses_Feb-2022.pdf,Telangana,https://www.tgtransco.com/user_uploads/trans_losses/Tr_losses_Feb-2022.pdf
Renew Saurshakthi Pvt. Ltd.,2022-02,5.14,Tr_losses_Feb-2022.pdf,Telangana,https://www.tgtransco.com/user_uploads/trans_losses/Tr_losses_Feb-2022.pdf
Renew Solar Energy Pvt. Ltd. 220kV,2022-02,24.13,Tr_losses_Feb-2022.pdf,Telangana,https://www.tgtransco.com/user_uploads/trans_losses/Tr_losses_Feb-2022.pdf
Renew Solar Plant (Mdk. Dist.),2022-02,3.73,Tr_losses_Feb-2022.pdf,Telangana,https://www.tgtransco.com/user_uploads/trans_losses/Tr_losses_Feb-2022.pdf
Renew Solar Pvt Ltd. (Minpur),2022-02,11.21,Tr_losses_Feb-2022.pdf,Telangana,https://www.tgtransco.com/user_uploads/trans_losses/Tr_losses_Feb-2022.pdf
Renew Wind TN2 Solar,2022-02,18.37,Tr_losses_Feb-2022.pdf,Telangana,https://www.tgtransco.com/user_uploads/trans_losses/Tr_losses_Feb-2022.pdf
Renue Akshay Solar Plant,2022-02,16.38,Tr_losses_Feb-2022.pdf,Telangana,https://www.tgtransco.com/user_uploads/trans_losses/Tr_losses_Feb-2022.pdf
SLS Power Corp. Ltd. (Minihydel) 132KV,2022-02,3.47,Tr_losses_Feb-2022.pdf,Telangana,https://www.tgtransco.com/user_uploads/trans_losses/Tr_losses_Feb-2022.pdf
SUZLON Energy Ltd.,2022-02,19.13,Tr_losses_Feb-2022.pdf,Telangana,https://www.tgtransco.com/user_uploads/trans_losses/Tr_losses_Feb-2022.pdf
Shravana Power Projects Pvt. Ltd.,2022-02,4.4,Tr_losses_Feb-2022.pdf,Telangana,https://www.tgtransco.com/user_uploads/trans_losses/Tr_losses_Feb-2022.pdf
solar pvt. Ltd.),2022-02,8.65,Tr_losses_Feb-2022.pdf,Telangana,https://www.tgtransco.com/user_uploads/trans_losses/Tr_losses_Feb-2022.pdf
Sunborne Energy Tech. (P) Ltd. (Solar),2022-02,6.46,Tr_losses_Feb-2022.pdf,Telangana,https://www.tgtransco.com/user_uploads/trans_losses/Tr_losses_Feb-2022.pdf
Sunworld Solar Power Pvt. Ltd.,2022-02,5.2,Tr_losses_Feb-2022.pdf,Telangana,https://www.tgtransco.com/user_uploads/trans_losses/Tr_losses_Feb-2022.pdf
Suprasanna Solar,2022-02,3.45,Tr_losses_Feb-2022.pdf,Telangana,https://www.tgtransco.com/user_uploads/trans_losses/Tr_losses_Feb-2022.pdf
Suraj Kiran Solar Technologies (Mdk),2022-02,8.32,Tr_losses_Feb-2022.pdf,Telangana,https://www.tgtransco.com/user_uploads/trans_losses/Tr_losses_Feb-2022.pdf
Suraj Kiran solar (Nlg),2022-02,8.81,Tr_losses_Feb-2022.pdf,Telangana,https://www.tgtransco.com/user_uploads/trans_losses/Tr_losses_Feb-2022.pdf
Suryoday Energy Pvt. Ltd. (Shapoorji Pallonji)(Solar),2022-02,5.62,Tr_losses_Feb-2022.pdf,Telangana,https://www.tgtransco.com/user_uploads/trans_losses/Tr_losses_Feb-2022.pdf
Transform Sun Energy 220kV,2022-02,16.66,Tr_losses_Feb-2022.pdf,Telangana,https://www.tgtransco.com/user_uploads/trans_losses/Tr_losses_Feb-2022.pdf
Ujjvalatejas Solaire Urja Pvt. Ltd. (Solar),2022-02,3.3,Tr_losses_Feb-2022.pdf,Telangana,https://www.tgtransco.com/user_uploads/trans_losses/Tr_losses_Feb-2022.pdf
Winsol solar (Polepally),2022-02,2.65,Tr_losses_Feb-2022.pdf,Telangana,https://www.tgtransco.com/user_uploads/trans_losses/Tr_losses_Feb-2022.pdf
Winsol solar (Tandur),2022-02,8.78,Tr_losses_Feb-2022.pdf,Telangana,https://www.tgtransco.com/user_uploads/trans_losses/Tr_losses_Feb-2022.pdf
Zuka Solar,2022-02,9.93,Tr_losses_Feb-2022.pdf,Telangana,https://www.tgtransco.com/user_uploads/trans_losses/Tr_losses_Feb-2022.pdf
TSGENCO-THERMAL 2216.97 TSSPDCL,2023-02,4684.82,Tr_losses_Feb-2023.pdf,Telangana,https://www.tgtransco.com/user_uploads/trans_losses/Tr_losses_Feb-2023.pdf
TSGENCO-HYDEL 159.47 TSNPDCL,2023-02,2413.41,Tr_losses_Feb-2023.pdf,Telangana,https://www.tgtransco.com/user_uploads/trans_losses/Tr_losses_Feb-2023.pdf
132kv Laxmi Tulasi,2023-02,0.01,Tr_losses_Feb-2023.pdf,Telangana,https://www.tgtransco.com/user_uploads/trans_losses/Tr_losses_Feb-2023.pdf
132 kV Orient Cement,2023-02,0.0,Tr_losses_Feb-2023.pdf,Telangana,https://www.tgtransco.com/user_uploads/trans_losses/Tr_losses_Feb-2023.pdf
220KV Navabharat Energy India Ltd (NBEIL)-I,2023-02,0.0,Tr_losses_Feb-2023.pdf,Telangana,https://www.tgtransco.com/user_uploads/trans_losses/Tr_losses_Feb-2023.pdf
220KV Navabharat Energy India Ltd (NBEIL)-II,2023-02,0.0,Tr_losses_Feb-2023.pdf,Telangana,https://www.tgtransco.com/user_uploads/trans_losses/Tr_losses_Feb-2023.pdf
132KV Penna Power-I,2023-02,0.0,Tr_losses_Feb-2023.pdf,Telangana,https://www.tgtransco.com/user_uploads/trans_losses/Tr_losses_Feb-2023.pdf
132KV Penna Power-II,2023-02,0.0,Tr_losses_Feb-2023.pdf,Telangana,https://www.tgtransco.com/user_uploads/trans_losses/Tr_losses_Feb-2023.pdf
132KV Deccan Cements,2023-02,0.0,Tr_losses_Feb-2023.pdf,Telangana,https://www.tgtransco.com/user_uploads/trans_losses/Tr_losses_Feb-2023.pdf
132 kV Madhucon,2023-02,9.3,Tr_losses_Feb-2023.pdf,Telangana,https://www.tgtransco.com/user_uploads/trans_losses/Tr_losses_Feb-2023.pdf
132kv SCCL 30MW Solar Plant (Manuguru),2023-02,3.83,Tr_losses_Feb-2023.pdf,Telangana,https://www.tgtransco.com/user_uploads/trans_losses/Tr_losses_Feb-2023.pdf
132kV PSR Green Power Proj. pvt. Ltd.,2023-02,0.0,Tr_losses_Feb-2023.pdf,Telangana,https://www.tgtransco.com/user_uploads/trans_losses/Tr_losses_Feb-2023.pdf
220KV RFCL,2023-02,0.07,Tr_losses_Feb-2023.pdf,Telangana,https://www.tgtransco.com/user_uploads/trans_losses/Tr_losses_Feb-2023.pdf
132 kV Kesoram,2023-02,0.0,Tr_losses_Feb-2023.pdf,Telangana,https://www.tgtransco.com/user_uploads/trans_losses/Tr_losses_Feb-2023.pdf
132 kV Sitapuram Power Limited,2023-02,0.01,Tr_losses_Feb-2023.pdf,Telangana,https://www.tgtransco.com/user_uploads/trans_losses/Tr_losses_Feb-2023.pdf
132 kV Anjaini Port Land Cement,2023-02,0.0,Tr_losses_Feb-2023.pdf,Telangana,https://www.tgtransco.com/user_uploads/trans_losses/Tr_losses_Feb-2023.pdf
132kv SCCL 37 MW Solar Plant (Sitharampatnam),2023-02,5.98,Tr_losses_Feb-2023.pdf,Telangana,https://www.tgtransco.com/user_uploads/trans_losses/Tr_losses_Feb-2023.pdf
132 kV Sitaramapatnam - BPBL,2023-02,0.01,Tr_losses_Feb-2023.pdf,Telangana,https://www.tgtransco.com/user_uploads/trans_losses/Tr_losses_Feb-2023.pdf
132kV Krishnaveni Sugars Ltd,2023-02,4.0,Tr_losses_Feb-2023.pdf,Telangana,https://www.tgtransco.com/user_uploads/trans_losses/Tr_losses_Feb-2023.pdf
132 kV My Home Industries Limited,2023-02,4.27,Tr_losses_Feb-2023.pdf,Telangana,https://www.tgtransco.com/user_uploads/trans_losses/Tr_losses_Feb-2023.pdf
132 kV ICL (Rassi Cements),2023-02,0.0,Tr_losses_Feb-2023.pdf,Telangana,https://www.tgtransco.com/user_uploads/trans_losses/Tr_losses_Feb-2023.pdf
132 kV Bharat Electronics Ltd. (solar),2023-02,1.6,Tr_losses_Feb-2023.pdf,Telangana,https://www.tgtransco.com/user_uploads/trans_losses/Tr_losses_Feb-2023.pdf
132kv SCCL Solar Power Plant (Yellandu),2023-02,5.07,Tr_losses_Feb-2023.pdf,Telangana,https://www.tgtransco.com/user_uploads/trans_losses/Tr_losses_Feb-2023.pdf
ACME Medak Solar energy Pvt. Ltd.,2023-02,8.57,Tr_losses_Feb-2023.pdf,Telangana,https://www.tgtransco.com/user_uploads/trans_losses/Tr_losses_Feb-2023.pdf
ACME Nizamabad Solar Energy Pvt. Ltd,2023-02,9.24,Tr_losses_Feb-2023.pdf,Telangana,https://www.tgtransco.com/user_uploads/trans_losses/Tr_losses_Feb-2023.pdf
ACME PV Powertech Pvt. Ltd. (Sadasivpet),2023-02,9.47,Tr_losses_Feb-2023.pdf,Telangana,https://www.tgtransco.com/user_uploads/trans_losses/Tr_losses_Feb-2023.pdf
ACME Rangareddy Solar Power,2023-02,5.23,Tr_losses_Feb-2023.pdf,Telangana,https://www.tgtransco.com/user_uploads/trans_losses/Tr_losses_Feb-2023.pdf
ACME Solar Power Tech. Pvt. Ltd. (Bhongir),2023-02,9.44,Tr_losses_Feb-2023.pdf,Telangana,https://www.tgtransco.com/user_uploads/trans_losses/Tr_losses_Feb-2023.pdf
Azure Power India Pvt. Ltd. (solar),2023-02,18.87,Tr_losses_Feb-2023.pdf,Telangana,https://www.tgtransco.com/user_uploads/trans_losses/Tr_losses_Feb-2023.pdf
Clean Hero Wind Power,2023-02,2.73,Tr_losses_Feb-2023.pdf,Telangana,https://www.tgtransco.com/user_uploads/trans_losses/Tr_losses_Feb-2023.pdf
Clean Solar Power (Chittradurga) Pvt. Ltd,2023-02,5.98,Tr_losses_Feb-2023.pdf,Telangana,https://www.tgtransco.com/user_uploads/trans_losses/Tr_losses_Feb-2023.pdf
Clean solar,2023-02,4.91,Tr_losses_Feb-2023.pdf,Telangana,https://www.tgtransco.com/user_uploads/trans_losses/Tr_losses_Feb-2023.pdf
Dayakara Solar (P) Ltd.,2023-02,5.54,Tr_losses_Feb-2023.pdf,Telangana,https://www.tgtransco.com/user_uploads/trans_losses/Tr_losses_Feb-2023.pdf
Dinakar Solar,2023-02,4.33,Tr_losses_Feb-2023.pdf,Telangana,https://www.tgtransco.com/user_uploads/trans_losses/Tr_losses_Feb-2023.pdf
Divine Solren Pvt. ltd.,2023-02,8.49,Tr_losses_Feb-2023.pdf,Telangana,https://www.tgtransco.com/user_uploads/trans_losses/Tr_losses_Feb-2023.pdf
Vena Energy Solar Pvt Ltd (Previously Energon Soleq Pvt Ltd ),2023-02,9.08,Tr_losses_Feb-2023.pdf,Telangana,https://www.tgtransco.com/user_uploads/trans_losses/Tr_losses_Feb-2023.pdf
Energon Soleq Solar (Sadasivapet),2023-02,9.24,Tr_losses_Feb-2023.pdf,Telangana,https://www.tgtransco.com/user_uploads/trans_losses/Tr_losses_Feb-2023.pdf
Enrich (Solar),2023-02,8.42,Tr_losses_Feb-2023.pdf,Telangana,https://www.tgtransco.com/user_uploads/trans_losses/Tr_losses_Feb-2023.pdf
G.S.R.Sugars Pvt Ltd,2023-02,6.18,Tr_losses_Feb-2023.pdf,Telangana,https://www.tgtransco.com/user_uploads/trans_losses/Tr_losses_Feb-2023.pdf
Ganapathi Sugars Ltd.,2023-02,4.19,Tr_losses_Feb-2023.pdf,Telangana,https://www.tgtransco.com/user_uploads/trans_losses/Tr_losses_Feb-2023.pdf
Grahati Solar,2023-02,9.16,Tr_losses_Feb-2023.pdf,Telangana,https://www.tgtransco.com/user_uploads/trans_losses/Tr_losses_Feb-2023.pdf
Hyderabad MSW Energy Solutions PVT LTD,2023-02,12.25,Tr_losses_Feb-2023.pdf,Telangana,https://www.tgtransco.com/user_uploads/trans_losses/Tr_losses_Feb-2023.pdf
Jilesh Power Pvt. Ltd (Solar),2023-02,8.88,Tr_losses_Feb-2023.pdf,Telangana,https://www.tgtransco.com/user_uploads/trans_losses/Tr_losses_Feb-2023.pdf
Kakatiya Cement & Sugar Industries Ltd.,2023-02,-0.11,Tr_losses_Feb-2023.pdf,Telangana,https://www.tgtransco.com/user_uploads/trans_losses/Tr_losses_Feb-2023.pdf
Karvy Solar Pvt. Ltd. (Sadasivapet),2023-02,3.1,Tr_losses_Feb-2023.pdf,Telangana,https://www.tgtransco.com/user_uploads/trans_losses/Tr_losses_Feb-2023.pdf
Karvy solar (Mandamarry),2023-02,7.71,Tr_losses_Feb-2023.pdf,Telangana,https://www.tgtransco.com/user_uploads/trans_losses/Tr_losses_Feb-2023.pdf
My Home Power Ltd. (NGPL),2023-02,0.0,Tr_losses_Feb-2023.pdf,Telangana,https://www.tgtransco.com/user_uploads/trans_losses/Tr_losses_Feb-2023.pdf
Mytrah Agriya Power Pvt. Ltd. (Solar),2023-02,9.25,Tr_losses_Feb-2023.pdf,Telangana,https://www.tgtransco.com/user_uploads/trans_losses/Tr_losses_Feb-2023.pdf
Mytrah Agriya Power Pvt. Ltd. (solar) (Kamareddy),2023-02,9.77,Tr_losses_Feb-2023.pdf,Telangana,https://www.tgtransco.com/user_uploads/trans_losses/Tr_losses_Feb-2023.pdf
Mytrah Vayu (Godavari) Pvt. Ltd. (Wind),2023-02,12.17,Tr_losses_Feb-2023.pdf,Telangana,https://www.tgtransco.com/user_uploads/trans_losses/Tr_losses_Feb-2023.pdf
NEO Solren Pvt. Ltd. (solar),2023-02,6.0,Tr_losses_Feb-2023.pdf,Telangana,https://www.tgtransco.com/user_uploads/trans_losses/Tr_losses_Feb-2023.pdf
NTPC Solar power plant (10MW),2023-02,1.12,Tr_losses_Feb-2023.pdf,Telangana,https://www.tgtransco.com/user_uploads/trans_losses/Tr_losses_Feb-2023.pdf
Nizam Deccan Sugars Ltd,2023-02,0.0,Tr_losses_Feb-2023.pdf,Telangana,https://www.tgtransco.com/user_uploads/trans_losses/Tr_losses_Feb-2023.pdf
Param Pujya Solar Farms Ltd. Plant-I,2023-02,9.91,Tr_losses_Feb-2023.pdf,Telangana,https://www.tgtransco.com/user_uploads/trans_losses/Tr_losses_Feb-2023.pdf
Param Pujya Solar Farms Ltd. Plant-II,2023-02,10.39,Tr_losses_Feb-2023.pdf,Telangana,https://www.tgtransco.com/user_uploads/trans_losses/Tr_losses_Feb-2023.pdf
Polepally Solar Park,2023-02,4.05,Tr_losses_Feb-2023.pdf,Telangana,https://www.tgtransco.com/user_uploads/trans_losses/Tr_losses_Feb-2023.pdf
Prathamesh solar farms Ltd.,2023-02,9.69,Tr_losses_Feb-2023.pdf,Telangana,https://www.tgtransco.com/user_uploads/trans_losses/Tr_losses_Feb-2023.pdf
RDF Power Projects Pvt. Ltd.,2023-02,0.0,Tr_losses_Feb-2023.pdf,Telangana,https://www.tgtransco.com/user_uploads/trans_losses/Tr_losses_Feb-2023.pdf
Renew Mega Solar Pvt.Ltd,2023-02,8.61,Tr_losses_Feb-2023.pdf,Telangana,https://www.tgtransco.com/user_uploads/trans_losses/Tr_losses_Feb-2023.pdf
Renew Saurshakthi Pvt. Ltd.,2023-02,5.33,Tr_losses_Feb-2023.pdf,Telangana,https://www.tgtransco.com/user_uploads/trans_losses/Tr_losses_Feb-2023.pdf
Renew Solar Energy Pvt. Ltd. 220kV,2023-02,26.19,Tr_losses_Feb-2023.pdf,Telangana,https://www.tgtransco.com/user_uploads/trans_losses/Tr_losses_Feb-2023.pdf
Renew Solar Plant (Mdk. Dist.),2023-02,3.99,Tr_losses_Feb-2023.pdf,Telangana,https://www.tgtransco.com/user_uploads/trans_losses/Tr_losses_Feb-2023.pdf
Renew Solar Pvt Ltd. (Minpur),2023-02,11.7,Tr_losses_Feb-2023.pdf,Telangana,https://www.tgtransco.com/user_uploads/trans_losses/Tr_losses_Feb-2023.pdf
Renew Wind TN2 Solar,2023-02,18.71,Tr_losses_Feb-2023.pdf,Telangana,https://www.tgtransco.com/user_uploads/trans_losses/Tr_losses_Feb-2023.pdf
Renue Akshay Solar Plant,2023-02,16.32,Tr_losses_Feb-2023.pdf,Telangana,https://www.tgtransco.com/user_uploads/trans_losses/Tr_losses_Feb-2023.pdf
SLS Power Corp. Ltd. (Minihydel) 132KV,2023-02,0.58,Tr_losses_Feb-2023.pdf,Telangana,https://www.tgtransco.com/user_uploads/trans_losses/Tr_losses_Feb-2023.pdf
SUZLON Energy Ltd.,2023-02,18.43,Tr_losses_Feb-2023.pdf,Telangana,https://www.tgtransco.com/user_uploads/trans_losses/Tr_losses_Feb-2023.pdf
Shravana Power Projects Pvt. Ltd.,2023-02,-0.01,Tr_losses_Feb-2023.pdf,Telangana,https://www.tgtransco.com/user_uploads/trans_losses/Tr_losses_Feb-2023.pdf
pvt. Ltd.),2023-02,9.25,Tr_losses_Feb-2023.pdf,Telangana,https://www.tgtransco.com/user_uploads/trans_losses/Tr_losses_Feb-2023.pdf
Sunborne Energy Tech. (P) Ltd. (Solar),2023-02,6.65,Tr_losses_Feb-2023.pdf,Telangana,https://www.tgtransco.com/user_uploads/trans_losses/Tr_losses_Feb-2023.pdf
Sunworld Solar Power Pvt. Ltd.,2023-02,5.35,Tr_losses_Feb-2023.pdf,Telangana,https://www.tgtransco.com/user_uploads/trans_losses/Tr_losses_Feb-2023.pdf
Suprasanna Solar,2023-02,3.62,Tr_losses_Feb-2023.pdf,Telangana,https://www.tgtransco.com/user_uploads/trans_losses/Tr_losses_Feb-2023.pdf
Suraj Kiran Solar Technologies (Mdk),2023-02,8.97,Tr_losses_Feb-2023.pdf,Telangana,https://www.tgtransco.com/user_uploads/trans_losses/Tr_losses_Feb-2023.pdf
Suraj Kiran solar (Nlg),2023-02,8.98,Tr_losses_Feb-2023.pdf,Telangana,https://www.tgtransco.com/user_uploads/trans_losses/Tr_losses_Feb-2023.pdf
Suryoday Energy Pvt. Ltd. (Shapoorji Pallonji)(Solar),2023-02,5.93,Tr_losses_Feb-2023.pdf,Telangana,https://www.tgtransco.com/user_uploads/trans_losses/Tr_losses_Feb-2023.pdf
Transform Sun Energy 220kV,2023-02,16.5,Tr_losses_Feb-2023.pdf,Telangana,https://www.tgtransco.com/user_uploads/trans_losses/Tr_losses_Feb-2023.pdf
Ujjvalatejas Solaire Urja Pvt. Ltd. (Solar),2023-02,3.46,Tr_losses_Feb-2023.pdf,Telangana,https://www.tgtransco.com/user_uploads/trans_losses/Tr_losses_Feb-2023.pdf
Winsol solar (Polepally),2023-02,2.62,Tr_losses_Feb-2023.pdf,Telangana,https://www.tgtransco.com/user_uploads/trans_losses/Tr_losses_Feb-2023.pdf
Winsol solar (Tandur),2023-02,8.88,Tr_losses_Feb-2023.pdf,Telangana,https://www.tgtransco.com/user_uploads/trans_losses/Tr_losses_Feb-2023.pdf
Zuka Solar,2023-02,9.98,Tr_losses_Feb-2023.pdf,Telangana,https://www.tgtransco.com/user_uploads/trans_losses/Tr_losses_Feb-2023.pdf
TSGENCO-THERMAL 2200.12 TSSPDCL,2024-02,5151.2,Tr_losses_Feb-2024.pdf,Telangana,https://www.tgtransco.com/user_uploads/trans_losses/Tr_losses_Feb-2024.pdf
TSGENCO-HYDEL 44.32 TSNPDCL,2024-02,2431.12,Tr_losses_Feb-2024.pdf,Telangana,https://www.tgtransco.com/user_uploads/trans_losses/Tr_losses_Feb-2024.pdf
132kv Laxmi Tulasi,2024-02,0.01,Tr_losses_Feb-2024.pdf,Telangana,https://www.tgtransco.com/user_uploads/trans_losses/Tr_losses_Feb-2024.pdf
132 kV Orient Cement,2024-02,0.71,Tr_losses_Feb-2024.pdf,Telangana,https://www.tgtransco.com/user_uploads/trans_losses/Tr_losses_Feb-2024.pdf
220KV Navabharat Energy India Ltd (NBEIL)-I,2024-02,37.69,Tr_losses_Feb-2024.pdf,Telangana,https://www.tgtransco.com/user_uploads/trans_losses/Tr_losses_Feb-2024.pdf
220KV Navabharat Energy India Ltd (NBEIL)-II,2024-02,37.57,Tr_losses_Feb-2024.pdf,Telangana,https://www.tgtransco.com/user_uploads/trans_losses/Tr_losses_Feb-2024.pdf
132KV Penna Power-I,2024-02,0.0,Tr_losses_Feb-2024.pdf,Telangana,https://www.tgtransco.com/user_uploads/trans_losses/Tr_losses_Feb-2024.pdf
132KV Penna Power-II,2024-02,0.0,Tr_losses_Feb-2024.pdf,Telangana,https://www.tgtransco.com/user_uploads/trans_losses/Tr_losses_Feb-2024.pdf
132KV Deccan Cements,2024-02,0.0,Tr_losses_Feb-2024.pdf,Telangana,https://www.tgtransco.com/user_uploads/trans_losses/Tr_losses_Feb-2024.pdf
132 kV Madhucon,2024-02,7.45,Tr_losses_Feb-2024.pdf,Telangana,https://www.tgtransco.com/user_uploads/trans_losses/Tr_losses_Feb-2024.pdf
132kv SCCL 30MW Solar Plant (Manuguru),2024-02,3.84,Tr_losses_Feb-2024.pdf,Telangana,https://www.tgtransco.com/user_uploads/trans_losses/Tr_losses_Feb-2024.pdf
132kV PSR Green Power Proj. pvt. Ltd.,2024-02,0.0,Tr_losses_Feb-2024.pdf,Telangana,https://www.tgtransco.com/user_uploads/trans_losses/Tr_losses_Feb-2024.pdf
220KV RFCL,2024-02,0.02,Tr_losses_Feb-2024.pdf,Telangana,https://www.tgtransco.com/user_uploads/trans_losses/Tr_losses_Feb-2024.pdf
132 kV Kesoram,2024-02,0.0,Tr_losses_Feb-2024.pdf,Telangana,https://www.tgtransco.com/user_uploads/trans_losses/Tr_losses_Feb-2024.pdf
132 kV Sitapuram Power Limited,2024-02,0.0,Tr_losses_Feb-2024.pdf,Telangana,https://www.tgtransco.com/user_uploads/trans_losses/Tr_losses_Feb-2024.pdf
132 kV Anjaini Port Land Cement,2024-02,0.0,Tr_losses_Feb-2024.pdf,Telangana,https://www.tgtransco.com/user_uploads/trans_losses/Tr_losses_Feb-2024.pdf
132kv SCCL 37 MW Solar Plant (Sitharampatnam),2024-02,5.49,Tr_losses_Feb-2024.pdf,Telangana,https://www.tgtransco.com/user_uploads/trans_losses/Tr_losses_Feb-2024.pdf
132 kV Sitaramapatnam - BPBL,2024-02,0.03,Tr_losses_Feb-2024.pdf,Telangana,https://www.tgtransco.com/user_uploads/trans_losses/Tr_losses_Feb-2024.pdf
132kV Krishnaveni Sugars Ltd,2024-02,5.07,Tr_losses_Feb-2024.pdf,Telangana,https://www.tgtransco.com/user_uploads/trans_losses/Tr_losses_Feb-2024.pdf
132 kV My Home Industries Limited,2024-02,0.05,Tr_losses_Feb-2024.pdf,Telangana,https://www.tgtransco.com/user_uploads/trans_losses/Tr_losses_Feb-2024.pdf
132 kV ICL (Rassi Cements),2024-02,0.0,Tr_losses_Feb-2024.pdf,Telangana,https://www.tgtransco.com/user_uploads/trans_losses/Tr_losses_Feb-2024.pdf
132 kV Bharat Electronics Ltd. (solar),2024-02,1.88,Tr_losses_Feb-2024.pdf,Telangana,https://www.tgtransco.com/user_uploads/trans_losses/Tr_losses_Feb-2024.pdf
132kv SCCL Solar Power Plant (Yellandu),2024-02,4.76,Tr_losses_Feb-2024.pdf,Telangana,https://www.tgtransco.com/user_uploads/trans_losses/Tr_losses_Feb-2024.pdf
ACME Medak Solar energy Pvt. Ltd.,2024-02,7.95,Tr_losses_Feb-2024.pdf,Telangana,https://www.tgtransco.com/user_uploads/trans_losses/Tr_losses_Feb-2024.pdf
ACME Nizamabad Solar Energy Pvt. Ltd,2024-02,8.5,Tr_losses_Feb-2024.pdf,Telangana,https://www.tgtransco.com/user_uploads/trans_losses/Tr_losses_Feb-2024.pdf
ACME PV Powertech Pvt. Ltd. (Sadasivpet),2024-02,8.47,Tr_losses_Feb-2024.pdf,Telangana,https://www.tgtransco.com/user_uploads/trans_losses/Tr_losses_Feb-2024.pdf
ACME Rangareddy Solar Power,2024-02,4.81,Tr_losses_Feb-2024.pdf,Telangana,https://www.tgtransco.com/user_uploads/trans_losses/Tr_losses_Feb-2024.pdf
ACME Solar Power Tech. Pvt. Ltd. (Bhongir),2024-02,8.5,Tr_losses_Feb-2024.pdf,Telangana,https://www.tgtransco.com/user_uploads/trans_losses/Tr_losses_Feb-2024.pdf
Azure Power India Pvt. Ltd. (solar),2024-02,18.37,Tr_losses_Feb-2024.pdf,Telangana,https://www.tgtransco.com/user_uploads/trans_losses/Tr_losses_Feb-2024.pdf
Clean Hero Wind Power,2024-02,3.86,Tr_losses_Feb-2024.pdf,Telangana,https://www.tgtransco.com/user_uploads/trans_losses/Tr_losses_Feb-2024.pdf
Clean Solar Power (Chittradurga) Pvt. Ltd,2024-02,5.41,Tr_losses_Feb-2024.pdf,Telangana,https://www.tgtransco.com/user_uploads/trans_losses/Tr_losses_Feb-2024.pdf
Clean solar,2024-02,4.9,Tr_losses_Feb-2024.pdf,Telangana,https://www.tgtransco.com/user_uploads/trans_losses/Tr_losses_Feb-2024.pdf
Dayakara Solar (P) Ltd.,2024-02,5.52,Tr_losses_Feb-2024.pdf,Telangana,https://www.tgtransco.com/user_uploads/trans_losses/Tr_losses_Feb-2024.pdf
Dinakar Solar,2024-02,4.24,Tr_losses_Feb-2024.pdf,Telangana,https://www.tgtransco.com/user_uploads/trans_losses/Tr_losses_Feb-2024.pdf
Divine Solren Pvt. ltd.,2024-02,7.78,Tr_losses_Feb-2024.pdf,Telangana,https://www.tgtransco.com/user_uploads/trans_losses/Tr_losses_Feb-2024.pdf
Energon Soleq Solar (Sadasivapet),2024-02,8.75,Tr_losses_Feb-2024.pdf,Telangana,https://www.tgtransco.com/user_uploads/trans_losses/Tr_losses_Feb-2024.pdf
Enrich (Solar),2024-02,7.63,Tr_losses_Feb-2024.pdf,Telangana,https://www.tgtransco.com/user_uploads/trans_losses/Tr_losses_Feb-2024.pdf
G.S.R.Sugars Pvt Ltd,2024-02,5.91,Tr_losses_Feb-2024.pdf,Telangana,https://www.tgtransco.com/user_uploads/trans_losses/Tr_losses_Feb-2024.pdf
Ganapathi Sugars Ltd.,2024-02,4.41,Tr_losses_Feb-2024.pdf,Telangana,https://www.tgtransco.com/user_uploads/trans_losses/Tr_losses_Feb-2024.pdf
Grahati Solar,2024-02,9.23,Tr_losses_Feb-2024.pdf,Telangana,https://www.tgtransco.com/user_uploads/trans_losses/Tr_losses_Feb-2024.pdf
Hyderabad MSW Energy Solutions PVT LTD,2024-02,13.18,Tr_losses_Feb-2024.pdf,Telangana,https://www.tgtransco.com/user_uploads/trans_losses/Tr_losses_Feb-2024.pdf
Jilesh Power Pvt. Ltd (Solar),2024-02,8.48,Tr_losses_Feb-2024.pdf,Telangana,https://www.tgtransco.com/user_uploads/trans_losses/Tr_losses_Feb-2024.pdf
Kakatiya Cement & Sugar Industries Ltd.,2024-02,-0.11,Tr_losses_Feb-2024.pdf,Telangana,https://www.tgtransco.com/user_uploads/trans_losses/Tr_losses_Feb-2024.pdf
Karvy Solar Pvt. Ltd. (Sadasivapet),2024-02,2.99,Tr_losses_Feb-2024.pdf,Telangana,https://www.tgtransco.com/user_uploads/trans_losses/Tr_losses_Feb-2024.pdf
Karvy solar (Mandamarry),2024-02,6.8,Tr_losses_Feb-2024.pdf,Telangana,https://www.tgtransco.com/user_uploads/trans_losses/Tr_losses_Feb-2024.pdf
My Home Power Ltd. (NGPL),2024-02,0.0,Tr_losses_Feb-2024.pdf,Telangana,https://www.tgtransco.com/user_uploads/trans_losses/Tr_losses_Feb-2024.pdf
Mytrah Agriya Power Pvt. Ltd. (Solar),2024-02,9.42,Tr_losses_Feb-2024.pdf,Telangana,https://www.tgtransco.com/user_uploads/trans_losses/Tr_losses_Feb-2024.pdf
Mytrah Agriya Power Pvt. Ltd. (solar) (Kamareddy),2024-02,7.87,Tr_losses_Feb-2024.pdf,Telangana,https://www.tgtransco.com/user_uploads/trans_losses/Tr_losses_Feb-2024.pdf
Mytrah Vayu (Godavari) Pvt. Ltd. (Wind),2024-02,15.37,Tr_losses_Feb-2024.pdf,Telangana,https://www.tgtransco.com/user_uploads/trans_losses/Tr_losses_Feb-2024.pdf
NEO Solren Pvt. Ltd. (solar),2024-02,6.3,Tr_losses_Feb-2024.pdf,Telangana,https://www.tgtransco.com/user_uploads/trans_losses/Tr_losses_Feb-2024.pdf
NTPC Solar power plant (10MW),2024-02,0.91,Tr_losses_Feb-2024.pdf,Telangana,https://www.tgtransco.com/user_uploads/trans_losses/Tr_losses_Feb-2024.pdf
Nizam Deccan Sugars Ltd,2024-02,0.0,Tr_losses_Feb-2024.pdf,Telangana,https://www.tgtransco.com/user_uploads/trans_losses/Tr_losses_Feb-2024.pdf
Param Pujya Solar Farms Ltd. Plant-I,2024-02,9.12,Tr_losses_Feb-2024.pdf,Telangana,https://www.tgtransco.com/user_uploads/trans_losses/Tr_losses_Feb-2024.pdf
Param Pujya Solar Farms Ltd. Plant-II,2024-02,9.36,Tr_losses_Feb-2024.pdf,Telangana,https://www.tgtransco.com/user_uploads/trans_losses/Tr_losses_Feb-2024.pdf
Polepally Solar Park,2024-02,4.16,Tr_losses_Feb-2024.pdf,Telangana,https://www.tgtransco.com/user_uploads/trans_losses/Tr_losses_Feb-2024.pdf
Prathamesh solar farms Ltd.,2024-02,9.54,Tr_losses_Feb-2024.pdf,Telangana,https://www.tgtransco.com/user_uploads/trans_losses/Tr_losses_Feb-2024.pdf
RDF Power Projects Pvt. Ltd.,2024-02,0.0,Tr_losses_Feb-2024.pdf,Telangana,https://www.tgtransco.com/user_uploads/trans_losses/Tr_losses_Feb-2024.pdf
Renew Mega Solar Pvt.Ltd,2024-02,7.28,Tr_losses_Feb-2024.pdf,Telangana,https://www.tgtransco.com/user_uploads/trans_losses/Tr_losses_Feb-2024.pdf
Renew Saurshakthi Pvt. Ltd.,2024-02,4.71,Tr_losses_Feb-2024.pdf,Telangana,https://www.tgtransco.com/user_uploads/trans_losses/Tr_losses_Feb-2024.pdf
Renew Solar Energy Pvt. Ltd. 220kV,2024-02,23.48,Tr_losses_Feb-2024.pdf,Telangana,https://www.tgtransco.com/user_uploads/trans_losses/Tr_losses_Feb-2024.pdf
Renew Solar Plant (Mdk. Dist.),2024-02,3.92,Tr_losses_Feb-2024.pdf,Telangana,https://www.tgtransco.com/user_uploads/trans_losses/Tr_losses_Feb-2024.pdf
Renew Solar Pvt Ltd. (Minpur),2024-02,10.68,Tr_losses_Feb-2024.pdf,Telangana,https://www.tgtransco.com/user_uploads/trans_losses/Tr_losses_Feb-2024.pdf
Renew Wind TN2 Solar,2024-02,18.75,Tr_losses_Feb-2024.pdf,Telangana,https://www.tgtransco.com/user_uploads/trans_losses/Tr_losses_Feb-2024.pdf
Renue Akshay Solar Plant,2024-02,16.38,Tr_losses_Feb-2024.pdf,Telangana,https://www.tgtransco.com/user_uploads/trans_losses/Tr_losses_Feb-2024.pdf
SLS Power Corp. Ltd. (Minihydel) 132KV,2024-02,1.78,Tr_losses_Feb-2024.pdf,Telangana,https://www.tgtransco.com/user_uploads/trans_losses/Tr_losses_Feb-2024.pdf
SUZLON Energy Ltd.,2024-02,19.14,Tr_losses_Feb-2024.pdf,Telangana,https://www.tgtransco.com/user_uploads/trans_losses/Tr_losses_Feb-2024.pdf
Shravana Power Projects Pvt. Ltd.,2024-02,-0.02,Tr_losses_Feb-2024.pdf,Telangana,https://www.tgtransco.com/user_uploads/trans_losses/Tr_losses_Feb-2024.pdf
Sky Power Southeast Asia III Ltd (Previously Sunshakthi solar,2024-02,8.44,Tr_losses_Feb-2024.pdf,Telangana,https://www.tgtransco.com/user_uploads/trans_losses/Tr_losses_Feb-2024.pdf
Sunborne Energy Tech. (P) Ltd. (Solar),2024-02,6.64,Tr_losses_Feb-2024.pdf,Telangana,https://www.tgtransco.com/user_uploads/trans_losses/Tr_losses_Feb-2024.pdf
Sunworld Solar Power Pvt. Ltd.,2024-02,4.78,Tr_losses_Feb-2024.pdf,Telangana,https://www.tgtransco.com/user_uploads/trans_losses/Tr_losses_Feb-2024.pdf
Suprasanna Solar,2024-02,3.36,Tr_losses_Feb-2024.pdf,Telangana,https://www.tgtransco.com/user_uploads/trans_losses/Tr_losses_Feb-2024.pdf
Suraj Kiran Solar Technologies (Mdk),2024-02,8.12,Tr_losses_Feb-2024.pdf,Telangana,https://www.tgtransco.com/user_uploads/trans_losses/Tr_losses_Feb-2024.pdf
Suraj Kiran solar (Nlg),2024-02,8.59,Tr_losses_Feb-2024.pdf,Telangana,https://www.tgtransco.com/user_uploads/trans_losses/Tr_losses_Feb-2024.pdf
Suryoday Energy Pvt. Ltd. (Shapoorji Pallonji)(Solar),2024-02,5.6,Tr_losses_Feb-2024.pdf,Telangana,https://www.tgtransco.com/user_uploads/trans_losses/Tr_losses_Feb-2024.pdf
Transform Sun Energy 220kV,2024-02,17.08,Tr_losses_Feb-2024.pdf,Telangana,https://www.tgtransco.com/user_uploads/trans_losses/Tr_losses_Feb-2024.pdf
Ujjvalatejas Solaire Urja Pvt. Ltd. (Solar),2024-02,3.23,Tr_losses_Feb-2024.pdf,Telangana,https://www.tgtransco.com/user_uploads/trans_losses/Tr_losses_Feb-2024.pdf
Vena Energy Solar Pvt Ltd (Previously Energon Soleq Pvt Ltd ),2024-02,8.76,Tr_losses_Feb-2024.pdf,Telangana,https://www.tgtransco.com/user_uploads/trans_losses/Tr_losses_Feb-2024.pdf
Winsol solar (Polepally),2024-02,2.71,Tr_losses_Feb-2024.pdf,Telangana,https://www.tgtransco.com/user_uploads/trans_losses/Tr_losses_Feb-2024.pdf
Winsol solar (Tandur),2024-02,8.76,Tr_losses_Feb-2024.pdf,Telangana,https://www.tgtransco.com/user_uploads/trans_losses/Tr_losses_Feb-2024.pdf
Zuka Solar,2024-02,9.85,Tr_losses_Feb-2024.pdf,Telangana,https://www.tgtransco.com/user_uploads/trans_losses/Tr_losses_Feb-2024.pdf
TSGENCO-THERMAL 2392.31 TSSPDCL,2023-01,4636.66,Tr_losses_Jan-2023.pdf,Telangana,https://www.tgtransco.com/user_uploads/trans_losses/Tr_losses_Jan-2023.pdf
TSGENCO-HYDEL 177.45 TSNPDCL,2023-01,2114.32,Tr_losses_Jan-2023.pdf,Telangana,https://www.tgtransco.com/user_uploads/trans_losses/Tr_losses_Jan-2023.pdf
132kv Laxmi Tulasi,2023-01,0.01,Tr_losses_Jan-2023.pdf,Telangana,https://www.tgtransco.com/user_uploads/trans_losses/Tr_losses_Jan-2023.pdf
132 kV Orient Cement,2023-01,0.64,Tr_losses_Jan-2023.pdf,Telangana,https://www.tgtransco.com/user_uploads/trans_losses/Tr_losses_Jan-2023.pdf
220KV Navabharat Energy India Ltd (NBEIL)-I,2023-01,0.0,Tr_losses_Jan-2023.pdf,Telangana,https://www.tgtransco.com/user_uploads/trans_losses/Tr_losses_Jan-2023.pdf
220KV Navabharat Energy India Ltd (NBEIL)-II,2023-01,0.0,Tr_losses_Jan-2023.pdf,Telangana,https://www.tgtransco.com/user_uploads/trans_losses/Tr_losses_Jan-2023.pdf
132KV Penna Power-I,2023-01,0.0,Tr_losses_Jan-2023.pdf,Telangana,https://www.tgtransco.com/user_uploads/trans_losses/Tr_losses_Jan-2023.pdf
132KV Penna Power-II,2023-01,0.0,Tr_losses_Jan-2023.pdf,Telangana,https://www.tgtransco.com/user_uploads/trans_losses/Tr_losses_Jan-2023.pdf
132KV Deccan Cements,2023-01,0.01,Tr_losses_Jan-2023.pdf,Telangana,https://www.tgtransco.com/user_uploads/trans_losses/Tr_losses_Jan-2023.pdf
132 kV Madhucon,2023-01,7.53,Tr_losses_Jan-2023.pdf,Telangana,https://www.tgtransco.com/user_uploads/trans_losses/Tr_losses_Jan-2023.pdf
132kv SCCL 30MW Solar Plant (Manuguru),2023-01,3.78,Tr_losses_Jan-2023.pdf,Telangana,https://www.tgtransco.com/user_uploads/trans_losses/Tr_losses_Jan-2023.pdf
132kV PSR Green Power Proj. pvt. Ltd.,2023-01,0.0,Tr_losses_Jan-2023.pdf,Telangana,https://www.tgtransco.com/user_uploads/trans_losses/Tr_losses_Jan-2023.pdf
220KV RFCL,2023-01,0.01,Tr_losses_Jan-2023.pdf,Telangana,https://www.tgtransco.com/user_uploads/trans_losses/Tr_losses_Jan-2023.pdf
132 kV Kesoram,2023-01,0.0,Tr_losses_Jan-2023.pdf,Telangana,https://www.tgtransco.com/user_uploads/trans_losses/Tr_losses_Jan-2023.pdf
132 kV Sitapuram Power Limited,2023-01,0.01,Tr_losses_Jan-2023.pdf,Telangana,https://www.tgtransco.com/user_uploads/trans_losses/Tr_losses_Jan-2023.pdf
132 kV Anjaini Port Land Cement,2023-01,0.93,Tr_losses_Jan-2023.pdf,Telangana,https://www.tgtransco.com/user_uploads/trans_losses/Tr_losses_Jan-2023.pdf
132kv SCCL 37 MW Solar Plant (Sitharampatnam),2023-01,5.75,Tr_losses_Jan-2023.pdf,Telangana,https://www.tgtransco.com/user_uploads/trans_losses/Tr_losses_Jan-2023.pdf
132 kV Sitaramapatnam - BPBL,2023-01,0.02,Tr_losses_Jan-2023.pdf,Telangana,https://www.tgtransco.com/user_uploads/trans_losses/Tr_losses_Jan-2023.pdf
132kV Krishnaveni Sugars Ltd,2023-01,6.59,Tr_losses_Jan-2023.pdf,Telangana,https://www.tgtransco.com/user_uploads/trans_losses/Tr_losses_Jan-2023.pdf
132 kV My Home Industries Limited,2023-01,1.22,Tr_losses_Jan-2023.pdf,Telangana,https://www.tgtransco.com/user_uploads/trans_losses/Tr_losses_Jan-2023.pdf
132 kV ICL (Rassi Cements),2023-01,0.0,Tr_losses_Jan-2023.pdf,Telangana,https://www.tgtransco.com/user_uploads/trans_losses/Tr_losses_Jan-2023.pdf
132 kV Bharat Electronics Ltd. (solar),2023-01,1.08,Tr_losses_Jan-2023.pdf,Telangana,https://www.tgtransco.com/user_uploads/trans_losses/Tr_losses_Jan-2023.pdf
132kv SCCL Solar Power Plant (Yellandu),2023-01,4.64,Tr_losses_Jan-2023.pdf,Telangana,https://www.tgtransco.com/user_uploads/trans_losses/Tr_losses_Jan-2023.pdf
ACME Medak Solar energy Pvt. Ltd.,2023-01,8.52,Tr_losses_Jan-2023.pdf,Telangana,https://www.tgtransco.com/user_uploads/trans_losses/Tr_losses_Jan-2023.pdf
ACME Nizamabad Solar Energy Pvt. Ltd,2023-01,7.98,Tr_losses_Jan-2023.pdf,Telangana,https://www.tgtransco.com/user_uploads/trans_losses/Tr_losses_Jan-2023.pdf
ACME PV Powertech Pvt. Ltd. (Sadasivpet),2023-01,9.23,Tr_losses_Jan-2023.pdf,Telangana,https://www.tgtransco.com/user_uploads/trans_losses/Tr_losses_Jan-2023.pdf
ACME Rangareddy Solar Power,2023-01,5.03,Tr_losses_Jan-2023.pdf,Telangana,https://www.tgtransco.com/user_uploads/trans_losses/Tr_losses_Jan-2023.pdf
ACME Solar Power Tech. Pvt. Ltd. (Bhongir),2023-01,9.34,Tr_losses_Jan-2023.pdf,Telangana,https://www.tgtransco.com/user_uploads/trans_losses/Tr_losses_Jan-2023.pdf
Azure Power India Pvt. Ltd. (solar),2023-01,19.4,Tr_losses_Jan-2023.pdf,Telangana,https://www.tgtransco.com/user_uploads/trans_losses/Tr_losses_Jan-2023.pdf
Clean Hero Wind Power,2023-01,4.3,Tr_losses_Jan-2023.pdf,Telangana,https://www.tgtransco.com/user_uploads/trans_losses/Tr_losses_Jan-2023.pdf
Clean Solar Power (Chittradurga) Pvt. Ltd,2023-01,5.48,Tr_losses_Jan-2023.pdf,Telangana,https://www.tgtransco.com/user_uploads/trans_losses/Tr_losses_Jan-2023.pdf
Clean solar,2023-01,4.93,Tr_losses_Jan-2023.pdf,Telangana,https://www.tgtransco.com/user_uploads/trans_losses/Tr_losses_Jan-2023.pdf
Dayakara Solar (P) Ltd.,2023-01,5.77,Tr_losses_Jan-2023.pdf,Telangana,https://www.tgtransco.com/user_uploads/trans_losses/Tr_losses_Jan-2023.pdf
Dinakar Solar,2023-01,4.02,Tr_losses_Jan-2023.pdf,Telangana,https://www.tgtransco.com/user_uploads/trans_losses/Tr_losses_Jan-2023.pdf
Divine Solren Pvt. ltd.,2023-01,7.92,Tr_losses_Jan-2023.pdf,Telangana,https://www.tgtransco.com/user_uploads/trans_losses/Tr_losses_Jan-2023.pdf
Vena Energy Solar Pvt Ltd (Previously Energon Soleq Pvt Ltd ),2023-01,8.82,Tr_losses_Jan-2023.pdf,Telangana,https://www.tgtransco.com/user_uploads/trans_losses/Tr_losses_Jan-2023.pdf
Energon Soleq Solar (Sadasivapet),2023-01,8.91,Tr_losses_Jan-2023.pdf,Telangana,https://www.tgtransco.com/user_uploads/trans_losses/Tr_losses_Jan-2023.pdf
Enrich (Solar),2023-01,8.42,Tr_losses_Jan-2023.pdf,Telangana,https://www.tgtransco.com/user_uploads/trans_losses/Tr_losses_Jan-2023.pdf
G.S.R.Sugars Pvt Ltd,2023-01,6.39,Tr_losses_Jan-2023.pdf,Telangana,https://www.tgtransco.com/user_uploads/trans_losses/Tr_losses_Jan-2023.pdf
Ganapathi Sugars Ltd.,2023-01,4.51,Tr_losses_Jan-2023.pdf,Telangana,https://www.tgtransco.com/user_uploads/trans_losses/Tr_losses_Jan-2023.pdf
Grahati Solar,2023-01,9.35,Tr_losses_Jan-2023.pdf,Telangana,https://www.tgtransco.com/user_uploads/trans_losses/Tr_losses_Jan-2023.pdf
Hyderabad MSW Energy Solutions PVT LTD,2023-01,14.32,Tr_losses_Jan-2023.pdf,Telangana,https://www.tgtransco.com/user_uploads/trans_losses/Tr_losses_Jan-2023.pdf
Jilesh Power Pvt. Ltd (Solar),2023-01,8.73,Tr_losses_Jan-2023.pdf,Telangana,https://www.tgtransco.com/user_uploads/trans_losses/Tr_losses_Jan-2023.pdf
Kakatiya Cement & Sugar Industries Ltd.,2023-01,1.51,Tr_losses_Jan-2023.pdf,Telangana,https://www.tgtransco.com/user_uploads/trans_losses/Tr_losses_Jan-2023.pdf
Karvy Solar Pvt. Ltd. (Sadasivapet),2023-01,2.79,Tr_losses_Jan-2023.pdf,Telangana,https://www.tgtransco.com/user_uploads/trans_losses/Tr_losses_Jan-2023.pdf
Karvy solar (Mandamarry),2023-01,7.27,Tr_losses_Jan-2023.pdf,Telangana,https://www.tgtransco.com/user_uploads/trans_losses/Tr_losses_Jan-2023.pdf
My Home Power Ltd. (NGPL),2023-01,0.0,Tr_losses_Jan-2023.pdf,Telangana,https://www.tgtransco.com/user_uploads/trans_losses/Tr_losses_Jan-2023.pdf
Mytrah Agriya Power Pvt. Ltd. (Solar),2023-01,9.51,Tr_losses_Jan-2023.pdf,Telangana,https://www.tgtransco.com/user_uploads/trans_losses/Tr_losses_Jan-2023.pdf
Mytrah Agriya Power Pvt. Ltd. (solar) (Kamareddy),2023-01,9.3,Tr_losses_Jan-2023.pdf,Telangana,https://www.tgtransco.com/user_uploads/trans_losses/Tr_losses_Jan-2023.pdf
Mytrah Vayu (Godavari) Pvt. Ltd. (Wind),2023-01,16.83,Tr_losses_Jan-2023.pdf,Telangana,https://www.tgtransco.com/user_uploads/trans_losses/Tr_losses_Jan-2023.pdf
NEO Solren Pvt. Ltd. (solar),2023-01,5.51,Tr_losses_Jan-2023.pdf,Telangana,https://www.tgtransco.com/user_uploads/trans_losses/Tr_losses_Jan-2023.pdf
NTPC Solar power plant (10MW),2023-01,1.12,Tr_losses_Jan-2023.pdf,Telangana,https://www.tgtransco.com/user_uploads/trans_losses/Tr_losses_Jan-2023.pdf
Nizam Deccan Sugars Ltd,2023-01,0.0,Tr_losses_Jan-2023.pdf,Telangana,https://www.tgtransco.com/user_uploads/trans_losses/Tr_losses_Jan-2023.pdf
Param Pujya Solar Farms Ltd. Plant-I,2023-01,9.98,Tr_losses_Jan-2023.pdf,Telangana,https://www.tgtransco.com/user_uploads/trans_losses/Tr_losses_Jan-2023.pdf
Param Pujya Solar Farms Ltd. Plant-II,2023-01,9.72,Tr_losses_Jan-2023.pdf,Telangana,https://www.tgtransco.com/user_uploads/trans_losses/Tr_losses_Jan-2023.pdf
Polepally Solar Park,2023-01,4.1,Tr_losses_Jan-2023.pdf,Telangana,https://www.tgtransco.com/user_uploads/trans_losses/Tr_losses_Jan-2023.pdf
Prathamesh solar farms Ltd.,2023-01,9.91,Tr_losses_Jan-2023.pdf,Telangana,https://www.tgtransco.com/user_uploads/trans_losses/Tr_losses_Jan-2023.pdf
RDF Power Projects Pvt. Ltd.,2023-01,0.0,Tr_losses_Jan-2023.pdf,Telangana,https://www.tgtransco.com/user_uploads/trans_losses/Tr_losses_Jan-2023.pdf
Renew Mega Solar Pvt.Ltd,2023-01,7.39,Tr_losses_Jan-2023.pdf,Telangana,https://www.tgtransco.com/user_uploads/trans_losses/Tr_losses_Jan-2023.pdf
Renew Saurshakthi Pvt. Ltd.,2023-01,4.68,Tr_losses_Jan-2023.pdf,Telangana,https://www.tgtransco.com/user_uploads/trans_losses/Tr_losses_Jan-2023.pdf
Renew Solar Energy Pvt. Ltd. 220kV,2023-01,23.59,Tr_losses_Jan-2023.pdf,Telangana,https://www.tgtransco.com/user_uploads/trans_losses/Tr_losses_Jan-2023.pdf
Renew Solar Plant (Mdk. Dist.),2023-01,3.92,Tr_losses_Jan-2023.pdf,Telangana,https://www.tgtransco.com/user_uploads/trans_losses/Tr_losses_Jan-2023.pdf
Renew Solar Pvt Ltd. (Minpur),2023-01,10.86,Tr_losses_Jan-2023.pdf,Telangana,https://www.tgtransco.com/user_uploads/trans_losses/Tr_losses_Jan-2023.pdf
Renew Wind TN2 Solar,2023-01,19.12,Tr_losses_Jan-2023.pdf,Telangana,https://www.tgtransco.com/user_uploads/trans_losses/Tr_losses_Jan-2023.pdf
Renue Akshay Solar Plant,2023-01,16.63,Tr_losses_Jan-2023.pdf,Telangana,https://www.tgtransco.com/user_uploads/trans_losses/Tr_losses_Jan-2023.pdf
SLS Power Corp. Ltd. (Minihydel) 132KV,2023-01,0.38,Tr_losses_Jan-2023.pdf,Telangana,https://www.tgtransco.com/user_uploads/trans_losses/Tr_losses_Jan-2023.pdf
SUZLON Energy Ltd.,2023-01,18.21,Tr_losses_Jan-2023.pdf,Telangana,https://www.tgtransco.com/user_uploads/trans_losses/Tr_losses_Jan-2023.pdf
Shravana Power Projects Pvt. Ltd.,2023-01,-0.02,Tr_losses_Jan-2023.pdf,Telangana,https://www.tgtransco.com/user_uploads/trans_losses/Tr_losses_Jan-2023.pdf
pvt. Ltd.),2023-01,7.99,Tr_losses_Jan-2023.pdf,Telangana,https://www.tgtransco.com/user_uploads/trans_losses/Tr_losses_Jan-2023.pdf
Sunborne Energy Tech. (P) Ltd. (Solar),2023-01,7.07,Tr_losses_Jan-2023.pdf,Telangana,https://www.tgtransco.com/user_uploads/trans_losses/Tr_losses_Jan-2023.pdf
Sunworld Solar Power Pvt. Ltd.,2023-01,5.08,Tr_losses_Jan-2023.pdf,Telangana,https://www.tgtransco.com/user_uploads/trans_losses/Tr_losses_Jan-2023.pdf
Suprasanna Solar,2023-01,3.59,Tr_losses_Jan-2023.pdf,Telangana,https://www.tgtransco.com/user_uploads/trans_losses/Tr_losses_Jan-2023.pdf
Suraj Kiran Solar Technologies (Mdk),2023-01,8.16,Tr_losses_Jan-2023.pdf,Telangana,https://www.tgtransco.com/user_uploads/trans_losses/Tr_losses_Jan-2023.pdf
Suraj Kiran solar (Nlg),2023-01,8.36,Tr_losses_Jan-2023.pdf,Telangana,https://www.tgtransco.com/user_uploads/trans_losses/Tr_losses_Jan-2023.pdf
Suryoday Energy Pvt. Ltd. (Shapoorji Pallonji)(Solar),2023-01,5.65,Tr_losses_Jan-2023.pdf,Telangana,https://www.tgtransco.com/user_uploads/trans_losses/Tr_losses_Jan-2023.pdf
Transform Sun Energy 220kV,2023-01,16.7,Tr_losses_Jan-2023.pdf,Telangana,https://www.tgtransco.com/user_uploads/trans_losses/Tr_losses_Jan-2023.pdf
Ujjvalatejas Solaire Urja Pvt. Ltd. (Solar),2023-01,3.33,Tr_losses_Jan-2023.pdf,Telangana,https://www.tgtransco.com/user_uploads/trans_losses/Tr_losses_Jan-2023.pdf
Winsol solar (Polepally),2023-01,2.66,Tr_losses_Jan-2023.pdf,Telangana,https://www.tgtransco.com/user_uploads/trans_losses/Tr_losses_Jan-2023.pdf
Winsol solar (Tandur),2023-01,8.97,Tr_losses_Jan-2023.pdf,Telangana,https://www.tgtransco.com/user_uploads/trans_losses/Tr_losses_Jan-2023.pdf
Zuka Solar,2023-01,9.96,Tr_losses_Jan-2023.pdf,Telangana,https://www.tgtransco.com/user_uploads/trans_losses/Tr_losses_Jan-2023.pdf
TSGENCO-THERMAL 2370.20 TSSPDCL,2024-01,4997.29,Tr_losses_Jan-2024.pdf,Telangana,https://www.tgtransco.com/user_uploads/trans_losses/Tr_losses_Jan-2024.pdf
TSGENCO-HYDEL 95.88 TSNPDCL,2024-01,2262.35,Tr_losses_Jan-2024.pdf,Telangana,https://www.tgtransco.com/user_uploads/trans_losses/Tr_losses_Jan-2024.pdf
132kv Laxmi Tulasi,2024-01,0.07,Tr_losses_Jan-2024.pdf,Telangana,https://www.tgtransco.com/user_uploads/trans_losses/Tr_losses_Jan-2024.pdf
132 kV Orient Cement,2024-01,1.54,Tr_losses_Jan-2024.pdf,Telangana,https://www.tgtransco.com/user_uploads/trans_losses/Tr_losses_Jan-2024.pdf
220KV Navabharat Energy India Ltd (NBEIL)-I,2024-01,11.78,Tr_losses_Jan-2024.pdf,Telangana,https://www.tgtransco.com/user_uploads/trans_losses/Tr_losses_Jan-2024.pdf
220KV Navabharat Energy India Ltd (NBEIL)-II,2024-01,11.82,Tr_losses_Jan-2024.pdf,Telangana,https://www.tgtransco.com/user_uploads/trans_losses/Tr_losses_Jan-2024.pdf
132KV Penna Power-I,2024-01,0.0,Tr_losses_Jan-2024.pdf,Telangana,https://www.tgtransco.com/user_uploads/trans_losses/Tr_losses_Jan-2024.pdf
132KV Penna Power-II,2024-01,0.0,Tr_losses_Jan-2024.pdf,Telangana,https://www.tgtransco.com/user_uploads/trans_losses/Tr_losses_Jan-2024.pdf
132KV Deccan Cements,2024-01,0.0,Tr_losses_Jan-2024.pdf,Telangana,https://www.tgtransco.com/user_uploads/trans_losses/Tr_losses_Jan-2024.pdf
132 kV Madhucon,2024-01,5.66,Tr_losses_Jan-2024.pdf,Telangana,https://www.tgtransco.com/user_uploads/trans_losses/Tr_losses_Jan-2024.pdf
132kv SCCL 30MW Solar Plant (Manuguru),2024-01,3.39,Tr_losses_Jan-2024.pdf,Telangana,https://www.tgtransco.com/user_uploads/trans_losses/Tr_losses_Jan-2024.pdf
132kV PSR Green Power Proj. pvt. Ltd.,2024-01,0.0,Tr_losses_Jan-2024.pdf,Telangana,https://www.tgtransco.com/user_uploads/trans_losses/Tr_losses_Jan-2024.pdf
220KV RFCL,2024-01,0.0,Tr_losses_Jan-2024.pdf,Telangana,https://www.tgtransco.com/user_uploads/trans_losses/Tr_losses_Jan-2024.pdf
132 kV Kesoram,2024-01,0.0,Tr_losses_Jan-2024.pdf,Telangana,https://www.tgtransco.com/user_uploads/trans_losses/Tr_losses_Jan-2024.pdf
132 kV Sitapuram Power Limited,2024-01,0.01,Tr_losses_Jan-2024.pdf,Telangana,https://www.tgtransco.com/user_uploads/trans_losses/Tr_losses_Jan-2024.pdf
132 kV Anjaini Port Land Cement,2024-01,0.0,Tr_losses_Jan-2024.pdf,Telangana,https://www.tgtransco.com/user_uploads/trans_losses/Tr_losses_Jan-2024.pdf
132kv SCCL 37 MW Solar Plant (Sitharampatnam),2024-01,5.07,Tr_losses_Jan-2024.pdf,Telangana,https://www.tgtransco.com/user_uploads/trans_losses/Tr_losses_Jan-2024.pdf
132 kV Sitaramapatnam - BPBL,2024-01,0.1,Tr_losses_Jan-2024.pdf,Telangana,https://www.tgtransco.com/user_uploads/trans_losses/Tr_losses_Jan-2024.pdf
132kV Krishnaveni Sugars Ltd,2024-01,5.03,Tr_losses_Jan-2024.pdf,Telangana,https://www.tgtransco.com/user_uploads/trans_losses/Tr_losses_Jan-2024.pdf
132 kV My Home Industries Limited,2024-01,0.03,Tr_losses_Jan-2024.pdf,Telangana,https://www.tgtransco.com/user_uploads/trans_losses/Tr_losses_Jan-2024.pdf
132 kV ICL (Rassi Cements),2024-01,0.0,Tr_losses_Jan-2024.pdf,Telangana,https://www.tgtransco.com/user_uploads/trans_losses/Tr_losses_Jan-2024.pdf
132 kV Bharat Electronics Ltd. (solar),2024-01,1.78,Tr_losses_Jan-2024.pdf,Telangana,https://www.tgtransco.com/user_uploads/trans_losses/Tr_losses_Jan-2024.pdf
132kv SCCL Solar Power Plant (Yellandu),2024-01,4.3,Tr_losses_Jan-2024.pdf,Telangana,https://www.tgtransco.com/user_uploads/trans_losses/Tr_losses_Jan-2024.pdf
ACME Medak Solar energy Pvt. Ltd.,2024-01,7.58,Tr_losses_Jan-2024.pdf,Telangana,https://www.tgtransco.com/user_uploads/trans_losses/Tr_losses_Jan-2024.pdf
ACME Nizamabad Solar Energy Pvt. Ltd,2024-01,7.99,Tr_losses_Jan-2024.pdf,Telangana,https://www.tgtransco.com/user_uploads/trans_losses/Tr_losses_Jan-2024.pdf
ACME PV Powertech Pvt. Ltd. (Sadasivpet),2024-01,8.5,Tr_losses_Jan-2024.pdf,Telangana,https://www.tgtransco.com/user_uploads/trans_losses/Tr_losses_Jan-2024.pdf
ACME Rangareddy Solar Power,2024-01,4.48,Tr_losses_Jan-2024.pdf,Telangana,https://www.tgtransco.com/user_uploads/trans_losses/Tr_losses_Jan-2024.pdf
ACME Solar Power Tech. Pvt. Ltd. (Bhongir),2024-01,7.98,Tr_losses_Jan-2024.pdf,Telangana,https://www.tgtransco.com/user_uploads/trans_losses/Tr_losses_Jan-2024.pdf
Azure Power India Pvt. Ltd. (solar),2024-01,17.48,Tr_losses_Jan-2024.pdf,Telangana,https://www.tgtransco.com/user_uploads/trans_losses/Tr_losses_Jan-2024.pdf
Clean Hero Wind Power,2024-01,4.37,Tr_losses_Jan-2024.pdf,Telangana,https://www.tgtransco.com/user_uploads/trans_losses/Tr_losses_Jan-2024.pdf
Clean Solar Power (Chittradurga) Pvt. Ltd,2024-01,4.74,Tr_losses_Jan-2024.pdf,Telangana,https://www.tgtransco.com/user_uploads/trans_losses/Tr_losses_Jan-2024.pdf
Clean solar,2024-01,4.61,Tr_losses_Jan-2024.pdf,Telangana,https://www.tgtransco.com/user_uploads/trans_losses/Tr_losses_Jan-2024.pdf
Dayakara Solar (P) Ltd.,2024-01,5.06,Tr_losses_Jan-2024.pdf,Telangana,https://www.tgtransco.com/user_uploads/trans_losses/Tr_losses_Jan-2024.pdf
Dinakar Solar,2024-01,3.71,Tr_losses_Jan-2024.pdf,Telangana,https://www.tgtransco.com/user_uploads/trans_losses/Tr_losses_Jan-2024.pdf
Divine Solren Pvt. ltd.,2024-01,7.15,Tr_losses_Jan-2024.pdf,Telangana,https://www.tgtransco.com/user_uploads/trans_losses/Tr_losses_Jan-2024.pdf
Energon Soleq Solar (Sadasivapet),2024-01,8.39,Tr_losses_Jan-2024.pdf,Telangana,https://www.tgtransco.com/user_uploads/trans_losses/Tr_losses_Jan-2024.pdf
Enrich (Solar),2024-01,7.28,Tr_losses_Jan-2024.pdf,Telangana,https://www.tgtransco.com/user_uploads/trans_losses/Tr_losses_Jan-2024.pdf
G.S.R.Sugars Pvt Ltd,2024-01,5.89,Tr_losses_Jan-2024.pdf,Telangana,https://www.tgtransco.com/user_uploads/trans_losses/Tr_losses_Jan-2024.pdf
Ganapathi Sugars Ltd.,2024-01,3.85,Tr_losses_Jan-2024.pdf,Telangana,https://www.tgtransco.com/user_uploads/trans_losses/Tr_losses_Jan-2024.pdf
Grahati Solar,2024-01,8.51,Tr_losses_Jan-2024.pdf,Telangana,https://www.tgtransco.com/user_uploads/trans_losses/Tr_losses_Jan-2024.pdf
Hyderabad MSW Energy Solutions PVT LTD,2024-01,13.25,Tr_losses_Jan-2024.pdf,Telangana,https://www.tgtransco.com/user_uploads/trans_losses/Tr_losses_Jan-2024.pdf
Jilesh Power Pvt. Ltd (Solar),2024-01,7.8,Tr_losses_Jan-2024.pdf,Telangana,https://www.tgtransco.com/user_uploads/trans_losses/Tr_losses_Jan-2024.pdf
Kakatiya Cement & Sugar Industries Ltd.,2024-01,-0.01,Tr_losses_Jan-2024.pdf,Telangana,https://www.tgtransco.com/user_uploads/trans_losses/Tr_losses_Jan-2024.pdf
Karvy Solar Pvt. Ltd. (Sadasivapet),2024-01,2.64,Tr_losses_Jan-2024.pdf,Telangana,https://www.tgtransco.com/user_uploads/trans_losses/Tr_losses_Jan-2024.pdf
Karvy solar (Mandamarry),2024-01,6.57,Tr_losses_Jan-2024.pdf,Telangana,https://www.tgtransco.com/user_uploads/trans_losses/Tr_losses_Jan-2024.pdf
My Home Power Ltd. (NGPL),2024-01,0.0,Tr_losses_Jan-2024.pdf,Telangana,https://www.tgtransco.com/user_uploads/trans_losses/Tr_losses_Jan-2024.pdf
Mytrah Agriya Power Pvt. Ltd. (Solar),2024-01,8.71,Tr_losses_Jan-2024.pdf,Telangana,https://www.tgtransco.com/user_uploads/trans_losses/Tr_losses_Jan-2024.pdf
Mytrah Agriya Power Pvt. Ltd. (solar) (Kamareddy),2024-01,6.5,Tr_losses_Jan-2024.pdf,Telangana,https://www.tgtransco.com/user_uploads/trans_losses/Tr_losses_Jan-2024.pdf
Mytrah Vayu (Godavari) Pvt. Ltd. (Wind),2024-01,18.18,Tr_losses_Jan-2024.pdf,Telangana,https://www.tgtransco.com/user_uploads/trans_losses/Tr_losses_Jan-2024.pdf
NEO Solren Pvt. Ltd. (solar),2024-01,5.5,Tr_losses_Jan-2024.pdf,Telangana,https://www.tgtransco.com/user_uploads/trans_losses/Tr_losses_Jan-2024.pdf
NTPC Solar power plant (10MW),2024-01,0.85,Tr_losses_Jan-2024.pdf,Telangana,https://www.tgtransco.com/user_uploads/trans_losses/Tr_losses_Jan-2024.pdf
Nizam Deccan Sugars Ltd,2024-01,0.0,Tr_losses_Jan-2024.pdf,Telangana,https://www.tgtransco.com/user_uploads/trans_losses/Tr_losses_Jan-2024.pdf
Param Pujya Solar Farms Ltd. Plant-I,2024-01,8.07,Tr_losses_Jan-2024.pdf,Telangana,https://www.tgtransco.com/user_uploads/trans_losses/Tr_losses_Jan-2024.pdf
Param Pujya Solar Farms Ltd. Plant-II,2024-01,7.75,Tr_losses_Jan-2024.pdf,Telangana,https://www.tgtransco.com/user_uploads/trans_losses/Tr_losses_Jan-2024.pdf
Polepally Solar Park,2024-01,3.8,Tr_losses_Jan-2024.pdf,Telangana,https://www.tgtransco.com/user_uploads/trans_losses/Tr_losses_Jan-2024.pdf
Prathamesh solar farms Ltd.,2024-01,8.85,Tr_losses_Jan-2024.pdf,Telangana,https://www.tgtransco.com/user_uploads/trans_losses/Tr_losses_Jan-2024.pdf
RDF Power Projects Pvt. Ltd.,2024-01,0.0,Tr_losses_Jan-2024.pdf,Telangana,https://www.tgtransco.com/user_uploads/trans_losses/Tr_losses_Jan-2024.pdf
Renew Mega Solar Pvt.Ltd,2024-01,6.43,Tr_losses_Jan-2024.pdf,Telangana,https://www.tgtransco.com/user_uploads/trans_losses/Tr_losses_Jan-2024.pdf
Renew Saurshakthi Pvt. Ltd.,2024-01,4.11,Tr_losses_Jan-2024.pdf,Telangana,https://www.tgtransco.com/user_uploads/trans_losses/Tr_losses_Jan-2024.pdf
Renew Solar Energy Pvt. Ltd. 220kV,2024-01,20.92,Tr_losses_Jan-2024.pdf,Telangana,https://www.tgtransco.com/user_uploads/trans_losses/Tr_losses_Jan-2024.pdf
Renew Solar Plant (Mdk. Dist.),2024-01,3.73,Tr_losses_Jan-2024.pdf,Telangana,https://www.tgtransco.com/user_uploads/trans_losses/Tr_losses_Jan-2024.pdf
Renew Solar Pvt Ltd. (Minpur),2024-01,9.21,Tr_losses_Jan-2024.pdf,Telangana,https://www.tgtransco.com/user_uploads/trans_losses/Tr_losses_Jan-2024.pdf
Renew Wind TN2 Solar,2024-01,17.4,Tr_losses_Jan-2024.pdf,Telangana,https://www.tgtransco.com/user_uploads/trans_losses/Tr_losses_Jan-2024.pdf
Renue Akshay Solar Plant,2024-01,15.05,Tr_losses_Jan-2024.pdf,Telangana,https://www.tgtransco.com/user_uploads/trans_losses/Tr_losses_Jan-2024.pdf
SLS Power Corp. Ltd. (Minihydel) 132KV,2024-01,2.75,Tr_losses_Jan-2024.pdf,Telangana,https://www.tgtransco.com/user_uploads/trans_losses/Tr_losses_Jan-2024.pdf
SUZLON Energy Ltd.,2024-01,16.5,Tr_losses_Jan-2024.pdf,Telangana,https://www.tgtransco.com/user_uploads/trans_losses/Tr_losses_Jan-2024.pdf
Shravana Power Projects Pvt. Ltd.,2024-01,-0.02,Tr_losses_Jan-2024.pdf,Telangana,https://www.tgtransco.com/user_uploads/trans_losses/Tr_losses_Jan-2024.pdf
Sky Power Southeast Asia III Ltd (Previously Sunshakthi solar,2024-01,7.49,Tr_losses_Jan-2024.pdf,Telangana,https://www.tgtransco.com/user_uploads/trans_losses/Tr_losses_Jan-2024.pdf
Sunborne Energy Tech. (P) Ltd. (Solar),2024-01,6.23,Tr_losses_Jan-2024.pdf,Telangana,https://www.tgtransco.com/user_uploads/trans_losses/Tr_losses_Jan-2024.pdf
Sunworld Solar Power Pvt. Ltd.,2024-01,4.46,Tr_losses_Jan-2024.pdf,Telangana,https://www.tgtransco.com/user_uploads/trans_losses/Tr_losses_Jan-2024.pdf
Suprasanna Solar,2024-01,3.28,Tr_losses_Jan-2024.pdf,Telangana,https://www.tgtransco.com/user_uploads/trans_losses/Tr_losses_Jan-2024.pdf
Suraj Kiran Solar Technologies (Mdk),2024-01,7.2,Tr_losses_Jan-2024.pdf,Telangana,https://www.tgtransco.com/user_uploads/trans_losses/Tr_losses_Jan-2024.pdf
Suraj Kiran solar (Nlg),2024-01,7.05,Tr_losses_Jan-2024.pdf,Telangana,https://www.tgtransco.com/user_uploads/trans_losses/Tr_losses_Jan-2024.pdf
Suryoday Energy Pvt. Ltd. (Shapoorji Pallonji)(Solar),2024-01,5.18,Tr_losses_Jan-2024.pdf,Telangana,https://www.tgtransco.com/user_uploads/trans_losses/Tr_losses_Jan-2024.pdf
Transform Sun Energy 220kV,2024-01,15.79,Tr_losses_Jan-2024.pdf,Telangana,https://www.tgtransco.com/user_uploads/trans_losses/Tr_losses_Jan-2024.pdf
Ujjvalatejas Solaire Urja Pvt. Ltd. (Solar),2024-01,3.03,Tr_losses_Jan-2024.pdf,Telangana,https://www.tgtransco.com/user_uploads/trans_losses/Tr_losses_Jan-2024.pdf
Vena Energy Solar Pvt Ltd (Previously Energon Soleq Pvt Ltd ),2024-01,8.07,Tr_losses_Jan-2024.pdf,Telangana,https://www.tgtransco.com/user_uploads/trans_losses/Tr_losses_Jan-2024.pdf
Winsol solar (Polepally),2024-01,2.46,Tr_losses_Jan-2024.pdf,Telangana,https://www.tgtransco.com/user_uploads/trans_losses/Tr_losses_Jan-2024.pdf
Winsol solar (Tandur),2024-01,8.22,Tr_losses_Jan-2024.pdf,Telangana,https://www.tgtransco.com/user_uploads/trans_losses/Tr_losses_Jan-2024.pdf
Zuka Solar,2024-01,9.04,Tr_losses_Jan-2024.pdf,Telangana,https://www.tgtransco.com/user_uploads/trans_losses/Tr_losses_Jan-2024.pdf
TSGENCO-THERMAL 1181.72 TSSPDCL,2022-07,3767.69,Tr_losses_July-2022.pdf,Telangana,https://www.tgtransco.com/user_uploads/trans_losses/Tr_losses_July-2022.pdf
TSGENCO-HYDEL 442.69 TSNPDCL,2022-07,1222.35,Tr_losses_July-2022.pdf,Telangana,https://www.tgtransco.com/user_uploads/trans_losses/Tr_losses_July-2022.pdf
132kv Laxmi Tulasi,2022-07,0.17,Tr_losses_July-2022.pdf,Telangana,https://www.tgtransco.com/user_uploads/trans_losses/Tr_losses_July-2022.pdf
132 kV Orient Cement,2022-07,0.03,Tr_losses_July-2022.pdf,Telangana,https://www.tgtransco.com/user_uploads/trans_losses/Tr_losses_July-2022.pdf
220KV Navabharat Energy India Ltd (NBEIL)-I,2022-07,0.02,Tr_losses_July-2022.pdf,Telangana,https://www.tgtransco.com/user_uploads/trans_losses/Tr_losses_July-2022.pdf
220KV Navabharat Energy India Ltd (NBEIL)-II,2022-07,0.02,Tr_losses_July-2022.pdf,Telangana,https://www.tgtransco.com/user_uploads/trans_losses/Tr_losses_July-2022.pdf
132KV Penna Power-I,2022-07,0.0,Tr_losses_July-2022.pdf,Telangana,https://www.tgtransco.com/user_uploads/trans_losses/Tr_losses_July-2022.pdf
132KV Penna Power-II,2022-07,0.0,Tr_losses_July-2022.pdf,Telangana,https://www.tgtransco.com/user_uploads/trans_losses/Tr_losses_July-2022.pdf
132KV Deccan Cements,2022-07,0.0,Tr_losses_July-2022.pdf,Telangana,https://www.tgtransco.com/user_uploads/trans_losses/Tr_losses_July-2022.pdf
132 kV Madhucon,2022-07,0.0,Tr_losses_July-2022.pdf,Telangana,https://www.tgtransco.com/user_uploads/trans_losses/Tr_losses_July-2022.pdf
132kv SCCL 30MW Solar Plant (Manuguru),2022-07,2.61,Tr_losses_July-2022.pdf,Telangana,https://www.tgtransco.com/user_uploads/trans_losses/Tr_losses_July-2022.pdf
132kV PSR Green Power Proj. pvt. Ltd.,2022-07,0.0,Tr_losses_July-2022.pdf,Telangana,https://www.tgtransco.com/user_uploads/trans_losses/Tr_losses_July-2022.pdf
220KV RFCL,2022-07,0.0,Tr_losses_July-2022.pdf,Telangana,https://www.tgtransco.com/user_uploads/trans_losses/Tr_losses_July-2022.pdf
132 kV Kesoram,2022-07,0.0,Tr_losses_July-2022.pdf,Telangana,https://www.tgtransco.com/user_uploads/trans_losses/Tr_losses_July-2022.pdf
132 kV Sitapuram Power Limited,2022-07,2.52,Tr_losses_July-2022.pdf,Telangana,https://www.tgtransco.com/user_uploads/trans_losses/Tr_losses_July-2022.pdf
132 kV Anjaini Port Land Cement,2022-07,0.02,Tr_losses_July-2022.pdf,Telangana,https://www.tgtransco.com/user_uploads/trans_losses/Tr_losses_July-2022.pdf
132kv SCCL 37 MW Solar Plant (Sitharampatnam),2022-07,3.56,Tr_losses_July-2022.pdf,Telangana,https://www.tgtransco.com/user_uploads/trans_losses/Tr_losses_July-2022.pdf
132 kV Sitaramapatnam - BPBL,2022-07,0.01,Tr_losses_July-2022.pdf,Telangana,https://www.tgtransco.com/user_uploads/trans_losses/Tr_losses_July-2022.pdf
132kV Krishnaveni Sugars Ltd,2022-07,0.0,Tr_losses_July-2022.pdf,Telangana,https://www.tgtransco.com/user_uploads/trans_losses/Tr_losses_July-2022.pdf
132 kV My Home Industries Limited,2022-07,0.0,Tr_losses_July-2022.pdf,Telangana,https://www.tgtransco.com/user_uploads/trans_losses/Tr_losses_July-2022.pdf
132 kV ICL (Rassi Cements),2022-07,0.0,Tr_losses_July-2022.pdf,Telangana,https://www.tgtransco.com/user_uploads/trans_losses/Tr_losses_July-2022.pdf
132 kV Bharat Electronics Ltd. (solar),2022-07,1.28,Tr_losses_July-2022.pdf,Telangana,https://www.tgtransco.com/user_uploads/trans_losses/Tr_losses_July-2022.pdf
132kv SCCL Solar Power Plant (Yellandu),2022-07,2.8,Tr_losses_July-2022.pdf,Telangana,https://www.tgtransco.com/user_uploads/trans_losses/Tr_losses_July-2022.pdf
ACME Medak Solar energy Pvt. Ltd.,2022-07,4.5,Tr_losses_July-2022.pdf,Telangana,https://www.tgtransco.com/user_uploads/trans_losses/Tr_losses_July-2022.pdf
ACME Nizamabad Solar Energy Pvt. Ltd,2022-07,3.1,Tr_losses_July-2022.pdf,Telangana,https://www.tgtransco.com/user_uploads/trans_losses/Tr_losses_July-2022.pdf
ACME PV Powertech Pvt. Ltd. (Sadasivpet),2022-07,6.09,Tr_losses_July-2022.pdf,Telangana,https://www.tgtransco.com/user_uploads/trans_losses/Tr_losses_July-2022.pdf
ACME Rangareddy Solar Power,2022-07,3.23,Tr_losses_July-2022.pdf,Telangana,https://www.tgtransco.com/user_uploads/trans_losses/Tr_losses_July-2022.pdf
ACME Solar Power Tech. Pvt. Ltd. (Bhongir),2022-07,6.48,Tr_losses_July-2022.pdf,Telangana,https://www.tgtransco.com/user_uploads/trans_losses/Tr_losses_July-2022.pdf
Azure Power India Pvt. Ltd. (solar),2022-07,11.95,Tr_losses_July-2022.pdf,Telangana,https://www.tgtransco.com/user_uploads/trans_losses/Tr_losses_July-2022.pdf
Clean Hero Wind Power,2022-07,9.74,Tr_losses_July-2022.pdf,Telangana,https://www.tgtransco.com/user_uploads/trans_losses/Tr_losses_July-2022.pdf
Clean Solar Power (Chittradurga) Pvt. Ltd,2022-07,3.78,Tr_losses_July-2022.pdf,Telangana,https://www.tgtransco.com/user_uploads/trans_losses/Tr_losses_July-2022.pdf
Clean solar,2022-07,2.93,Tr_losses_July-2022.pdf,Telangana,https://www.tgtransco.com/user_uploads/trans_losses/Tr_losses_July-2022.pdf
Dayakara Solar (P) Ltd.,2022-07,3.8,Tr_losses_July-2022.pdf,Telangana,https://www.tgtransco.com/user_uploads/trans_losses/Tr_losses_July-2022.pdf
Dinakar Solar,2022-07,2.77,Tr_losses_July-2022.pdf,Telangana,https://www.tgtransco.com/user_uploads/trans_losses/Tr_losses_July-2022.pdf
Divine Solren Pvt. ltd.,2022-07,4.43,Tr_losses_July-2022.pdf,Telangana,https://www.tgtransco.com/user_uploads/trans_losses/Tr_losses_July-2022.pdf
Pvt Ltd ),2022-07,5.73,Tr_losses_July-2022.pdf,Telangana,https://www.tgtransco.com/user_uploads/trans_losses/Tr_losses_July-2022.pdf
Energon Soleq Solar (Sadasivapet),2022-07,5.76,Tr_losses_July-2022.pdf,Telangana,https://www.tgtransco.com/user_uploads/trans_losses/Tr_losses_July-2022.pdf
Enrich (Solar),2022-07,4.99,Tr_losses_July-2022.pdf,Telangana,https://www.tgtransco.com/user_uploads/trans_losses/Tr_losses_July-2022.pdf
G.S.R.Sugars Pvt Ltd,2022-07,-0.06,Tr_losses_July-2022.pdf,Telangana,https://www.tgtransco.com/user_uploads/trans_losses/Tr_losses_July-2022.pdf
Ganapathi Sugars Ltd.,2022-07,-0.05,Tr_losses_July-2022.pdf,Telangana,https://www.tgtransco.com/user_uploads/trans_losses/Tr_losses_July-2022.pdf
Grahati Solar,2022-07,6.06,Tr_losses_July-2022.pdf,Telangana,https://www.tgtransco.com/user_uploads/trans_losses/Tr_losses_July-2022.pdf
Hyderabad MSW Energy Solutions PVT LTD,2022-07,15.8,Tr_losses_July-2022.pdf,Telangana,https://www.tgtransco.com/user_uploads/trans_losses/Tr_losses_July-2022.pdf
Jilesh Power Pvt. Ltd (Solar),2022-07,6.23,Tr_losses_July-2022.pdf,Telangana,https://www.tgtransco.com/user_uploads/trans_losses/Tr_losses_July-2022.pdf
Kakatiya Cement & Sugar Industries Ltd.,2022-07,-0.09,Tr_losses_July-2022.pdf,Telangana,https://www.tgtransco.com/user_uploads/trans_losses/Tr_losses_July-2022.pdf
Karvy Solar Pvt. Ltd. (Sadasivapet),2022-07,2.14,Tr_losses_July-2022.pdf,Telangana,https://www.tgtransco.com/user_uploads/trans_losses/Tr_losses_July-2022.pdf
Karvy solar (Mandamarry),2022-07,4.44,Tr_losses_July-2022.pdf,Telangana,https://www.tgtransco.com/user_uploads/trans_losses/Tr_losses_July-2022.pdf
My Home Power Ltd. (NGPL),2022-07,0.0,Tr_losses_July-2022.pdf,Telangana,https://www.tgtransco.com/user_uploads/trans_losses/Tr_losses_July-2022.pdf
Mytrah Agriya Power Pvt. Ltd. (Solar),2022-07,5.81,Tr_losses_July-2022.pdf,Telangana,https://www.tgtransco.com/user_uploads/trans_losses/Tr_losses_July-2022.pdf
Mytrah Agriya Power Pvt. Ltd. (solar) (Kamareddy),2022-07,3.6,Tr_losses_July-2022.pdf,Telangana,https://www.tgtransco.com/user_uploads/trans_losses/Tr_losses_July-2022.pdf
Mytrah Vayu (Godavari) Pvt. Ltd. (Wind),2022-07,34.13,Tr_losses_July-2022.pdf,Telangana,https://www.tgtransco.com/user_uploads/trans_losses/Tr_losses_July-2022.pdf
NEO Solren Pvt. Ltd. (solar),2022-07,4.41,Tr_losses_July-2022.pdf,Telangana,https://www.tgtransco.com/user_uploads/trans_losses/Tr_losses_July-2022.pdf
NTPC Solar power plant (10MW),2022-07,0.28,Tr_losses_July-2022.pdf,Telangana,https://www.tgtransco.com/user_uploads/trans_losses/Tr_losses_July-2022.pdf
Nizam Deccan Sugars Ltd,2022-07,0.0,Tr_losses_July-2022.pdf,Telangana,https://www.tgtransco.com/user_uploads/trans_losses/Tr_losses_July-2022.pdf
Param Pujya Solar Farms Ltd. Plant-I,2022-07,6.94,Tr_losses_July-2022.pdf,Telangana,https://www.tgtransco.com/user_uploads/trans_losses/Tr_losses_July-2022.pdf
Param Pujya Solar Farms Ltd. Plant-II,2022-07,7.31,Tr_losses_July-2022.pdf,Telangana,https://www.tgtransco.com/user_uploads/trans_losses/Tr_losses_July-2022.pdf
Polepally Solar Park,2022-07,2.83,Tr_losses_July-2022.pdf,Telangana,https://www.tgtransco.com/user_uploads/trans_losses/Tr_losses_July-2022.pdf
Prathamesh solar farms Ltd.,2022-07,6.25,Tr_losses_July-2022.pdf,Telangana,https://www.tgtransco.com/user_uploads/trans_losses/Tr_losses_July-2022.pdf
RDF Power Projects Pvt. Ltd.,2022-07,0.0,Tr_losses_July-2022.pdf,Telangana,https://www.tgtransco.com/user_uploads/trans_losses/Tr_losses_July-2022.pdf
Renew Mega Solar Pvt.Ltd,2022-07,4.5,Tr_losses_July-2022.pdf,Telangana,https://www.tgtransco.com/user_uploads/trans_losses/Tr_losses_July-2022.pdf
Renew Saurshakthi Pvt. Ltd.,2022-07,3.33,Tr_losses_July-2022.pdf,Telangana,https://www.tgtransco.com/user_uploads/trans_losses/Tr_losses_July-2022.pdf
Renew Solar Energy Pvt. Ltd. 220kV,2022-07,15.44,Tr_losses_July-2022.pdf,Telangana,https://www.tgtransco.com/user_uploads/trans_losses/Tr_losses_July-2022.pdf
Renew Solar Plant (Mdk. Dist.),2022-07,2.61,Tr_losses_July-2022.pdf,Telangana,https://www.tgtransco.com/user_uploads/trans_losses/Tr_losses_July-2022.pdf
Renew Solar Pvt Ltd. (Minpur),2022-07,7.57,Tr_losses_July-2022.pdf,Telangana,https://www.tgtransco.com/user_uploads/trans_losses/Tr_losses_July-2022.pdf
Renew Wind TN2 Solar,2022-07,13.02,Tr_losses_July-2022.pdf,Telangana,https://www.tgtransco.com/user_uploads/trans_losses/Tr_losses_July-2022.pdf
Renue Akshay Solar Plant,2022-07,11.13,Tr_losses_July-2022.pdf,Telangana,https://www.tgtransco.com/user_uploads/trans_losses/Tr_losses_July-2022.pdf
SLS Power Corp. Ltd. (Minihydel) 132KV,2022-07,1.66,Tr_losses_July-2022.pdf,Telangana,https://www.tgtransco.com/user_uploads/trans_losses/Tr_losses_July-2022.pdf
SUZLON Energy Ltd.,2022-07,12.9,Tr_losses_July-2022.pdf,Telangana,https://www.tgtransco.com/user_uploads/trans_losses/Tr_losses_July-2022.pdf
Shravana Power Projects Pvt. Ltd.,2022-07,0.75,Tr_losses_July-2022.pdf,Telangana,https://www.tgtransco.com/user_uploads/trans_losses/Tr_losses_July-2022.pdf
solar pvt. Ltd.),2022-07,5.37,Tr_losses_July-2022.pdf,Telangana,https://www.tgtransco.com/user_uploads/trans_losses/Tr_losses_July-2022.pdf
Sunborne Energy Tech. (P) Ltd. (Solar),2022-07,4.74,Tr_losses_July-2022.pdf,Telangana,https://www.tgtransco.com/user_uploads/trans_losses/Tr_losses_July-2022.pdf
Sunworld Solar Power Pvt. Ltd.,2022-07,3.2,Tr_losses_July-2022.pdf,Telangana,https://www.tgtransco.com/user_uploads/trans_losses/Tr_losses_July-2022.pdf
Suprasanna Solar,2022-07,2.11,Tr_losses_July-2022.pdf,Telangana,https://www.tgtransco.com/user_uploads/trans_losses/Tr_losses_July-2022.pdf
Suraj Kiran Solar Technologies (Mdk),2022-07,5.73,Tr_losses_July-2022.pdf,Telangana,https://www.tgtransco.com/user_uploads/trans_losses/Tr_losses_July-2022.pdf
Suraj Kiran solar (Nlg),2022-07,6.29,Tr_losses_July-2022.pdf,Telangana,https://www.tgtransco.com/user_uploads/trans_losses/Tr_losses_July-2022.pdf
Suryoday Energy Pvt. Ltd. (Shapoorji Pallonji)(Solar),2022-07,3.41,Tr_losses_July-2022.pdf,Telangana,https://www.tgtransco.com/user_uploads/trans_losses/Tr_losses_July-2022.pdf
Transform Sun Energy 220kV,2022-07,10.86,Tr_losses_July-2022.pdf,Telangana,https://www.tgtransco.com/user_uploads/trans_losses/Tr_losses_July-2022.pdf
Ujjvalatejas Solaire Urja Pvt. Ltd. (Solar),2022-07,2.07,Tr_losses_July-2022.pdf,Telangana,https://www.tgtransco.com/user_uploads/trans_losses/Tr_losses_July-2022.pdf
Winsol solar (Polepally),2022-07,1.91,Tr_losses_July-2022.pdf,Telangana,https://www.tgtransco.com/user_uploads/trans_losses/Tr_losses_July-2022.pdf
Winsol solar (Tandur),2022-07,5.9,Tr_losses_July-2022.pdf,Telangana,https://www.tgtransco.com/user_uploads/trans_losses/Tr_losses_July-2022.pdf
Zuka Solar,2022-07,6.91,Tr_losses_July-2022.pdf,Telangana,https://www.tgtransco.com/user_uploads/trans_losses/Tr_losses_July-2022.pdf
TSGENCO-THERMAL 2091.39 TSSPDCL,2023-07,4402.02,Tr_losses_July-2023.pdf,Telangana,https://www.tgtransco.com/user_uploads/trans_losses/Tr_losses_July-2023.pdf
TSGENCO-HYDEL 120.38 TSNPDCL,2023-07,1770.52,Tr_losses_July-2023.pdf,Telangana,https://www.tgtransco.com/user_uploads/trans_losses/Tr_losses_July-2023.pdf
132kv Laxmi Tulasi,2023-07,0.04,Tr_losses_July-2023.pdf,Telangana,https://www.tgtransco.com/user_uploads/trans_losses/Tr_losses_July-2023.pdf
132 kV Orient Cement,2023-07,0.01,Tr_losses_July-2023.pdf,Telangana,https://www.tgtransco.com/user_uploads/trans_losses/Tr_losses_July-2023.pdf
220KV Navabharat Energy India Ltd (NBEIL)-I,2023-07,18.77,Tr_losses_July-2023.pdf,Telangana,https://www.tgtransco.com/user_uploads/trans_losses/Tr_losses_July-2023.pdf
220KV Navabharat Energy India Ltd (NBEIL)-II,2023-07,18.71,Tr_losses_July-2023.pdf,Telangana,https://www.tgtransco.com/user_uploads/trans_losses/Tr_losses_July-2023.pdf
132KV Penna Power-I,2023-07,0.0,Tr_losses_July-2023.pdf,Telangana,https://www.tgtransco.com/user_uploads/trans_losses/Tr_losses_July-2023.pdf
132KV Penna Power-II,2023-07,0.0,Tr_losses_July-2023.pdf,Telangana,https://www.tgtransco.com/user_uploads/trans_losses/Tr_losses_July-2023.pdf
132KV Deccan Cements,2023-07,0.0,Tr_losses_July-2023.pdf,Telangana,https://www.tgtransco.com/user_uploads/trans_losses/Tr_losses_July-2023.pdf
132 kV Madhucon,2023-07,0.0,Tr_losses_July-2023.pdf,Telangana,https://www.tgtransco.com/user_uploads/trans_losses/Tr_losses_July-2023.pdf
132kv SCCL 30MW Solar Plant (Manuguru),2023-07,2.46,Tr_losses_July-2023.pdf,Telangana,https://www.tgtransco.com/user_uploads/trans_losses/Tr_losses_July-2023.pdf
132kV PSR Green Power Proj. pvt. Ltd.,2023-07,0.0,Tr_losses_July-2023.pdf,Telangana,https://www.tgtransco.com/user_uploads/trans_losses/Tr_losses_July-2023.pdf
220KV RFCL,2023-07,0.0,Tr_losses_July-2023.pdf,Telangana,https://www.tgtransco.com/user_uploads/trans_losses/Tr_losses_July-2023.pdf
132 kV Kesoram,2023-07,0.0,Tr_losses_July-2023.pdf,Telangana,https://www.tgtransco.com/user_uploads/trans_losses/Tr_losses_July-2023.pdf
132 kV Sitapuram Power Limited,2023-07,0.01,Tr_losses_July-2023.pdf,Telangana,https://www.tgtransco.com/user_uploads/trans_losses/Tr_losses_July-2023.pdf
132 kV Anjaini Port Land Cement,2023-07,0.0,Tr_losses_July-2023.pdf,Telangana,https://www.tgtransco.com/user_uploads/trans_losses/Tr_losses_July-2023.pdf
132kv SCCL 37 MW Solar Plant (Sitharampatnam),2023-07,3.63,Tr_losses_July-2023.pdf,Telangana,https://www.tgtransco.com/user_uploads/trans_losses/Tr_losses_July-2023.pdf
132 kV Sitaramapatnam - BPBL,2023-07,0.05,Tr_losses_July-2023.pdf,Telangana,https://www.tgtransco.com/user_uploads/trans_losses/Tr_losses_July-2023.pdf
132kV Krishnaveni Sugars Ltd,2023-07,0.0,Tr_losses_July-2023.pdf,Telangana,https://www.tgtransco.com/user_uploads/trans_losses/Tr_losses_July-2023.pdf
132 kV My Home Industries Limited,2023-07,0.01,Tr_losses_July-2023.pdf,Telangana,https://www.tgtransco.com/user_uploads/trans_losses/Tr_losses_July-2023.pdf
132 kV ICL (Rassi Cements),2023-07,0.0,Tr_losses_July-2023.pdf,Telangana,https://www.tgtransco.com/user_uploads/trans_losses/Tr_losses_July-2023.pdf
132 kV Bharat Electronics Ltd. (solar),2023-07,1.17,Tr_losses_July-2023.pdf,Telangana,https://www.tgtransco.com/user_uploads/trans_losses/Tr_losses_July-2023.pdf
132kv SCCL Solar Power Plant (Yellandu),2023-07,3.42,Tr_losses_July-2023.pdf,Telangana,https://www.tgtransco.com/user_uploads/trans_losses/Tr_losses_July-2023.pdf
ACME Medak Solar energy Pvt. Ltd.,2023-07,4.83,Tr_losses_July-2023.pdf,Telangana,https://www.tgtransco.com/user_uploads/trans_losses/Tr_losses_July-2023.pdf
ACME Nizamabad Solar Energy Pvt. Ltd,2023-07,5.69,Tr_losses_July-2023.pdf,Telangana,https://www.tgtransco.com/user_uploads/trans_losses/Tr_losses_July-2023.pdf
ACME PV Powertech Pvt. Ltd. (Sadasivpet),2023-07,6.22,Tr_losses_July-2023.pdf,Telangana,https://www.tgtransco.com/user_uploads/trans_losses/Tr_losses_July-2023.pdf
ACME Rangareddy Solar Power,2023-07,3.37,Tr_losses_July-2023.pdf,Telangana,https://www.tgtransco.com/user_uploads/trans_losses/Tr_losses_July-2023.pdf
ACME Solar Power Tech. Pvt. Ltd. (Bhongir),2023-07,6.18,Tr_losses_July-2023.pdf,Telangana,https://www.tgtransco.com/user_uploads/trans_losses/Tr_losses_July-2023.pdf
Azure Power India Pvt. Ltd. (solar),2023-07,11.28,Tr_losses_July-2023.pdf,Telangana,https://www.tgtransco.com/user_uploads/trans_losses/Tr_losses_July-2023.pdf
Clean Hero Wind Power,2023-07,12.05,Tr_losses_July-2023.pdf,Telangana,https://www.tgtransco.com/user_uploads/trans_losses/Tr_losses_July-2023.pdf
Clean Solar Power (Chittradurga) Pvt. Ltd,2023-07,4.18,Tr_losses_July-2023.pdf,Telangana,https://www.tgtransco.com/user_uploads/trans_losses/Tr_losses_July-2023.pdf
Clean solar,2023-07,2.77,Tr_losses_July-2023.pdf,Telangana,https://www.tgtransco.com/user_uploads/trans_losses/Tr_losses_July-2023.pdf
Dayakara Solar (P) Ltd.,2023-07,3.48,Tr_losses_July-2023.pdf,Telangana,https://www.tgtransco.com/user_uploads/trans_losses/Tr_losses_July-2023.pdf
Dinakar Solar,2023-07,2.67,Tr_losses_July-2023.pdf,Telangana,https://www.tgtransco.com/user_uploads/trans_losses/Tr_losses_July-2023.pdf
Divine Solren Pvt. ltd.,2023-07,5.41,Tr_losses_July-2023.pdf,Telangana,https://www.tgtransco.com/user_uploads/trans_losses/Tr_losses_July-2023.pdf
Energon Soleq Solar (Sadasivapet),2023-07,5.9,Tr_losses_July-2023.pdf,Telangana,https://www.tgtransco.com/user_uploads/trans_losses/Tr_losses_July-2023.pdf
Enrich (Solar),2023-07,4.88,Tr_losses_July-2023.pdf,Telangana,https://www.tgtransco.com/user_uploads/trans_losses/Tr_losses_July-2023.pdf
G.S.R.Sugars Pvt Ltd,2023-07,-0.06,Tr_losses_July-2023.pdf,Telangana,https://www.tgtransco.com/user_uploads/trans_losses/Tr_losses_July-2023.pdf
Ganapathi Sugars Ltd.,2023-07,-0.06,Tr_losses_July-2023.pdf,Telangana,https://www.tgtransco.com/user_uploads/trans_losses/Tr_losses_July-2023.pdf
Grahati Solar,2023-07,5.9,Tr_losses_July-2023.pdf,Telangana,https://www.tgtransco.com/user_uploads/trans_losses/Tr_losses_July-2023.pdf
Hyderabad MSW Energy Solutions PVT LTD,2023-07,13.0,Tr_losses_July-2023.pdf,Telangana,https://www.tgtransco.com/user_uploads/trans_losses/Tr_losses_July-2023.pdf
Jilesh Power Pvt. Ltd (Solar),2023-07,5.86,Tr_losses_July-2023.pdf,Telangana,https://www.tgtransco.com/user_uploads/trans_losses/Tr_losses_July-2023.pdf
Kakatiya Cement & Sugar Industries Ltd.,2023-07,-0.09,Tr_losses_July-2023.pdf,Telangana,https://www.tgtransco.com/user_uploads/trans_losses/Tr_losses_July-2023.pdf
Karvy Solar Pvt. Ltd. (Sadasivapet),2023-07,2.11,Tr_losses_July-2023.pdf,Telangana,https://www.tgtransco.com/user_uploads/trans_losses/Tr_losses_July-2023.pdf
Karvy solar (Mandamarry),2023-07,5.4,Tr_losses_July-2023.pdf,Telangana,https://www.tgtransco.com/user_uploads/trans_losses/Tr_losses_July-2023.pdf
My Home Power Ltd. (NGPL),2023-07,0.0,Tr_losses_July-2023.pdf,Telangana,https://www.tgtransco.com/user_uploads/trans_losses/Tr_losses_July-2023.pdf
Mytrah Agriya Power Pvt. Ltd. (Solar),2023-07,5.71,Tr_losses_July-2023.pdf,Telangana,https://www.tgtransco.com/user_uploads/trans_losses/Tr_losses_July-2023.pdf
Mytrah Agriya Power Pvt. Ltd. (solar) (Kamareddy),2023-07,5.61,Tr_losses_July-2023.pdf,Telangana,https://www.tgtransco.com/user_uploads/trans_losses/Tr_losses_July-2023.pdf
Mytrah Vayu (Godavari) Pvt. Ltd. (Wind),2023-07,42.75,Tr_losses_July-2023.pdf,Telangana,https://www.tgtransco.com/user_uploads/trans_losses/Tr_losses_July-2023.pdf
NEO Solren Pvt. Ltd. (solar),2023-07,4.25,Tr_losses_July-2023.pdf,Telangana,https://www.tgtransco.com/user_uploads/trans_losses/Tr_losses_July-2023.pdf
NTPC Solar power plant (10MW),2023-07,0.35,Tr_losses_July-2023.pdf,Telangana,https://www.tgtransco.com/user_uploads/trans_losses/Tr_losses_July-2023.pdf
Nizam Deccan Sugars Ltd,2023-07,0.0,Tr_losses_July-2023.pdf,Telangana,https://www.tgtransco.com/user_uploads/trans_losses/Tr_losses_July-2023.pdf
Param Pujya Solar Farms Ltd. Plant-I,2023-07,7.06,Tr_losses_July-2023.pdf,Telangana,https://www.tgtransco.com/user_uploads/trans_losses/Tr_losses_July-2023.pdf
Param Pujya Solar Farms Ltd. Plant-II,2023-07,7.28,Tr_losses_July-2023.pdf,Telangana,https://www.tgtransco.com/user_uploads/trans_losses/Tr_losses_July-2023.pdf
Polepally Solar Park,2023-07,2.65,Tr_losses_July-2023.pdf,Telangana,https://www.tgtransco.com/user_uploads/trans_losses/Tr_losses_July-2023.pdf
Prathamesh solar farms Ltd.,2023-07,5.97,Tr_losses_July-2023.pdf,Telangana,https://www.tgtransco.com/user_uploads/trans_losses/Tr_losses_July-2023.pdf
RDF Power Projects Pvt. Ltd.,2023-07,0.0,Tr_losses_July-2023.pdf,Telangana,https://www.tgtransco.com/user_uploads/trans_losses/Tr_losses_July-2023.pdf
Renew Mega Solar Pvt.Ltd,2023-07,5.75,Tr_losses_July-2023.pdf,Telangana,https://www.tgtransco.com/user_uploads/trans_losses/Tr_losses_July-2023.pdf
Renew Saurshakthi Pvt. Ltd.,2023-07,3.54,Tr_losses_July-2023.pdf,Telangana,https://www.tgtransco.com/user_uploads/trans_losses/Tr_losses_July-2023.pdf
Renew Solar Energy Pvt. Ltd. 220kV,2023-07,15.49,Tr_losses_July-2023.pdf,Telangana,https://www.tgtransco.com/user_uploads/trans_losses/Tr_losses_July-2023.pdf
Renew Solar Plant (Mdk. Dist.),2023-07,2.57,Tr_losses_July-2023.pdf,Telangana,https://www.tgtransco.com/user_uploads/trans_losses/Tr_losses_July-2023.pdf
Renew Solar Pvt Ltd. (Minpur),2023-07,7.09,Tr_losses_July-2023.pdf,Telangana,https://www.tgtransco.com/user_uploads/trans_losses/Tr_losses_July-2023.pdf
Renew Wind TN2 Solar,2023-07,12.0,Tr_losses_July-2023.pdf,Telangana,https://www.tgtransco.com/user_uploads/trans_losses/Tr_losses_July-2023.pdf
Renue Akshay Solar Plant,2023-07,10.37,Tr_losses_July-2023.pdf,Telangana,https://www.tgtransco.com/user_uploads/trans_losses/Tr_losses_July-2023.pdf
SLS Power Corp. Ltd. (Minihydel) 132KV,2023-07,1.82,Tr_losses_July-2023.pdf,Telangana,https://www.tgtransco.com/user_uploads/trans_losses/Tr_losses_July-2023.pdf
SUZLON Energy Ltd.,2023-07,11.79,Tr_losses_July-2023.pdf,Telangana,https://www.tgtransco.com/user_uploads/trans_losses/Tr_losses_July-2023.pdf
Shravana Power Projects Pvt. Ltd.,2023-07,-0.02,Tr_losses_July-2023.pdf,Telangana,https://www.tgtransco.com/user_uploads/trans_losses/Tr_losses_July-2023.pdf
Sky Power Southeast Asia III Ltd (Previously Sunshakthi solar pvt. Ltd.),2023-07,5.36,Tr_losses_July-2023.pdf,Telangana,https://www.tgtransco.com/user_uploads/trans_losses/Tr_losses_July-2023.pdf
Sunborne Energy Tech. (P) Ltd. (Solar),2023-07,4.73,Tr_losses_July-2023.pdf,Telangana,https://www.tgtransco.com/user_uploads/trans_losses/Tr_losses_July-2023.pdf
Sunworld Solar Power Pvt. Ltd.,2023-07,3.59,Tr_losses_July-2023.pdf,Telangana,https://www.tgtransco.com/user_uploads/trans_losses/Tr_losses_July-2023.pdf
Suprasanna Solar,2023-07,2.08,Tr_losses_July-2023.pdf,Telangana,https://www.tgtransco.com/user_uploads/trans_losses/Tr_losses_July-2023.pdf
Suraj Kiran Solar Technologies (Mdk),2023-07,5.89,Tr_losses_July-2023.pdf,Telangana,https://www.tgtransco.com/user_uploads/trans_losses/Tr_losses_July-2023.pdf
Suraj Kiran solar (Nlg),2023-07,6.05,Tr_losses_July-2023.pdf,Telangana,https://www.tgtransco.com/user_uploads/trans_losses/Tr_losses_July-2023.pdf
Suryoday Energy Pvt. Ltd. (Shapoorji Pallonji)(Solar),2023-07,3.41,Tr_losses_July-2023.pdf,Telangana,https://www.tgtransco.com/user_uploads/trans_losses/Tr_losses_July-2023.pdf
Transform Sun Energy 220kV,2023-07,10.42,Tr_losses_July-2023.pdf,Telangana,https://www.tgtransco.com/user_uploads/trans_losses/Tr_losses_July-2023.pdf
Ujjvalatejas Solaire Urja Pvt. Ltd. (Solar),2023-07,2.24,Tr_losses_July-2023.pdf,Telangana,https://www.tgtransco.com/user_uploads/trans_losses/Tr_losses_July-2023.pdf
Vena Energy Solar Pvt Ltd (Previously Energon Soleq Pvt Ltd ),2023-07,5.6,Tr_losses_July-2023.pdf,Telangana,https://www.tgtransco.com/user_uploads/trans_losses/Tr_losses_July-2023.pdf
Winsol solar (Polepally),2023-07,1.76,Tr_losses_July-2023.pdf,Telangana,https://www.tgtransco.com/user_uploads/trans_losses/Tr_losses_July-2023.pdf
Winsol solar (Tandur),2023-07,5.35,Tr_losses_July-2023.pdf,Telangana,https://www.tgtransco.com/user_uploads/trans_losses/Tr_losses_July-2023.pdf
Zuka Solar,2023-07,7.2,Tr_losses_July-2023.pdf,Telangana,https://www.tgtransco.com/user_uploads/trans_losses/Tr_losses_July-2023.pdf
TGGENCO-THERMAL 1559.70 TGSPDCL,2024-07,4874.71,Tr_losses_July-2024.pdf,Telangana,https://www.tgtransco.com/user_uploads/trans_losses/Tr_losses_July-2024.pdf
TGGENCO-HYDEL 209.93 TGNPDCL,2024-07,1756.57,Tr_losses_July-2024.pdf,Telangana,https://www.tgtransco.com/user_uploads/trans_losses/Tr_losses_July-2024.pdf
132kv Laxmi Tulasi,2024-07,0.01,Tr_losses_July-2024.pdf,Telangana,https://www.tgtransco.com/user_uploads/trans_losses/Tr_losses_July-2024.pdf
132 kV Orient Cement,2024-07,0.03,Tr_losses_July-2024.pdf,Telangana,https://www.tgtransco.com/user_uploads/trans_losses/Tr_losses_July-2024.pdf
220KV Navabharat Energy India Ltd (NBEIL)-I,2024-07,32.98,Tr_losses_July-2024.pdf,Telangana,https://www.tgtransco.com/user_uploads/trans_losses/Tr_losses_July-2024.pdf
220KV Navabharat Energy India Ltd (NBEIL)-II,2024-07,32.89,Tr_losses_July-2024.pdf,Telangana,https://www.tgtransco.com/user_uploads/trans_losses/Tr_losses_July-2024.pdf
132KV Penna Power-I,2024-07,0.0,Tr_losses_July-2024.pdf,Telangana,https://www.tgtransco.com/user_uploads/trans_losses/Tr_losses_July-2024.pdf
132KV Penna Power-II,2024-07,0.0,Tr_losses_July-2024.pdf,Telangana,https://www.tgtransco.com/user_uploads/trans_losses/Tr_losses_July-2024.pdf
132KV Deccan Cements,2024-07,0.0,Tr_losses_July-2024.pdf,Telangana,https://www.tgtransco.com/user_uploads/trans_losses/Tr_losses_July-2024.pdf
132 kV Madhucon,2024-07,0.0,Tr_losses_July-2024.pdf,Telangana,https://www.tgtransco.com/user_uploads/trans_losses/Tr_losses_July-2024.pdf
132kv SCCL 30MW Solar Plant (Manuguru),2024-07,2.28,Tr_losses_July-2024.pdf,Telangana,https://www.tgtransco.com/user_uploads/trans_losses/Tr_losses_July-2024.pdf
132kV PSR Green Power Proj. pvt. Ltd.,2024-07,0.0,Tr_losses_July-2024.pdf,Telangana,https://www.tgtransco.com/user_uploads/trans_losses/Tr_losses_July-2024.pdf
220KV RFCL,2024-07,0.0,Tr_losses_July-2024.pdf,Telangana,https://www.tgtransco.com/user_uploads/trans_losses/Tr_losses_July-2024.pdf
132 kV Kesoram,2024-07,0.0,Tr_losses_July-2024.pdf,Telangana,https://www.tgtransco.com/user_uploads/trans_losses/Tr_losses_July-2024.pdf
132 kV Sitapuram Power Limited,2024-07,0.0,Tr_losses_July-2024.pdf,Telangana,https://www.tgtransco.com/user_uploads/trans_losses/Tr_losses_July-2024.pdf
132 kV Anjaini Port Land Cement,2024-07,0.0,Tr_losses_July-2024.pdf,Telangana,https://www.tgtransco.com/user_uploads/trans_losses/Tr_losses_July-2024.pdf
132kv SCCL 37 MW Solar Plant (Sitharampatnam),2024-07,3.4,Tr_losses_July-2024.pdf,Telangana,https://www.tgtransco.com/user_uploads/trans_losses/Tr_losses_July-2024.pdf
132 kV Sitaramapatnam - BPBL,2024-07,0.0,Tr_losses_July-2024.pdf,Telangana,https://www.tgtransco.com/user_uploads/trans_losses/Tr_losses_July-2024.pdf
132kV Krishnaveni Sugars Ltd,2024-07,0.0,Tr_losses_July-2024.pdf,Telangana,https://www.tgtransco.com/user_uploads/trans_losses/Tr_losses_July-2024.pdf
132 kV My Home Industries Limited,2024-07,0.01,Tr_losses_July-2024.pdf,Telangana,https://www.tgtransco.com/user_uploads/trans_losses/Tr_losses_July-2024.pdf
132 kV ICL (Rassi Cements),2024-07,0.0,Tr_losses_July-2024.pdf,Telangana,https://www.tgtransco.com/user_uploads/trans_losses/Tr_losses_July-2024.pdf
132 kV Bharat Electronics Ltd. (solar),2024-07,1.48,Tr_losses_July-2024.pdf,Telangana,https://www.tgtransco.com/user_uploads/trans_losses/Tr_losses_July-2024.pdf
132kv SCCL Solar Power Plant (Yellandu),2024-07,3.28,Tr_losses_July-2024.pdf,Telangana,https://www.tgtransco.com/user_uploads/trans_losses/Tr_losses_July-2024.pdf
ACME Medak Solar energy Pvt. Ltd.,2024-07,5.07,Tr_losses_July-2024.pdf,Telangana,https://www.tgtransco.com/user_uploads/trans_losses/Tr_losses_July-2024.pdf
ACME Nizamabad Solar Energy Pvt. Ltd,2024-07,5.26,Tr_losses_July-2024.pdf,Telangana,https://www.tgtransco.com/user_uploads/trans_losses/Tr_losses_July-2024.pdf
ACME PV Powertech Pvt. Ltd. (Sadasivpet),2024-07,6.16,Tr_losses_July-2024.pdf,Telangana,https://www.tgtransco.com/user_uploads/trans_losses/Tr_losses_July-2024.pdf
ACME Rangareddy Solar Power,2024-07,3.43,Tr_losses_July-2024.pdf,Telangana,https://www.tgtransco.com/user_uploads/trans_losses/Tr_losses_July-2024.pdf
ACME Solar Power Tech. Pvt. Ltd. (Bhongir),2024-07,6.02,Tr_losses_July-2024.pdf,Telangana,https://www.tgtransco.com/user_uploads/trans_losses/Tr_losses_July-2024.pdf
Azure Power India Pvt. Ltd. (solar),2024-07,12.0,Tr_losses_July-2024.pdf,Telangana,https://www.tgtransco.com/user_uploads/trans_losses/Tr_losses_July-2024.pdf
Clean Hero Wind Power,2024-07,13.1,Tr_losses_July-2024.pdf,Telangana,https://www.tgtransco.com/user_uploads/trans_losses/Tr_losses_July-2024.pdf
Clean Solar Power (Chittradurga) Pvt. Ltd,2024-07,4.24,Tr_losses_July-2024.pdf,Telangana,https://www.tgtransco.com/user_uploads/trans_losses/Tr_losses_July-2024.pdf
Clean solar,2024-07,2.86,Tr_losses_July-2024.pdf,Telangana,https://www.tgtransco.com/user_uploads/trans_losses/Tr_losses_July-2024.pdf
Dayakara Solar (P) Ltd.,2024-07,3.89,Tr_losses_July-2024.pdf,Telangana,https://www.tgtransco.com/user_uploads/trans_losses/Tr_losses_July-2024.pdf
Dinakar Solar,2024-07,2.57,Tr_losses_July-2024.pdf,Telangana,https://www.tgtransco.com/user_uploads/trans_losses/Tr_losses_July-2024.pdf
Divine Solren Pvt. ltd.,2024-07,5.07,Tr_losses_July-2024.pdf,Telangana,https://www.tgtransco.com/user_uploads/trans_losses/Tr_losses_July-2024.pdf
Dundigal Waste 2 Energy Power Plant,2024-07,8.19,Tr_losses_July-2024.pdf,Telangana,https://www.tgtransco.com/user_uploads/trans_losses/Tr_losses_July-2024.pdf
Energon Soleq Solar (Sadasivapet),2024-07,5.76,Tr_losses_July-2024.pdf,Telangana,https://www.tgtransco.com/user_uploads/trans_losses/Tr_losses_July-2024.pdf
Enrich (Solar),2024-07,4.82,Tr_losses_July-2024.pdf,Telangana,https://www.tgtransco.com/user_uploads/trans_losses/Tr_losses_July-2024.pdf
G.S.R.Sugars Pvt Ltd,2024-07,-0.06,Tr_losses_July-2024.pdf,Telangana,https://www.tgtransco.com/user_uploads/trans_losses/Tr_losses_July-2024.pdf
Ganapathi Sugars Ltd.,2024-07,-0.07,Tr_losses_July-2024.pdf,Telangana,https://www.tgtransco.com/user_uploads/trans_losses/Tr_losses_July-2024.pdf
Grahati Solar,2024-07,6.35,Tr_losses_July-2024.pdf,Telangana,https://www.tgtransco.com/user_uploads/trans_losses/Tr_losses_July-2024.pdf
Hyderabad MSW Energy Solutions PVT LTD,2024-07,13.94,Tr_losses_July-2024.pdf,Telangana,https://www.tgtransco.com/user_uploads/trans_losses/Tr_losses_July-2024.pdf
Jilesh Power Pvt. Ltd (Solar),2024-07,5.71,Tr_losses_July-2024.pdf,Telangana,https://www.tgtransco.com/user_uploads/trans_losses/Tr_losses_July-2024.pdf
Kakatiya Cement & Sugar Industries Ltd.,2024-07,-0.1,Tr_losses_July-2024.pdf,Telangana,https://www.tgtransco.com/user_uploads/trans_losses/Tr_losses_July-2024.pdf
Karvy Solar Pvt. Ltd. (Sadasivapet),2024-07,2.04,Tr_losses_July-2024.pdf,Telangana,https://www.tgtransco.com/user_uploads/trans_losses/Tr_losses_July-2024.pdf
Karvy solar (Mandamarry),2024-07,4.52,Tr_losses_July-2024.pdf,Telangana,https://www.tgtransco.com/user_uploads/trans_losses/Tr_losses_July-2024.pdf
My Home Power Ltd. (NGPL),2024-07,0.0,Tr_losses_July-2024.pdf,Telangana,https://www.tgtransco.com/user_uploads/trans_losses/Tr_losses_July-2024.pdf
Mytrah Agriya Power Pvt. Ltd. (Solar),2024-07,5.64,Tr_losses_July-2024.pdf,Telangana,https://www.tgtransco.com/user_uploads/trans_losses/Tr_losses_July-2024.pdf
Mytrah Agriya Power Pvt. Ltd. (solar) (Kamareddy),2024-07,5.68,Tr_losses_July-2024.pdf,Telangana,https://www.tgtransco.com/user_uploads/trans_losses/Tr_losses_July-2024.pdf
Mytrah Vayu (Godavari) Pvt. Ltd. (Wind),2024-07,45.02,Tr_losses_July-2024.pdf,Telangana,https://www.tgtransco.com/user_uploads/trans_losses/Tr_losses_July-2024.pdf
NEO Solren Pvt. Ltd. (solar),2024-07,4.25,Tr_losses_July-2024.pdf,Telangana,https://www.tgtransco.com/user_uploads/trans_losses/Tr_losses_July-2024.pdf
NTPC Solar power plant (10MW),2024-07,0.18,Tr_losses_July-2024.pdf,Telangana,https://www.tgtransco.com/user_uploads/trans_losses/Tr_losses_July-2024.pdf
Nizam Deccan Sugars Ltd,2024-07,0.0,Tr_losses_July-2024.pdf,Telangana,https://www.tgtransco.com/user_uploads/trans_losses/Tr_losses_July-2024.pdf
Param Pujya Solar Farms Ltd. Plant-I,2024-07,6.65,Tr_losses_July-2024.pdf,Telangana,https://www.tgtransco.com/user_uploads/trans_losses/Tr_losses_July-2024.pdf
Param Pujya Solar Farms Ltd. Plant-II,2024-07,6.79,Tr_losses_July-2024.pdf,Telangana,https://www.tgtransco.com/user_uploads/trans_losses/Tr_losses_July-2024.pdf
Polepally Solar Park,2024-07,2.74,Tr_losses_July-2024.pdf,Telangana,https://www.tgtransco.com/user_uploads/trans_losses/Tr_losses_July-2024.pdf
Prathamesh solar farms Ltd.,2024-07,5.9,Tr_losses_July-2024.pdf,Telangana,https://www.tgtransco.com/user_uploads/trans_losses/Tr_losses_July-2024.pdf
RDF Power Projects Pvt. Ltd.,2024-07,0.0,Tr_losses_July-2024.pdf,Telangana,https://www.tgtransco.com/user_uploads/trans_losses/Tr_losses_July-2024.pdf
Renew Mega Solar Pvt.Ltd,2024-07,4.63,Tr_losses_July-2024.pdf,Telangana,https://www.tgtransco.com/user_uploads/trans_losses/Tr_losses_July-2024.pdf
Renew Saurshakthi Pvt. Ltd.,2024-07,3.5,Tr_losses_July-2024.pdf,Telangana,https://www.tgtransco.com/user_uploads/trans_losses/Tr_losses_July-2024.pdf
Renew Solar Energy Pvt. Ltd. 220kV,2024-07,15.37,Tr_losses_July-2024.pdf,Telangana,https://www.tgtransco.com/user_uploads/trans_losses/Tr_losses_July-2024.pdf
Renew Solar Plant (Mdk. Dist.),2024-07,2.71,Tr_losses_July-2024.pdf,Telangana,https://www.tgtransco.com/user_uploads/trans_losses/Tr_losses_July-2024.pdf
Renew Solar Pvt Ltd. (Minpur),2024-07,6.66,Tr_losses_July-2024.pdf,Telangana,https://www.tgtransco.com/user_uploads/trans_losses/Tr_losses_July-2024.pdf
Renew Wind TN2 Solar,2024-07,11.68,Tr_losses_July-2024.pdf,Telangana,https://www.tgtransco.com/user_uploads/trans_losses/Tr_losses_July-2024.pdf
Renue Akshay Solar Plant,2024-07,10.05,Tr_losses_July-2024.pdf,Telangana,https://www.tgtransco.com/user_uploads/trans_losses/Tr_losses_July-2024.pdf
SLS Power Corp. Ltd. (Minihydel) 132KV,2024-07,3.25,Tr_losses_July-2024.pdf,Telangana,https://www.tgtransco.com/user_uploads/trans_losses/Tr_losses_July-2024.pdf
SUZLON Energy Ltd.,2024-07,11.97,Tr_losses_July-2024.pdf,Telangana,https://www.tgtransco.com/user_uploads/trans_losses/Tr_losses_July-2024.pdf
Shravana Power Projects Pvt. Ltd.,2024-07,-0.01,Tr_losses_July-2024.pdf,Telangana,https://www.tgtransco.com/user_uploads/trans_losses/Tr_losses_July-2024.pdf
Sky Power Southeast Asia III Ltd (Previously Sunshakthi solar,2024-07,5.59,Tr_losses_July-2024.pdf,Telangana,https://www.tgtransco.com/user_uploads/trans_losses/Tr_losses_July-2024.pdf
Sunborne,2024-07,4.49,Tr_losses_July-2024.pdf,Telangana,https://www.tgtransco.com/user_uploads/trans_losses/Tr_losses_July-2024.pdf
Sunworld Solar Power Pvt. Ltd.,2024-07,3.6,Tr_losses_July-2024.pdf,Telangana,https://www.tgtransco.com/user_uploads/trans_losses/Tr_losses_July-2024.pdf
Suprasanna Solar,2024-07,2.03,Tr_losses_July-2024.pdf,Telangana,https://www.tgtransco.com/user_uploads/trans_losses/Tr_losses_July-2024.pdf
Suraj Kiran Solar Technologies (Mdk),2024-07,5.63,Tr_losses_July-2024.pdf,Telangana,https://www.tgtransco.com/user_uploads/trans_losses/Tr_losses_July-2024.pdf
Suraj Kiran solar (Nlg),2024-07,5.82,Tr_losses_July-2024.pdf,Telangana,https://www.tgtransco.com/user_uploads/trans_losses/Tr_losses_July-2024.pdf
Suryoday Energy Pvt. Ltd. (Shapoorji Pallonji)(Solar),2024-07,3.53,Tr_losses_July-2024.pdf,Telangana,https://www.tgtransco.com/user_uploads/trans_losses/Tr_losses_July-2024.pdf
Transform Sun Energy 220kV,2024-07,10.67,Tr_losses_July-2024.pdf,Telangana,https://www.tgtransco.com/user_uploads/trans_losses/Tr_losses_July-2024.pdf
Ujjvalatejas Solaire Urja Pvt. Ltd. (Solar),2024-07,2.2,Tr_losses_July-2024.pdf,Telangana,https://www.tgtransco.com/user_uploads/trans_losses/Tr_losses_July-2024.pdf
Vena Energy Solar Pvt Ltd (Previously Energon Soleq Pvt Ltd ),2024-07,5.26,Tr_losses_July-2024.pdf,Telangana,https://www.tgtransco.com/user_uploads/trans_losses/Tr_losses_July-2024.pdf
Winsol solar (Polepally),2024-07,1.81,Tr_losses_July-2024.pdf,Telangana,https://www.tgtransco.com/user_uploads/trans_losses/Tr_losses_July-2024.pdf
Winsol solar (Tandur),2024-07,5.65,Tr_losses_July-2024.pdf,Telangana,https://www.tgtransco.com/user_uploads/trans_losses/Tr_losses_July-2024.pdf
Zuka Solar,2024-07,6.96,Tr_losses_July-2024.pdf,Telangana,https://www.tgtransco.com/user_uploads/trans_losses/Tr_losses_July-2024.pdf
TSGENCO-THERMAL 1828.61 TSSPDCL,2022-06,3760.54,Tr_losses_June-2022.pdf,Telangana,https://www.tgtransco.com/user_uploads/trans_losses/Tr_losses_June-2022.pdf
TSGENCO-HYDEL 72.91 TSNPDCL,2022-06,1198.09,Tr_losses_June-2022.pdf,Telangana,https://www.tgtransco.com/user_uploads/trans_losses/Tr_losses_June-2022.pdf
132kv Laxmi Tulasi,2022-06,0.47,Tr_losses_June-2022.pdf,Telangana,https://www.tgtransco.com/user_uploads/trans_losses/Tr_losses_June-2022.pdf
132 kV Orient Cement,2022-06,0.01,Tr_losses_June-2022.pdf,Telangana,https://www.tgtransco.com/user_uploads/trans_losses/Tr_losses_June-2022.pdf
220KV Navabharat Energy India Ltd (NBEIL)-I,2022-06,30.87,Tr_losses_June-2022.pdf,Telangana,https://www.tgtransco.com/user_uploads/trans_losses/Tr_losses_June-2022.pdf
220KV Navabharat Energy India Ltd (NBEIL)-II,2022-06,30.79,Tr_losses_June-2022.pdf,Telangana,https://www.tgtransco.com/user_uploads/trans_losses/Tr_losses_June-2022.pdf
132KV Penna Power-I,2022-06,0.0,Tr_losses_June-2022.pdf,Telangana,https://www.tgtransco.com/user_uploads/trans_losses/Tr_losses_June-2022.pdf
132KV Penna Power-II,2022-06,0.0,Tr_losses_June-2022.pdf,Telangana,https://www.tgtransco.com/user_uploads/trans_losses/Tr_losses_June-2022.pdf
132KV Deccan Cements,2022-06,0.01,Tr_losses_June-2022.pdf,Telangana,https://www.tgtransco.com/user_uploads/trans_losses/Tr_losses_June-2022.pdf
132 kV Madhucon,2022-06,0.0,Tr_losses_June-2022.pdf,Telangana,https://www.tgtransco.com/user_uploads/trans_losses/Tr_losses_June-2022.pdf
132kv SCCL 30MW Solar Plant (Manuguru),2022-06,3.53,Tr_losses_June-2022.pdf,Telangana,https://www.tgtransco.com/user_uploads/trans_losses/Tr_losses_June-2022.pdf
132kV PSR Green Power Proj. pvt. Ltd.,2022-06,0.0,Tr_losses_June-2022.pdf,Telangana,https://www.tgtransco.com/user_uploads/trans_losses/Tr_losses_June-2022.pdf
220KV RFCL,2022-06,0.01,Tr_losses_June-2022.pdf,Telangana,https://www.tgtransco.com/user_uploads/trans_losses/Tr_losses_June-2022.pdf
132 kV Kesoram,2022-06,0.0,Tr_losses_June-2022.pdf,Telangana,https://www.tgtransco.com/user_uploads/trans_losses/Tr_losses_June-2022.pdf
132 kV Sitapuram Power Limited,2022-06,0.63,Tr_losses_June-2022.pdf,Telangana,https://www.tgtransco.com/user_uploads/trans_losses/Tr_losses_June-2022.pdf
132 kV Anjaini Port Land Cement,2022-06,0.91,Tr_losses_June-2022.pdf,Telangana,https://www.tgtransco.com/user_uploads/trans_losses/Tr_losses_June-2022.pdf
132kv SCCL 37 MW Solar Plant (Sitharampatnam),2022-06,4.59,Tr_losses_June-2022.pdf,Telangana,https://www.tgtransco.com/user_uploads/trans_losses/Tr_losses_June-2022.pdf
132 kV Sitaramapatnam - BPBL,2022-06,0.0,Tr_losses_June-2022.pdf,Telangana,https://www.tgtransco.com/user_uploads/trans_losses/Tr_losses_June-2022.pdf
132kV Krishnaveni Sugars Ltd,2022-06,0.0,Tr_losses_June-2022.pdf,Telangana,https://www.tgtransco.com/user_uploads/trans_losses/Tr_losses_June-2022.pdf
132 kV My Home Industries Limited,2022-06,0.0,Tr_losses_June-2022.pdf,Telangana,https://www.tgtransco.com/user_uploads/trans_losses/Tr_losses_June-2022.pdf
132 kV ICL (Rassi Cements),2022-06,0.0,Tr_losses_June-2022.pdf,Telangana,https://www.tgtransco.com/user_uploads/trans_losses/Tr_losses_June-2022.pdf
132 kV Bharat Electronics Ltd. (solar),2022-06,1.9,Tr_losses_June-2022.pdf,Telangana,https://www.tgtransco.com/user_uploads/trans_losses/Tr_losses_June-2022.pdf
132kv SCCL Solar Power Plant (Yellandu),2022-06,4.74,Tr_losses_June-2022.pdf,Telangana,https://www.tgtransco.com/user_uploads/trans_losses/Tr_losses_June-2022.pdf
ACME Medak Solar energy Pvt. Ltd.,2022-06,7.08,Tr_losses_June-2022.pdf,Telangana,https://www.tgtransco.com/user_uploads/trans_losses/Tr_losses_June-2022.pdf
ACME Nizamabad Solar Energy Pvt. Ltd,2022-06,7.4,Tr_losses_June-2022.pdf,Telangana,https://www.tgtransco.com/user_uploads/trans_losses/Tr_losses_June-2022.pdf
ACME PV Powertech Pvt. Ltd. (Sadasivpet),2022-06,7.75,Tr_losses_June-2022.pdf,Telangana,https://www.tgtransco.com/user_uploads/trans_losses/Tr_losses_June-2022.pdf
ACME Rangareddy Solar Power,2022-06,4.35,Tr_losses_June-2022.pdf,Telangana,https://www.tgtransco.com/user_uploads/trans_losses/Tr_losses_June-2022.pdf
ACME Solar Power Tech. Pvt. Ltd. (Bhongir),2022-06,7.83,Tr_losses_June-2022.pdf,Telangana,https://www.tgtransco.com/user_uploads/trans_losses/Tr_losses_June-2022.pdf
Azure Power India Pvt. Ltd. (solar),2022-06,16.15,Tr_losses_June-2022.pdf,Telangana,https://www.tgtransco.com/user_uploads/trans_losses/Tr_losses_June-2022.pdf
Clean Hero Wind Power,2022-06,6.91,Tr_losses_June-2022.pdf,Telangana,https://www.tgtransco.com/user_uploads/trans_losses/Tr_losses_June-2022.pdf
Clean Solar Power (Chittradurga) Pvt. Ltd,2022-06,5.28,Tr_losses_June-2022.pdf,Telangana,https://www.tgtransco.com/user_uploads/trans_losses/Tr_losses_June-2022.pdf
Clean solar,2022-06,4.11,Tr_losses_June-2022.pdf,Telangana,https://www.tgtransco.com/user_uploads/trans_losses/Tr_losses_June-2022.pdf
Dayakara Solar (P) Ltd.,2022-06,4.79,Tr_losses_June-2022.pdf,Telangana,https://www.tgtransco.com/user_uploads/trans_losses/Tr_losses_June-2022.pdf
Dinakar Solar,2022-06,3.5,Tr_losses_June-2022.pdf,Telangana,https://www.tgtransco.com/user_uploads/trans_losses/Tr_losses_June-2022.pdf
Divine Solren Pvt. ltd.,2022-06,7.47,Tr_losses_June-2022.pdf,Telangana,https://www.tgtransco.com/user_uploads/trans_losses/Tr_losses_June-2022.pdf
Pvt Ltd ),2022-06,7.45,Tr_losses_June-2022.pdf,Telangana,https://www.tgtransco.com/user_uploads/trans_losses/Tr_losses_June-2022.pdf
Energon Soleq Solar (Sadasivapet),2022-06,7.54,Tr_losses_June-2022.pdf,Telangana,https://www.tgtransco.com/user_uploads/trans_losses/Tr_losses_June-2022.pdf
Enrich (Solar),2022-06,6.68,Tr_losses_June-2022.pdf,Telangana,https://www.tgtransco.com/user_uploads/trans_losses/Tr_losses_June-2022.pdf
G.S.R.Sugars Pvt Ltd,2022-06,-0.06,Tr_losses_June-2022.pdf,Telangana,https://www.tgtransco.com/user_uploads/trans_losses/Tr_losses_June-2022.pdf
Ganapathi Sugars Ltd.,2022-06,-0.04,Tr_losses_June-2022.pdf,Telangana,https://www.tgtransco.com/user_uploads/trans_losses/Tr_losses_June-2022.pdf
Grahati Solar,2022-06,7.97,Tr_losses_June-2022.pdf,Telangana,https://www.tgtransco.com/user_uploads/trans_losses/Tr_losses_June-2022.pdf
Hyderabad MSW Energy Solutions PVT LTD,2022-06,13.24,Tr_losses_June-2022.pdf,Telangana,https://www.tgtransco.com/user_uploads/trans_losses/Tr_losses_June-2022.pdf
Jilesh Power Pvt. Ltd (Solar),2022-06,7.74,Tr_losses_June-2022.pdf,Telangana,https://www.tgtransco.com/user_uploads/trans_losses/Tr_losses_June-2022.pdf
Kakatiya Cement & Sugar Industries Ltd.,2022-06,-0.1,Tr_losses_June-2022.pdf,Telangana,https://www.tgtransco.com/user_uploads/trans_losses/Tr_losses_June-2022.pdf
Karvy Solar Pvt. Ltd. (Sadasivapet),2022-06,2.89,Tr_losses_June-2022.pdf,Telangana,https://www.tgtransco.com/user_uploads/trans_losses/Tr_losses_June-2022.pdf
Karvy solar (Mandamarry),2022-06,6.58,Tr_losses_June-2022.pdf,Telangana,https://www.tgtransco.com/user_uploads/trans_losses/Tr_losses_June-2022.pdf
My Home Power Ltd. (NGPL),2022-06,0.0,Tr_losses_June-2022.pdf,Telangana,https://www.tgtransco.com/user_uploads/trans_losses/Tr_losses_June-2022.pdf
Mytrah Agriya Power Pvt. Ltd. (Solar),2022-06,7.74,Tr_losses_June-2022.pdf,Telangana,https://www.tgtransco.com/user_uploads/trans_losses/Tr_losses_June-2022.pdf
Mytrah Agriya Power Pvt. Ltd. (solar) (Kamareddy),2022-06,7.41,Tr_losses_June-2022.pdf,Telangana,https://www.tgtransco.com/user_uploads/trans_losses/Tr_losses_June-2022.pdf
Mytrah Vayu (Godavari) Pvt. Ltd. (Wind),2022-06,22.02,Tr_losses_June-2022.pdf,Telangana,https://www.tgtransco.com/user_uploads/trans_losses/Tr_losses_June-2022.pdf
NEO Solren Pvt. Ltd. (solar),2022-06,5.78,Tr_losses_June-2022.pdf,Telangana,https://www.tgtransco.com/user_uploads/trans_losses/Tr_losses_June-2022.pdf
NTPC Solar power plant (10MW),2022-06,0.87,Tr_losses_June-2022.pdf,Telangana,https://www.tgtransco.com/user_uploads/trans_losses/Tr_losses_June-2022.pdf
Nizam Deccan Sugars Ltd,2022-06,0.0,Tr_losses_June-2022.pdf,Telangana,https://www.tgtransco.com/user_uploads/trans_losses/Tr_losses_June-2022.pdf
Param Pujya Solar Farms Ltd. Plant-I,2022-06,8.21,Tr_losses_June-2022.pdf,Telangana,https://www.tgtransco.com/user_uploads/trans_losses/Tr_losses_June-2022.pdf
Param Pujya Solar Farms Ltd. Plant-II,2022-06,9.26,Tr_losses_June-2022.pdf,Telangana,https://www.tgtransco.com/user_uploads/trans_losses/Tr_losses_June-2022.pdf
Polepally Solar Park,2022-06,3.68,Tr_losses_June-2022.pdf,Telangana,https://www.tgtransco.com/user_uploads/trans_losses/Tr_losses_June-2022.pdf
Prathamesh solar farms Ltd.,2022-06,8.57,Tr_losses_June-2022.pdf,Telangana,https://www.tgtransco.com/user_uploads/trans_losses/Tr_losses_June-2022.pdf
RDF Power Projects Pvt. Ltd.,2022-06,0.0,Tr_losses_June-2022.pdf,Telangana,https://www.tgtransco.com/user_uploads/trans_losses/Tr_losses_June-2022.pdf
Renew Mega Solar Pvt.Ltd,2022-06,7.56,Tr_losses_June-2022.pdf,Telangana,https://www.tgtransco.com/user_uploads/trans_losses/Tr_losses_June-2022.pdf
Renew Saurshakthi Pvt. Ltd.,2022-06,4.48,Tr_losses_June-2022.pdf,Telangana,https://www.tgtransco.com/user_uploads/trans_losses/Tr_losses_June-2022.pdf
Renew Solar Energy Pvt. Ltd. 220kV,2022-06,23.87,Tr_losses_June-2022.pdf,Telangana,https://www.tgtransco.com/user_uploads/trans_losses/Tr_losses_June-2022.pdf
Renew Solar Plant (Mdk. Dist.),2022-06,3.36,Tr_losses_June-2022.pdf,Telangana,https://www.tgtransco.com/user_uploads/trans_losses/Tr_losses_June-2022.pdf
Renew Solar Pvt Ltd. (Minpur),2022-06,10.29,Tr_losses_June-2022.pdf,Telangana,https://www.tgtransco.com/user_uploads/trans_losses/Tr_losses_June-2022.pdf
Renew Wind TN2 Solar,2022-06,16.54,Tr_losses_June-2022.pdf,Telangana,https://www.tgtransco.com/user_uploads/trans_losses/Tr_losses_June-2022.pdf
Renue Akshay Solar Plant,2022-06,14.24,Tr_losses_June-2022.pdf,Telangana,https://www.tgtransco.com/user_uploads/trans_losses/Tr_losses_June-2022.pdf
SLS Power Corp. Ltd. (Minihydel) 132KV,2022-06,1.74,Tr_losses_June-2022.pdf,Telangana,https://www.tgtransco.com/user_uploads/trans_losses/Tr_losses_June-2022.pdf
SUZLON Energy Ltd.,2022-06,17.54,Tr_losses_June-2022.pdf,Telangana,https://www.tgtransco.com/user_uploads/trans_losses/Tr_losses_June-2022.pdf
Shravana Power Projects Pvt. Ltd.,2022-06,0.04,Tr_losses_June-2022.pdf,Telangana,https://www.tgtransco.com/user_uploads/trans_losses/Tr_losses_June-2022.pdf
solar pvt. Ltd.),2022-06,7.9,Tr_losses_June-2022.pdf,Telangana,https://www.tgtransco.com/user_uploads/trans_losses/Tr_losses_June-2022.pdf
Sunborne Energy Tech. (P) Ltd. (Solar),2022-06,5.78,Tr_losses_June-2022.pdf,Telangana,https://www.tgtransco.com/user_uploads/trans_losses/Tr_losses_June-2022.pdf
Sunworld Solar Power Pvt. Ltd.,2022-06,4.64,Tr_losses_June-2022.pdf,Telangana,https://www.tgtransco.com/user_uploads/trans_losses/Tr_losses_June-2022.pdf
Suprasanna Solar,2022-06,2.99,Tr_losses_June-2022.pdf,Telangana,https://www.tgtransco.com/user_uploads/trans_losses/Tr_losses_June-2022.pdf
Suraj Kiran Solar Technologies (Mdk),2022-06,8.06,Tr_losses_June-2022.pdf,Telangana,https://www.tgtransco.com/user_uploads/trans_losses/Tr_losses_June-2022.pdf
Suraj Kiran solar (Nlg),2022-06,8.34,Tr_losses_June-2022.pdf,Telangana,https://www.tgtransco.com/user_uploads/trans_losses/Tr_losses_June-2022.pdf
Suryoday Energy Pvt. Ltd. (Shapoorji Pallonji)(Solar),2022-06,5.09,Tr_losses_June-2022.pdf,Telangana,https://www.tgtransco.com/user_uploads/trans_losses/Tr_losses_June-2022.pdf
Transform Sun Energy 220kV,2022-06,13.97,Tr_losses_June-2022.pdf,Telangana,https://www.tgtransco.com/user_uploads/trans_losses/Tr_losses_June-2022.pdf
Ujjvalatejas Solaire Urja Pvt. Ltd. (Solar),2022-06,2.92,Tr_losses_June-2022.pdf,Telangana,https://www.tgtransco.com/user_uploads/trans_losses/Tr_losses_June-2022.pdf
Winsol solar (Polepally),2022-06,2.47,Tr_losses_June-2022.pdf,Telangana,https://www.tgtransco.com/user_uploads/trans_losses/Tr_losses_June-2022.pdf
Winsol solar (Tandur),2022-06,7.7,Tr_losses_June-2022.pdf,Telangana,https://www.tgtransco.com/user_uploads/trans_losses/Tr_losses_June-2022.pdf
Zuka Solar,2022-06,9.21,Tr_losses_June-2022.pdf,Telangana,https://www.tgtransco.com/user_uploads/trans_losses/Tr_losses_June-2022.pdf
TSGENCO-THERMAL 2291.24 TSSPDCL,2023-06,4294.68,Tr_losses_June-2023.pdf,Telangana,https://www.tgtransco.com/user_uploads/trans_losses/Tr_losses_June-2023.pdf
TSGENCO-HYDEL 53.98 TSNPDCL,2023-06,1419.86,Tr_losses_June-2023.pdf,Telangana,https://www.tgtransco.com/user_uploads/trans_losses/Tr_losses_June-2023.pdf
132kv Laxmi Tulasi,2023-06,0.01,Tr_losses_June-2023.pdf,Telangana,https://www.tgtransco.com/user_uploads/trans_losses/Tr_losses_June-2023.pdf
132 kV Orient Cement,2023-06,0.34,Tr_losses_June-2023.pdf,Telangana,https://www.tgtransco.com/user_uploads/trans_losses/Tr_losses_June-2023.pdf
220KV Navabharat Energy India Ltd (NBEIL)-I,2023-06,11.85,Tr_losses_June-2023.pdf,Telangana,https://www.tgtransco.com/user_uploads/trans_losses/Tr_losses_June-2023.pdf
220KV Navabharat Energy India Ltd (NBEIL)-II,2023-06,11.91,Tr_losses_June-2023.pdf,Telangana,https://www.tgtransco.com/user_uploads/trans_losses/Tr_losses_June-2023.pdf
132KV Penna Power-I,2023-06,0.0,Tr_losses_June-2023.pdf,Telangana,https://www.tgtransco.com/user_uploads/trans_losses/Tr_losses_June-2023.pdf
132KV Penna Power-II,2023-06,0.0,Tr_losses_June-2023.pdf,Telangana,https://www.tgtransco.com/user_uploads/trans_losses/Tr_losses_June-2023.pdf
132KV Deccan Cements,2023-06,0.01,Tr_losses_June-2023.pdf,Telangana,https://www.tgtransco.com/user_uploads/trans_losses/Tr_losses_June-2023.pdf
132 kV Madhucon,2023-06,0.0,Tr_losses_June-2023.pdf,Telangana,https://www.tgtransco.com/user_uploads/trans_losses/Tr_losses_June-2023.pdf
132kv SCCL 30MW Solar Plant (Manuguru),2023-06,3.59,Tr_losses_June-2023.pdf,Telangana,https://www.tgtransco.com/user_uploads/trans_losses/Tr_losses_June-2023.pdf
132kV PSR Green Power Proj. pvt. Ltd.,2023-06,0.0,Tr_losses_June-2023.pdf,Telangana,https://www.tgtransco.com/user_uploads/trans_losses/Tr_losses_June-2023.pdf
220KV RFCL,2023-06,0.04,Tr_losses_June-2023.pdf,Telangana,https://www.tgtransco.com/user_uploads/trans_losses/Tr_losses_June-2023.pdf
132 kV Kesoram,2023-06,0.0,Tr_losses_June-2023.pdf,Telangana,https://www.tgtransco.com/user_uploads/trans_losses/Tr_losses_June-2023.pdf
132 kV Sitapuram Power Limited,2023-06,0.0,Tr_losses_June-2023.pdf,Telangana,https://www.tgtransco.com/user_uploads/trans_losses/Tr_losses_June-2023.pdf
132 kV Anjaini Port Land Cement,2023-06,0.0,Tr_losses_June-2023.pdf,Telangana,https://www.tgtransco.com/user_uploads/trans_losses/Tr_losses_June-2023.pdf
132kv SCCL 37 MW Solar Plant (Sitharampatnam),2023-06,5.41,Tr_losses_June-2023.pdf,Telangana,https://www.tgtransco.com/user_uploads/trans_losses/Tr_losses_June-2023.pdf
132 kV Sitaramapatnam - BPBL,2023-06,0.01,Tr_losses_June-2023.pdf,Telangana,https://www.tgtransco.com/user_uploads/trans_losses/Tr_losses_June-2023.pdf
132kV Krishnaveni Sugars Ltd,2023-06,0.0,Tr_losses_June-2023.pdf,Telangana,https://www.tgtransco.com/user_uploads/trans_losses/Tr_losses_June-2023.pdf
132 kV My Home Industries Limited,2023-06,1.96,Tr_losses_June-2023.pdf,Telangana,https://www.tgtransco.com/user_uploads/trans_losses/Tr_losses_June-2023.pdf
132 kV ICL (Rassi Cements),2023-06,0.0,Tr_losses_June-2023.pdf,Telangana,https://www.tgtransco.com/user_uploads/trans_losses/Tr_losses_June-2023.pdf
132 kV Bharat Electronics Ltd. (solar),2023-06,1.52,Tr_losses_June-2023.pdf,Telangana,https://www.tgtransco.com/user_uploads/trans_losses/Tr_losses_June-2023.pdf
132kv SCCL Solar Power Plant (Yellandu),2023-06,5.33,Tr_losses_June-2023.pdf,Telangana,https://www.tgtransco.com/user_uploads/trans_losses/Tr_losses_June-2023.pdf
ACME Medak Solar energy Pvt. Ltd.,2023-06,7.94,Tr_losses_June-2023.pdf,Telangana,https://www.tgtransco.com/user_uploads/trans_losses/Tr_losses_June-2023.pdf
ACME Nizamabad Solar Energy Pvt. Ltd,2023-06,8.22,Tr_losses_June-2023.pdf,Telangana,https://www.tgtransco.com/user_uploads/trans_losses/Tr_losses_June-2023.pdf
ACME PV Powertech Pvt. Ltd. (Sadasivpet),2023-06,8.79,Tr_losses_June-2023.pdf,Telangana,https://www.tgtransco.com/user_uploads/trans_losses/Tr_losses_June-2023.pdf
ACME Rangareddy Solar Power,2023-06,4.91,Tr_losses_June-2023.pdf,Telangana,https://www.tgtransco.com/user_uploads/trans_losses/Tr_losses_June-2023.pdf
ACME Solar Power Tech. Pvt. Ltd. (Bhongir),2023-06,8.52,Tr_losses_June-2023.pdf,Telangana,https://www.tgtransco.com/user_uploads/trans_losses/Tr_losses_June-2023.pdf
Azure Power India Pvt. Ltd. (solar),2023-06,16.65,Tr_losses_June-2023.pdf,Telangana,https://www.tgtransco.com/user_uploads/trans_losses/Tr_losses_June-2023.pdf
Clean Hero Wind Power,2023-06,9.17,Tr_losses_June-2023.pdf,Telangana,https://www.tgtransco.com/user_uploads/trans_losses/Tr_losses_June-2023.pdf
Clean Solar Power (Chittradurga) Pvt. Ltd,2023-06,6.02,Tr_losses_June-2023.pdf,Telangana,https://www.tgtransco.com/user_uploads/trans_losses/Tr_losses_June-2023.pdf
Clean solar,2023-06,4.5,Tr_losses_June-2023.pdf,Telangana,https://www.tgtransco.com/user_uploads/trans_losses/Tr_losses_June-2023.pdf
Dayakara Solar (P) Ltd.,2023-06,5.08,Tr_losses_June-2023.pdf,Telangana,https://www.tgtransco.com/user_uploads/trans_losses/Tr_losses_June-2023.pdf
Dinakar Solar,2023-06,4.33,Tr_losses_June-2023.pdf,Telangana,https://www.tgtransco.com/user_uploads/trans_losses/Tr_losses_June-2023.pdf
Divine Solren Pvt. ltd.,2023-06,7.85,Tr_losses_June-2023.pdf,Telangana,https://www.tgtransco.com/user_uploads/trans_losses/Tr_losses_June-2023.pdf
Energon Soleq Solar (Sadasivapet),2023-06,8.46,Tr_losses_June-2023.pdf,Telangana,https://www.tgtransco.com/user_uploads/trans_losses/Tr_losses_June-2023.pdf
Enrich (Solar),2023-06,7.73,Tr_losses_June-2023.pdf,Telangana,https://www.tgtransco.com/user_uploads/trans_losses/Tr_losses_June-2023.pdf
G.S.R.Sugars Pvt Ltd,2023-06,-0.06,Tr_losses_June-2023.pdf,Telangana,https://www.tgtransco.com/user_uploads/trans_losses/Tr_losses_June-2023.pdf
Ganapathi Sugars Ltd.,2023-06,-0.05,Tr_losses_June-2023.pdf,Telangana,https://www.tgtransco.com/user_uploads/trans_losses/Tr_losses_June-2023.pdf
Grahati Solar,2023-06,8.68,Tr_losses_June-2023.pdf,Telangana,https://www.tgtransco.com/user_uploads/trans_losses/Tr_losses_June-2023.pdf
Hyderabad MSW Energy Solutions PVT LTD,2023-06,9.22,Tr_losses_June-2023.pdf,Telangana,https://www.tgtransco.com/user_uploads/trans_losses/Tr_losses_June-2023.pdf
Jilesh Power Pvt. Ltd (Solar),2023-06,8.23,Tr_losses_June-2023.pdf,Telangana,https://www.tgtransco.com/user_uploads/trans_losses/Tr_losses_June-2023.pdf
Kakatiya Cement & Sugar Industries Ltd.,2023-06,-0.12,Tr_losses_June-2023.pdf,Telangana,https://www.tgtransco.com/user_uploads/trans_losses/Tr_losses_June-2023.pdf
Karvy Solar Pvt. Ltd. (Sadasivapet),2023-06,3.21,Tr_losses_June-2023.pdf,Telangana,https://www.tgtransco.com/user_uploads/trans_losses/Tr_losses_June-2023.pdf
Karvy solar (Mandamarry),2023-06,7.05,Tr_losses_June-2023.pdf,Telangana,https://www.tgtransco.com/user_uploads/trans_losses/Tr_losses_June-2023.pdf
My Home Power Ltd. (NGPL),2023-06,0.0,Tr_losses_June-2023.pdf,Telangana,https://www.tgtransco.com/user_uploads/trans_losses/Tr_losses_June-2023.pdf
Mytrah Agriya Power Pvt. Ltd. (Solar),2023-06,8.58,Tr_losses_June-2023.pdf,Telangana,https://www.tgtransco.com/user_uploads/trans_losses/Tr_losses_June-2023.pdf
Mytrah Agriya Power Pvt. Ltd. (solar) (Kamareddy),2023-06,8.84,Tr_losses_June-2023.pdf,Telangana,https://www.tgtransco.com/user_uploads/trans_losses/Tr_losses_June-2023.pdf
Mytrah Vayu (Godavari) Pvt. Ltd. (Wind),2023-06,31.43,Tr_losses_June-2023.pdf,Telangana,https://www.tgtransco.com/user_uploads/trans_losses/Tr_losses_June-2023.pdf
NEO Solren Pvt. Ltd. (solar),2023-06,6.32,Tr_losses_June-2023.pdf,Telangana,https://www.tgtransco.com/user_uploads/trans_losses/Tr_losses_June-2023.pdf
NTPC Solar power plant (10MW),2023-06,0.88,Tr_losses_June-2023.pdf,Telangana,https://www.tgtransco.com/user_uploads/trans_losses/Tr_losses_June-2023.pdf
Nizam Deccan Sugars Ltd,2023-06,0.0,Tr_losses_June-2023.pdf,Telangana,https://www.tgtransco.com/user_uploads/trans_losses/Tr_losses_June-2023.pdf
Param Pujya Solar Farms Ltd. Plant-I,2023-06,9.35,Tr_losses_June-2023.pdf,Telangana,https://www.tgtransco.com/user_uploads/trans_losses/Tr_losses_June-2023.pdf
Param Pujya Solar Farms Ltd. Plant-II,2023-06,10.59,Tr_losses_June-2023.pdf,Telangana,https://www.tgtransco.com/user_uploads/trans_losses/Tr_losses_June-2023.pdf
Polepally Solar Park,2023-06,3.85,Tr_losses_June-2023.pdf,Telangana,https://www.tgtransco.com/user_uploads/trans_losses/Tr_losses_June-2023.pdf
Prathamesh solar farms Ltd.,2023-06,9.03,Tr_losses_June-2023.pdf,Telangana,https://www.tgtransco.com/user_uploads/trans_losses/Tr_losses_June-2023.pdf
RDF Power Projects Pvt. Ltd.,2023-06,0.0,Tr_losses_June-2023.pdf,Telangana,https://www.tgtransco.com/user_uploads/trans_losses/Tr_losses_June-2023.pdf
Renew Mega Solar Pvt.Ltd,2023-06,8.3,Tr_losses_June-2023.pdf,Telangana,https://www.tgtransco.com/user_uploads/trans_losses/Tr_losses_June-2023.pdf
Renew Saurshakthi Pvt. Ltd.,2023-06,5.39,Tr_losses_June-2023.pdf,Telangana,https://www.tgtransco.com/user_uploads/trans_losses/Tr_losses_June-2023.pdf
Renew Solar Energy Pvt. Ltd. 220kV,2023-06,27.1,Tr_losses_June-2023.pdf,Telangana,https://www.tgtransco.com/user_uploads/trans_losses/Tr_losses_June-2023.pdf
Renew Solar Plant (Mdk. Dist.),2023-06,3.69,Tr_losses_June-2023.pdf,Telangana,https://www.tgtransco.com/user_uploads/trans_losses/Tr_losses_June-2023.pdf
Renew Solar Pvt Ltd. (Minpur),2023-06,12.05,Tr_losses_June-2023.pdf,Telangana,https://www.tgtransco.com/user_uploads/trans_losses/Tr_losses_June-2023.pdf
Renew Wind TN2 Solar,2023-06,18.16,Tr_losses_June-2023.pdf,Telangana,https://www.tgtransco.com/user_uploads/trans_losses/Tr_losses_June-2023.pdf
Renue Akshay Solar Plant,2023-06,15.8,Tr_losses_June-2023.pdf,Telangana,https://www.tgtransco.com/user_uploads/trans_losses/Tr_losses_June-2023.pdf
SLS Power Corp. Ltd. (Minihydel) 132KV,2023-06,0.21,Tr_losses_June-2023.pdf,Telangana,https://www.tgtransco.com/user_uploads/trans_losses/Tr_losses_June-2023.pdf
SUZLON Energy Ltd.,2023-06,19.46,Tr_losses_June-2023.pdf,Telangana,https://www.tgtransco.com/user_uploads/trans_losses/Tr_losses_June-2023.pdf
Shravana Power Projects Pvt. Ltd.,2023-06,-0.02,Tr_losses_June-2023.pdf,Telangana,https://www.tgtransco.com/user_uploads/trans_losses/Tr_losses_June-2023.pdf
Sky Power Southeast Asia III Ltd (Previously Sunshakthi solar pvt. Ltd.),2023-06,9.26,Tr_losses_June-2023.pdf,Telangana,https://www.tgtransco.com/user_uploads/trans_losses/Tr_losses_June-2023.pdf
Sunborne Energy Tech. (P) Ltd. (Solar),2023-06,6.3,Tr_losses_June-2023.pdf,Telangana,https://www.tgtransco.com/user_uploads/trans_losses/Tr_losses_June-2023.pdf
Sunworld Solar Power Pvt. Ltd.,2023-06,4.83,Tr_losses_June-2023.pdf,Telangana,https://www.tgtransco.com/user_uploads/trans_losses/Tr_losses_June-2023.pdf
Suprasanna Solar,2023-06,3.07,Tr_losses_June-2023.pdf,Telangana,https://www.tgtransco.com/user_uploads/trans_losses/Tr_losses_June-2023.pdf
Suraj Kiran Solar Technologies (Mdk),2023-06,9.17,Tr_losses_June-2023.pdf,Telangana,https://www.tgtransco.com/user_uploads/trans_losses/Tr_losses_June-2023.pdf
Suraj Kiran solar (Nlg),2023-06,8.7,Tr_losses_June-2023.pdf,Telangana,https://www.tgtransco.com/user_uploads/trans_losses/Tr_losses_June-2023.pdf
Suryoday Energy Pvt. Ltd. (Shapoorji Pallonji)(Solar),2023-06,5.64,Tr_losses_June-2023.pdf,Telangana,https://www.tgtransco.com/user_uploads/trans_losses/Tr_losses_June-2023.pdf
Transform Sun Energy 220kV,2023-06,15.31,Tr_losses_June-2023.pdf,Telangana,https://www.tgtransco.com/user_uploads/trans_losses/Tr_losses_June-2023.pdf
Ujjvalatejas Solaire Urja Pvt. Ltd. (Solar),2023-06,3.08,Tr_losses_June-2023.pdf,Telangana,https://www.tgtransco.com/user_uploads/trans_losses/Tr_losses_June-2023.pdf
Vena Energy Solar Pvt Ltd (Previously Energon Soleq Pvt Ltd ),2023-06,7.97,Tr_losses_June-2023.pdf,Telangana,https://www.tgtransco.com/user_uploads/trans_losses/Tr_losses_June-2023.pdf
Winsol solar (Polepally),2023-06,2.57,Tr_losses_June-2023.pdf,Telangana,https://www.tgtransco.com/user_uploads/trans_losses/Tr_losses_June-2023.pdf
Winsol solar (Tandur),2023-06,8.48,Tr_losses_June-2023.pdf,Telangana,https://www.tgtransco.com/user_uploads/trans_losses/Tr_losses_June-2023.pdf
Zuka Solar,2023-06,9.24,Tr_losses_June-2023.pdf,Telangana,https://www.tgtransco.com/user_uploads/trans_losses/Tr_losses_June-2023.pdf
TSGENCO-THERMAL 1948.92 TGSPDCL,2024-06,4313.2,Tr_losses_June-2024.pdf,Telangana,https://www.tgtransco.com/user_uploads/trans_losses/Tr_losses_June-2024.pdf
TSGENCO-HYDEL -1.63 TGNPDCL,2024-06,1434.21,Tr_losses_June-2024.pdf,Telangana,https://www.tgtransco.com/user_uploads/trans_losses/Tr_losses_June-2024.pdf
132kv Laxmi Tulasi,2024-06,0.0,Tr_losses_June-2024.pdf,Telangana,https://www.tgtransco.com/user_uploads/trans_losses/Tr_losses_June-2024.pdf
132 kV Orient Cement,2024-06,0.53,Tr_losses_June-2024.pdf,Telangana,https://www.tgtransco.com/user_uploads/trans_losses/Tr_losses_June-2024.pdf
220KV Navabharat Energy India Ltd (NBEIL)-I,2024-06,42.34,Tr_losses_June-2024.pdf,Telangana,https://www.tgtransco.com/user_uploads/trans_losses/Tr_losses_June-2024.pdf
220KV Navabharat Energy India Ltd (NBEIL)-II,2024-06,42.22,Tr_losses_June-2024.pdf,Telangana,https://www.tgtransco.com/user_uploads/trans_losses/Tr_losses_June-2024.pdf
132KV Penna Power-I,2024-06,0.0,Tr_losses_June-2024.pdf,Telangana,https://www.tgtransco.com/user_uploads/trans_losses/Tr_losses_June-2024.pdf
132KV Penna Power-II,2024-06,0.0,Tr_losses_June-2024.pdf,Telangana,https://www.tgtransco.com/user_uploads/trans_losses/Tr_losses_June-2024.pdf
132KV Deccan Cements,2024-06,0.0,Tr_losses_June-2024.pdf,Telangana,https://www.tgtransco.com/user_uploads/trans_losses/Tr_losses_June-2024.pdf
132 kV Madhucon,2024-06,0.0,Tr_losses_June-2024.pdf,Telangana,https://www.tgtransco.com/user_uploads/trans_losses/Tr_losses_June-2024.pdf
132kv SCCL 30MW Solar Plant (Manuguru),2024-06,3.47,Tr_losses_June-2024.pdf,Telangana,https://www.tgtransco.com/user_uploads/trans_losses/Tr_losses_June-2024.pdf
132kV PSR Green Power Proj. pvt. Ltd.,2024-06,0.0,Tr_losses_June-2024.pdf,Telangana,https://www.tgtransco.com/user_uploads/trans_losses/Tr_losses_June-2024.pdf
220KV RFCL,2024-06,0.0,Tr_losses_June-2024.pdf,Telangana,https://www.tgtransco.com/user_uploads/trans_losses/Tr_losses_June-2024.pdf
132 kV Kesoram,2024-06,0.0,Tr_losses_June-2024.pdf,Telangana,https://www.tgtransco.com/user_uploads/trans_losses/Tr_losses_June-2024.pdf
132 kV Sitapuram Power Limited,2024-06,0.64,Tr_losses_June-2024.pdf,Telangana,https://www.tgtransco.com/user_uploads/trans_losses/Tr_losses_June-2024.pdf
132 kV Anjaini Port Land Cement,2024-06,0.0,Tr_losses_June-2024.pdf,Telangana,https://www.tgtransco.com/user_uploads/trans_losses/Tr_losses_June-2024.pdf
132kv SCCL 37 MW Solar Plant (Sitharampatnam),2024-06,4.89,Tr_losses_June-2024.pdf,Telangana,https://www.tgtransco.com/user_uploads/trans_losses/Tr_losses_June-2024.pdf
132 kV Sitaramapatnam - BPBL,2024-06,0.0,Tr_losses_June-2024.pdf,Telangana,https://www.tgtransco.com/user_uploads/trans_losses/Tr_losses_June-2024.pdf
132kV Krishnaveni Sugars Ltd,2024-06,0.0,Tr_losses_June-2024.pdf,Telangana,https://www.tgtransco.com/user_uploads/trans_losses/Tr_losses_June-2024.pdf
132 kV My Home Industries Limited,2024-06,0.01,Tr_losses_June-2024.pdf,Telangana,https://www.tgtransco.com/user_uploads/trans_losses/Tr_losses_June-2024.pdf
132 kV ICL (Rassi Cements),2024-06,0.0,Tr_losses_June-2024.pdf,Telangana,https://www.tgtransco.com/user_uploads/trans_losses/Tr_losses_June-2024.pdf
132 kV Bharat Electronics Ltd. (solar),2024-06,1.79,Tr_losses_June-2024.pdf,Telangana,https://www.tgtransco.com/user_uploads/trans_losses/Tr_losses_June-2024.pdf
132kv SCCL Solar Power Plant (Yellandu),2024-06,4.71,Tr_losses_June-2024.pdf,Telangana,https://www.tgtransco.com/user_uploads/trans_losses/Tr_losses_June-2024.pdf
ACME Medak Solar energy Pvt. Ltd.,2024-06,7.17,Tr_losses_June-2024.pdf,Telangana,https://www.tgtransco.com/user_uploads/trans_losses/Tr_losses_June-2024.pdf
ACME Nizamabad Solar Energy Pvt. Ltd,2024-06,7.76,Tr_losses_June-2024.pdf,Telangana,https://www.tgtransco.com/user_uploads/trans_losses/Tr_losses_June-2024.pdf
ACME PV Powertech Pvt. Ltd. (Sadasivpet),2024-06,7.5,Tr_losses_June-2024.pdf,Telangana,https://www.tgtransco.com/user_uploads/trans_losses/Tr_losses_June-2024.pdf
ACME Rangareddy Solar Power,2024-06,4.45,Tr_losses_June-2024.pdf,Telangana,https://www.tgtransco.com/user_uploads/trans_losses/Tr_losses_June-2024.pdf
ACME Solar Power Tech. Pvt. Ltd. (Bhongir),2024-06,7.81,Tr_losses_June-2024.pdf,Telangana,https://www.tgtransco.com/user_uploads/trans_losses/Tr_losses_June-2024.pdf
Azure Power India Pvt. Ltd. (solar),2024-06,14.07,Tr_losses_June-2024.pdf,Telangana,https://www.tgtransco.com/user_uploads/trans_losses/Tr_losses_June-2024.pdf
Clean Hero Wind Power,2024-06,6.71,Tr_losses_June-2024.pdf,Telangana,https://www.tgtransco.com/user_uploads/trans_losses/Tr_losses_June-2024.pdf
Clean Solar Power (Chittradurga) Pvt. Ltd,2024-06,5.88,Tr_losses_June-2024.pdf,Telangana,https://www.tgtransco.com/user_uploads/trans_losses/Tr_losses_June-2024.pdf
Clean solar,2024-06,3.84,Tr_losses_June-2024.pdf,Telangana,https://www.tgtransco.com/user_uploads/trans_losses/Tr_losses_June-2024.pdf
Dayakara Solar (P) Ltd.,2024-06,4.41,Tr_losses_June-2024.pdf,Telangana,https://www.tgtransco.com/user_uploads/trans_losses/Tr_losses_June-2024.pdf
Dinakar Solar,2024-06,3.81,Tr_losses_June-2024.pdf,Telangana,https://www.tgtransco.com/user_uploads/trans_losses/Tr_losses_June-2024.pdf
Divine Solren Pvt. ltd.,2024-06,7.69,Tr_losses_June-2024.pdf,Telangana,https://www.tgtransco.com/user_uploads/trans_losses/Tr_losses_June-2024.pdf
Dundigal Waste 2 Energy Power Plant,2024-06,8.13,Tr_losses_June-2024.pdf,Telangana,https://www.tgtransco.com/user_uploads/trans_losses/Tr_losses_June-2024.pdf
Energon Soleq Solar (Sadasivapet),2024-06,6.88,Tr_losses_June-2024.pdf,Telangana,https://www.tgtransco.com/user_uploads/trans_losses/Tr_losses_June-2024.pdf
Enrich (Solar),2024-06,6.18,Tr_losses_June-2024.pdf,Telangana,https://www.tgtransco.com/user_uploads/trans_losses/Tr_losses_June-2024.pdf
G.S.R.Sugars Pvt Ltd,2024-06,-0.05,Tr_losses_June-2024.pdf,Telangana,https://www.tgtransco.com/user_uploads/trans_losses/Tr_losses_June-2024.pdf
Ganapathi Sugars Ltd.,2024-06,-0.06,Tr_losses_June-2024.pdf,Telangana,https://www.tgtransco.com/user_uploads/trans_losses/Tr_losses_June-2024.pdf
Grahati Solar,2024-06,7.57,Tr_losses_June-2024.pdf,Telangana,https://www.tgtransco.com/user_uploads/trans_losses/Tr_losses_June-2024.pdf
Hyderabad MSW Energy Solutions PVT LTD,2024-06,11.5,Tr_losses_June-2024.pdf,Telangana,https://www.tgtransco.com/user_uploads/trans_losses/Tr_losses_June-2024.pdf
Jilesh Power Pvt. Ltd (Solar),2024-06,7.75,Tr_losses_June-2024.pdf,Telangana,https://www.tgtransco.com/user_uploads/trans_losses/Tr_losses_June-2024.pdf
Kakatiya Cement & Sugar Industries Ltd.,2024-06,-0.1,Tr_losses_June-2024.pdf,Telangana,https://www.tgtransco.com/user_uploads/trans_losses/Tr_losses_June-2024.pdf
Karvy Solar Pvt. Ltd. (Sadasivapet),2024-06,2.51,Tr_losses_June-2024.pdf,Telangana,https://www.tgtransco.com/user_uploads/trans_losses/Tr_losses_June-2024.pdf
Karvy solar (Mandamarry),2024-06,6.47,Tr_losses_June-2024.pdf,Telangana,https://www.tgtransco.com/user_uploads/trans_losses/Tr_losses_June-2024.pdf
My Home Power Ltd. (NGPL),2024-06,0.0,Tr_losses_June-2024.pdf,Telangana,https://www.tgtransco.com/user_uploads/trans_losses/Tr_losses_June-2024.pdf
Mytrah Agriya Power Pvt. Ltd. (Solar),2024-06,6.98,Tr_losses_June-2024.pdf,Telangana,https://www.tgtransco.com/user_uploads/trans_losses/Tr_losses_June-2024.pdf
Mytrah Agriya Power Pvt. Ltd. (solar) (Kamareddy),2024-06,7.92,Tr_losses_June-2024.pdf,Telangana,https://www.tgtransco.com/user_uploads/trans_losses/Tr_losses_June-2024.pdf
Mytrah Vayu (Godavari) Pvt. Ltd. (Wind),2024-06,22.29,Tr_losses_June-2024.pdf,Telangana,https://www.tgtransco.com/user_uploads/trans_losses/Tr_losses_June-2024.pdf
NEO Solren Pvt. Ltd. (solar),2024-06,6.1,Tr_losses_June-2024.pdf,Telangana,https://www.tgtransco.com/user_uploads/trans_losses/Tr_losses_June-2024.pdf
NTPC Solar power plant (10MW),2024-06,0.67,Tr_losses_June-2024.pdf,Telangana,https://www.tgtransco.com/user_uploads/trans_losses/Tr_losses_June-2024.pdf
Nizam Deccan Sugars Ltd,2024-06,0.0,Tr_losses_June-2024.pdf,Telangana,https://www.tgtransco.com/user_uploads/trans_losses/Tr_losses_June-2024.pdf
Param Pujya Solar Farms Ltd. Plant-I,2024-06,8.09,Tr_losses_June-2024.pdf,Telangana,https://www.tgtransco.com/user_uploads/trans_losses/Tr_losses_June-2024.pdf
Param Pujya Solar Farms Ltd. Plant-II,2024-06,8.9,Tr_losses_June-2024.pdf,Telangana,https://www.tgtransco.com/user_uploads/trans_losses/Tr_losses_June-2024.pdf
Polepally Solar Park,2024-06,3.25,Tr_losses_June-2024.pdf,Telangana,https://www.tgtransco.com/user_uploads/trans_losses/Tr_losses_June-2024.pdf
Prathamesh solar farms Ltd.,2024-06,7.18,Tr_losses_June-2024.pdf,Telangana,https://www.tgtransco.com/user_uploads/trans_losses/Tr_losses_June-2024.pdf
RDF Power Projects Pvt. Ltd.,2024-06,0.0,Tr_losses_June-2024.pdf,Telangana,https://www.tgtransco.com/user_uploads/trans_losses/Tr_losses_June-2024.pdf
Renew Mega Solar Pvt.Ltd,2024-06,7.42,Tr_losses_June-2024.pdf,Telangana,https://www.tgtransco.com/user_uploads/trans_losses/Tr_losses_June-2024.pdf
Renew Saurshakthi Pvt. Ltd.,2024-06,4.75,Tr_losses_June-2024.pdf,Telangana,https://www.tgtransco.com/user_uploads/trans_losses/Tr_losses_June-2024.pdf
Renew Solar Energy Pvt. Ltd. 220kV,2024-06,23.0,Tr_losses_June-2024.pdf,Telangana,https://www.tgtransco.com/user_uploads/trans_losses/Tr_losses_June-2024.pdf
Renew Solar Plant (Mdk. Dist.),2024-06,3.24,Tr_losses_June-2024.pdf,Telangana,https://www.tgtransco.com/user_uploads/trans_losses/Tr_losses_June-2024.pdf
Renew Solar Pvt Ltd. (Minpur),2024-06,10.31,Tr_losses_June-2024.pdf,Telangana,https://www.tgtransco.com/user_uploads/trans_losses/Tr_losses_June-2024.pdf
Renew Wind TN2 Solar,2024-06,13.47,Tr_losses_June-2024.pdf,Telangana,https://www.tgtransco.com/user_uploads/trans_losses/Tr_losses_June-2024.pdf
Renue Akshay Solar Plant,2024-06,12.15,Tr_losses_June-2024.pdf,Telangana,https://www.tgtransco.com/user_uploads/trans_losses/Tr_losses_June-2024.pdf
SLS Power Corp. Ltd. (Minihydel) 132KV,2024-06,2.05,Tr_losses_June-2024.pdf,Telangana,https://www.tgtransco.com/user_uploads/trans_losses/Tr_losses_June-2024.pdf
SUZLON Energy Ltd.,2024-06,14.76,Tr_losses_June-2024.pdf,Telangana,https://www.tgtransco.com/user_uploads/trans_losses/Tr_losses_June-2024.pdf
Shravana Power Projects Pvt. Ltd.,2024-06,-0.02,Tr_losses_June-2024.pdf,Telangana,https://www.tgtransco.com/user_uploads/trans_losses/Tr_losses_June-2024.pdf
Sky Power Southeast Asia III Ltd (Previously Sunshakthi solar,2024-06,8.34,Tr_losses_June-2024.pdf,Telangana,https://www.tgtransco.com/user_uploads/trans_losses/Tr_losses_June-2024.pdf
Sunborne,2024-06,5.18,Tr_losses_June-2024.pdf,Telangana,https://www.tgtransco.com/user_uploads/trans_losses/Tr_losses_June-2024.pdf
Sunworld Solar Power Pvt. Ltd.,2024-06,4.92,Tr_losses_June-2024.pdf,Telangana,https://www.tgtransco.com/user_uploads/trans_losses/Tr_losses_June-2024.pdf
Suprasanna Solar,2024-06,2.93,Tr_losses_June-2024.pdf,Telangana,https://www.tgtransco.com/user_uploads/trans_losses/Tr_losses_June-2024.pdf
Suraj Kiran Solar Technologies (Mdk),2024-06,8.36,Tr_losses_June-2024.pdf,Telangana,https://www.tgtransco.com/user_uploads/trans_losses/Tr_losses_June-2024.pdf
Suraj Kiran solar (Nlg),2024-06,7.62,Tr_losses_June-2024.pdf,Telangana,https://www.tgtransco.com/user_uploads/trans_losses/Tr_losses_June-2024.pdf
Suryoday Energy Pvt. Ltd. (Shapoorji Pallonji)(Solar),2024-06,5.1,Tr_losses_June-2024.pdf,Telangana,https://www.tgtransco.com/user_uploads/trans_losses/Tr_losses_June-2024.pdf
Transform Sun Energy 220kV,2024-06,11.97,Tr_losses_June-2024.pdf,Telangana,https://www.tgtransco.com/user_uploads/trans_losses/Tr_losses_June-2024.pdf
Ujjvalatejas Solaire Urja Pvt. Ltd. (Solar),2024-06,3.05,Tr_losses_June-2024.pdf,Telangana,https://www.tgtransco.com/user_uploads/trans_losses/Tr_losses_June-2024.pdf
Vena Energy Solar Pvt Ltd (Previously Energon Soleq Pvt Ltd ),2024-06,7.65,Tr_losses_June-2024.pdf,Telangana,https://www.tgtransco.com/user_uploads/trans_losses/Tr_losses_June-2024.pdf
Winsol solar (Polepally),2024-06,2.14,Tr_losses_June-2024.pdf,Telangana,https://www.tgtransco.com/user_uploads/trans_losses/Tr_losses_June-2024.pdf
Winsol solar (Tandur),2024-06,7.13,Tr_losses_June-2024.pdf,Telangana,https://www.tgtransco.com/user_uploads/trans_losses/Tr_losses_June-2024.pdf
Zuka Solar,2024-06,8.41,Tr_losses_June-2024.pdf,Telangana,https://www.tgtransco.com/user_uploads/trans_losses/Tr_losses_June-2024.pdf
TSGENCO-THERMAL 2244.50 TSSPDCL,2021-03,5303.5,Tr_losses_March-2021.pdf,Telangana,https://www.tgtransco.com/user_uploads/trans_losses/Tr_losses_March-2021.pdf
TSGENCO-HYDEL 231.72 TSNPDCL,2021-03,2661.4,Tr_losses_March-2021.pdf,Telangana,https://www.tgtransco.com/user_uploads/trans_losses/Tr_losses_March-2021.pdf
132kv Laxmi Tulasi,2021-03,0.02,Tr_losses_March-2021.pdf,Telangana,https://www.tgtransco.com/user_uploads/trans_losses/Tr_losses_March-2021.pdf
132 kV Orient Cement,2021-03,0.21,Tr_losses_March-2021.pdf,Telangana,https://www.tgtransco.com/user_uploads/trans_losses/Tr_losses_March-2021.pdf
220KV Navabharat Energy India Ltd (NBEIL)-I,2021-03,4.79,Tr_losses_March-2021.pdf,Telangana,https://www.tgtransco.com/user_uploads/trans_losses/Tr_losses_March-2021.pdf
220KV Navabharat Energy India Ltd (NBEIL)-II,2021-03,4.77,Tr_losses_March-2021.pdf,Telangana,https://www.tgtransco.com/user_uploads/trans_losses/Tr_losses_March-2021.pdf
132KV Penna Power-I,2021-03,0.0,Tr_losses_March-2021.pdf,Telangana,https://www.tgtransco.com/user_uploads/trans_losses/Tr_losses_March-2021.pdf
132KV Penna Power-II,2021-03,13.73,Tr_losses_March-2021.pdf,Telangana,https://www.tgtransco.com/user_uploads/trans_losses/Tr_losses_March-2021.pdf
132KV Deccan Cements,2021-03,0.0,Tr_losses_March-2021.pdf,Telangana,https://www.tgtransco.com/user_uploads/trans_losses/Tr_losses_March-2021.pdf
132 kV Madhucon,2021-03,6.18,Tr_losses_March-2021.pdf,Telangana,https://www.tgtransco.com/user_uploads/trans_losses/Tr_losses_March-2021.pdf
SCCL 30MW Solar Plant (Manuguru),2021-03,3.79,Tr_losses_March-2021.pdf,Telangana,https://www.tgtransco.com/user_uploads/trans_losses/Tr_losses_March-2021.pdf
132kV PSR Green Power Proj. pvt. Ltd.,2021-03,0.0,Tr_losses_March-2021.pdf,Telangana,https://www.tgtransco.com/user_uploads/trans_losses/Tr_losses_March-2021.pdf
220KV RFCL,2021-03,0.01,Tr_losses_March-2021.pdf,Telangana,https://www.tgtransco.com/user_uploads/trans_losses/Tr_losses_March-2021.pdf
132 kV Kesoram,2021-03,0.0,Tr_losses_March-2021.pdf,Telangana,https://www.tgtransco.com/user_uploads/trans_losses/Tr_losses_March-2021.pdf
132 kV Sitapuram Power Limited,2021-03,8.45,Tr_losses_March-2021.pdf,Telangana,https://www.tgtransco.com/user_uploads/trans_losses/Tr_losses_March-2021.pdf
132 kV Anjaini Port Land Cement,2021-03,0.0,Tr_losses_March-2021.pdf,Telangana,https://www.tgtransco.com/user_uploads/trans_losses/Tr_losses_March-2021.pdf
132 kV Sitaramapatnam - BPBL,2021-03,0.01,Tr_losses_March-2021.pdf,Telangana,https://www.tgtransco.com/user_uploads/trans_losses/Tr_losses_March-2021.pdf
132kV Krishnaveni Sugars Ltd,2021-03,3.53,Tr_losses_March-2021.pdf,Telangana,https://www.tgtransco.com/user_uploads/trans_losses/Tr_losses_March-2021.pdf
132 kV My Home Industries Limited,2021-03,0.0,Tr_losses_March-2021.pdf,Telangana,https://www.tgtransco.com/user_uploads/trans_losses/Tr_losses_March-2021.pdf
132 kV ICL (Rassi Cements),2021-03,11.02,Tr_losses_March-2021.pdf,Telangana,https://www.tgtransco.com/user_uploads/trans_losses/Tr_losses_March-2021.pdf
132 kV Bharat Electronics Ltd. (solar),2021-03,1.96,Tr_losses_March-2021.pdf,Telangana,https://www.tgtransco.com/user_uploads/trans_losses/Tr_losses_March-2021.pdf
132kv SCCL Solar Power Plant (Yellandu),2021-03,1.92,Tr_losses_March-2021.pdf,Telangana,https://www.tgtransco.com/user_uploads/trans_losses/Tr_losses_March-2021.pdf
ACME Medak Solar energy Pvt. Ltd.,2021-03,8.68,Tr_losses_March-2021.pdf,Telangana,https://www.tgtransco.com/user_uploads/trans_losses/Tr_losses_March-2021.pdf
ACME Nizamabad Solar Energy Pvt. Ltd,2021-03,9.36,Tr_losses_March-2021.pdf,Telangana,https://www.tgtransco.com/user_uploads/trans_losses/Tr_losses_March-2021.pdf
ACME PV Powertech Pvt. Ltd. (Sadasivpet),2021-03,9.53,Tr_losses_March-2021.pdf,Telangana,https://www.tgtransco.com/user_uploads/trans_losses/Tr_losses_March-2021.pdf
ACME Rangareddy Solar Power,2021-03,5.21,Tr_losses_March-2021.pdf,Telangana,https://www.tgtransco.com/user_uploads/trans_losses/Tr_losses_March-2021.pdf
ACME Solar Power Tech. Pvt. Ltd. (Bhongir),2021-03,9.71,Tr_losses_March-2021.pdf,Telangana,https://www.tgtransco.com/user_uploads/trans_losses/Tr_losses_March-2021.pdf
Azure Power India Pvt. Ltd. (solar),2021-03,19.03,Tr_losses_March-2021.pdf,Telangana,https://www.tgtransco.com/user_uploads/trans_losses/Tr_losses_March-2021.pdf
Clean Hero Wind Power,2021-03,0.0,Tr_losses_March-2021.pdf,Telangana,https://www.tgtransco.com/user_uploads/trans_losses/Tr_losses_March-2021.pdf
Clean Solar Power (Chittradurga) Pvt. Ltd,2021-03,6.65,Tr_losses_March-2021.pdf,Telangana,https://www.tgtransco.com/user_uploads/trans_losses/Tr_losses_March-2021.pdf
Clean solar,2021-03,5.39,Tr_losses_March-2021.pdf,Telangana,https://www.tgtransco.com/user_uploads/trans_losses/Tr_losses_March-2021.pdf
Dayakara Solar (P) Ltd.,2021-03,5.83,Tr_losses_March-2021.pdf,Telangana,https://www.tgtransco.com/user_uploads/trans_losses/Tr_losses_March-2021.pdf
Dinakar Solar,2021-03,4.32,Tr_losses_March-2021.pdf,Telangana,https://www.tgtransco.com/user_uploads/trans_losses/Tr_losses_March-2021.pdf
Divine Solren Pvt. ltd.,2021-03,9.01,Tr_losses_March-2021.pdf,Telangana,https://www.tgtransco.com/user_uploads/trans_losses/Tr_losses_March-2021.pdf
Energon Soleq Pvt Ltd (Minpur),2021-03,9.86,Tr_losses_March-2021.pdf,Telangana,https://www.tgtransco.com/user_uploads/trans_losses/Tr_losses_March-2021.pdf
Energon Soleq Solar (Sadasivapet),2021-03,9.46,Tr_losses_March-2021.pdf,Telangana,https://www.tgtransco.com/user_uploads/trans_losses/Tr_losses_March-2021.pdf
Enrich (Solar),2021-03,8.79,Tr_losses_March-2021.pdf,Telangana,https://www.tgtransco.com/user_uploads/trans_losses/Tr_losses_March-2021.pdf
G.S.R.Sugars Pvt Ltd,2021-03,-0.08,Tr_losses_March-2021.pdf,Telangana,https://www.tgtransco.com/user_uploads/trans_losses/Tr_losses_March-2021.pdf
Ganapathi Sugars Ltd.,2021-03,-0.06,Tr_losses_March-2021.pdf,Telangana,https://www.tgtransco.com/user_uploads/trans_losses/Tr_losses_March-2021.pdf
Grahati Solar,2021-03,9.63,Tr_losses_March-2021.pdf,Telangana,https://www.tgtransco.com/user_uploads/trans_losses/Tr_losses_March-2021.pdf
Hyderabad MSW Energy Solutions PVT LTD,2021-03,14.0,Tr_losses_March-2021.pdf,Telangana,https://www.tgtransco.com/user_uploads/trans_losses/Tr_losses_March-2021.pdf
Jilesh Power Pvt. Ltd (Solar),2021-03,9.46,Tr_losses_March-2021.pdf,Telangana,https://www.tgtransco.com/user_uploads/trans_losses/Tr_losses_March-2021.pdf
Kakatiya Cement & Sugar Industries Ltd.,2021-03,-0.1,Tr_losses_March-2021.pdf,Telangana,https://www.tgtransco.com/user_uploads/trans_losses/Tr_losses_March-2021.pdf
Karvy Solar Pvt. Ltd. (Sadasivapet),2021-03,3.64,Tr_losses_March-2021.pdf,Telangana,https://www.tgtransco.com/user_uploads/trans_losses/Tr_losses_March-2021.pdf
Karvy solar (Mandamarry),2021-03,7.91,Tr_losses_March-2021.pdf,Telangana,https://www.tgtransco.com/user_uploads/trans_losses/Tr_losses_March-2021.pdf
My Home Power Ltd. (NGPL),2021-03,0.0,Tr_losses_March-2021.pdf,Telangana,https://www.tgtransco.com/user_uploads/trans_losses/Tr_losses_March-2021.pdf
Mytrah Agriya Power Pvt. Ltd. (Solar),2021-03,7.64,Tr_losses_March-2021.pdf,Telangana,https://www.tgtransco.com/user_uploads/trans_losses/Tr_losses_March-2021.pdf
Mytrah Agriya Power Pvt. Ltd. (solar) (Kamareddy),2021-03,9.06,Tr_losses_March-2021.pdf,Telangana,https://www.tgtransco.com/user_uploads/trans_losses/Tr_losses_March-2021.pdf
Mytrah Vayu (Godavari) Pvt. Ltd. (Wind),2021-03,15.97,Tr_losses_March-2021.pdf,Telangana,https://www.tgtransco.com/user_uploads/trans_losses/Tr_losses_March-2021.pdf
NEO Solren Pvt. Ltd. (solar),2021-03,7.25,Tr_losses_March-2021.pdf,Telangana,https://www.tgtransco.com/user_uploads/trans_losses/Tr_losses_March-2021.pdf
NTPC Solar power plant (10MW),2021-03,1.26,Tr_losses_March-2021.pdf,Telangana,https://www.tgtransco.com/user_uploads/trans_losses/Tr_losses_March-2021.pdf
Nizam Deccan Sugars Ltd,2021-03,0.0,Tr_losses_March-2021.pdf,Telangana,https://www.tgtransco.com/user_uploads/trans_losses/Tr_losses_March-2021.pdf
Param Pujya Solar Farms Ltd. Plant-I,2021-03,9.95,Tr_losses_March-2021.pdf,Telangana,https://www.tgtransco.com/user_uploads/trans_losses/Tr_losses_March-2021.pdf
Param Pujya Solar Farms Ltd. Plant-II,2021-03,11.72,Tr_losses_March-2021.pdf,Telangana,https://www.tgtransco.com/user_uploads/trans_losses/Tr_losses_March-2021.pdf
Polepally Solar Park,2021-03,4.43,Tr_losses_March-2021.pdf,Telangana,https://www.tgtransco.com/user_uploads/trans_losses/Tr_losses_March-2021.pdf
Prathamesh solar farms Ltd.,2021-03,10.72,Tr_losses_March-2021.pdf,Telangana,https://www.tgtransco.com/user_uploads/trans_losses/Tr_losses_March-2021.pdf
RDF Power Projects Pvt. Ltd.,2021-03,-0.02,Tr_losses_March-2021.pdf,Telangana,https://www.tgtransco.com/user_uploads/trans_losses/Tr_losses_March-2021.pdf
Renew Mega Solar Pvt.Ltd,2021-03,8.59,Tr_losses_March-2021.pdf,Telangana,https://www.tgtransco.com/user_uploads/trans_losses/Tr_losses_March-2021.pdf
Renew Saurshakthi Pvt. Ltd.,2021-03,5.42,Tr_losses_March-2021.pdf,Telangana,https://www.tgtransco.com/user_uploads/trans_losses/Tr_losses_March-2021.pdf
Renew Solar Energy Pvt. Ltd. 220kV,2021-03,26.13,Tr_losses_March-2021.pdf,Telangana,https://www.tgtransco.com/user_uploads/trans_losses/Tr_losses_March-2021.pdf
Renew Solar Plant (Mdk. Dist.),2021-03,4.25,Tr_losses_March-2021.pdf,Telangana,https://www.tgtransco.com/user_uploads/trans_losses/Tr_losses_March-2021.pdf
Renew Solar Pvt Ltd. (Minpur),2021-03,13.1,Tr_losses_March-2021.pdf,Telangana,https://www.tgtransco.com/user_uploads/trans_losses/Tr_losses_March-2021.pdf
Renew Wind TN2 Solar,2021-03,20.49,Tr_losses_March-2021.pdf,Telangana,https://www.tgtransco.com/user_uploads/trans_losses/Tr_losses_March-2021.pdf
Renue Akshay Solar Plant,2021-03,18.13,Tr_losses_March-2021.pdf,Telangana,https://www.tgtransco.com/user_uploads/trans_losses/Tr_losses_March-2021.pdf
SLS Power Corp. Ltd. (Minihydel) 132KV,2021-03,0.28,Tr_losses_March-2021.pdf,Telangana,https://www.tgtransco.com/user_uploads/trans_losses/Tr_losses_March-2021.pdf
SUZLON Energy Ltd.,2021-03,21.39,Tr_losses_March-2021.pdf,Telangana,https://www.tgtransco.com/user_uploads/trans_losses/Tr_losses_March-2021.pdf
Shravana Power Projects Pvt. Ltd.,2021-03,4.43,Tr_losses_March-2021.pdf,Telangana,https://www.tgtransco.com/user_uploads/trans_losses/Tr_losses_March-2021.pdf
Sky Power Southeast Asia III Ltd (Previously Sunshakthi solar pvt. Ltd.),2021-03,10.16,Tr_losses_March-2021.pdf,Telangana,https://www.tgtransco.com/user_uploads/trans_losses/Tr_losses_March-2021.pdf
Sunborne Energy Tech. (P) Ltd. (Solar),2021-03,6.81,Tr_losses_March-2021.pdf,Telangana,https://www.tgtransco.com/user_uploads/trans_losses/Tr_losses_March-2021.pdf
Sunworld Solar Power Pvt. Ltd.,2021-03,5.38,Tr_losses_March-2021.pdf,Telangana,https://www.tgtransco.com/user_uploads/trans_losses/Tr_losses_March-2021.pdf
Suprasanna Solar,2021-03,3.71,Tr_losses_March-2021.pdf,Telangana,https://www.tgtransco.com/user_uploads/trans_losses/Tr_losses_March-2021.pdf
Suraj Kiran Solar Technologies (Mdk),2021-03,9.28,Tr_losses_March-2021.pdf,Telangana,https://www.tgtransco.com/user_uploads/trans_losses/Tr_losses_March-2021.pdf
Suraj Kiran solar (Nlg),2021-03,10.13,Tr_losses_March-2021.pdf,Telangana,https://www.tgtransco.com/user_uploads/trans_losses/Tr_losses_March-2021.pdf
Suryoday Energy Pvt. Ltd. (Shapoorji Pallonji)(Solar),2021-03,6.36,Tr_losses_March-2021.pdf,Telangana,https://www.tgtransco.com/user_uploads/trans_losses/Tr_losses_March-2021.pdf
Transform Sun Energy 220kV,2021-03,18.21,Tr_losses_March-2021.pdf,Telangana,https://www.tgtransco.com/user_uploads/trans_losses/Tr_losses_March-2021.pdf
Ujjvalatejas Solaire Urja Pvt. Ltd. (Solar),2021-03,3.5,Tr_losses_March-2021.pdf,Telangana,https://www.tgtransco.com/user_uploads/trans_losses/Tr_losses_March-2021.pdf
Winsol solar (Polepally),2021-03,2.9,Tr_losses_March-2021.pdf,Telangana,https://www.tgtransco.com/user_uploads/trans_losses/Tr_losses_March-2021.pdf
Winsol solar (Tandur),2021-03,9.28,Tr_losses_March-2021.pdf,Telangana,https://www.tgtransco.com/user_uploads/trans_losses/Tr_losses_March-2021.pdf
IPPs SINAGARENI 603.31 With in State,2021-03,223.49,Tr_losses_March-2021.pdf,Telangana,https://www.tgtransco.com/user_uploads/trans_losses/Tr_losses_March-2021.pdf
TSGENCO-THERMAL 2299.99 TSSPDCL,2023-03,5285.31,Tr_losses_March-2023.pdf,Telangana,https://www.tgtransco.com/user_uploads/trans_losses/Tr_losses_March-2023.pdf
TSGENCO-HYDEL 74.40 TSNPDCL,2023-03,2847.86,Tr_losses_March-2023.pdf,Telangana,https://www.tgtransco.com/user_uploads/trans_losses/Tr_losses_March-2023.pdf
132kv Laxmi Tulasi,2023-03,0.01,Tr_losses_March-2023.pdf,Telangana,https://www.tgtransco.com/user_uploads/trans_losses/Tr_losses_March-2023.pdf
132 kV Orient Cement,2023-03,0.13,Tr_losses_March-2023.pdf,Telangana,https://www.tgtransco.com/user_uploads/trans_losses/Tr_losses_March-2023.pdf
220KV Navabharat Energy India Ltd (NBEIL)-I,2023-03,0.07,Tr_losses_March-2023.pdf,Telangana,https://www.tgtransco.com/user_uploads/trans_losses/Tr_losses_March-2023.pdf
220KV Navabharat Energy India Ltd (NBEIL)-II,2023-03,0.08,Tr_losses_March-2023.pdf,Telangana,https://www.tgtransco.com/user_uploads/trans_losses/Tr_losses_March-2023.pdf
132KV Penna Power-I,2023-03,0.0,Tr_losses_March-2023.pdf,Telangana,https://www.tgtransco.com/user_uploads/trans_losses/Tr_losses_March-2023.pdf
132KV Penna Power-II,2023-03,0.0,Tr_losses_March-2023.pdf,Telangana,https://www.tgtransco.com/user_uploads/trans_losses/Tr_losses_March-2023.pdf
132KV Deccan Cements,2023-03,0.01,Tr_losses_March-2023.pdf,Telangana,https://www.tgtransco.com/user_uploads/trans_losses/Tr_losses_March-2023.pdf
132 kV Madhucon,2023-03,9.49,Tr_losses_March-2023.pdf,Telangana,https://www.tgtransco.com/user_uploads/trans_losses/Tr_losses_March-2023.pdf
132kv SCCL 30MW Solar Plant (Manuguru),2023-03,3.97,Tr_losses_March-2023.pdf,Telangana,https://www.tgtransco.com/user_uploads/trans_losses/Tr_losses_March-2023.pdf
132kV PSR Green Power Proj. pvt. Ltd.,2023-03,0.0,Tr_losses_March-2023.pdf,Telangana,https://www.tgtransco.com/user_uploads/trans_losses/Tr_losses_March-2023.pdf
220KV RFCL,2023-03,0.01,Tr_losses_March-2023.pdf,Telangana,https://www.tgtransco.com/user_uploads/trans_losses/Tr_losses_March-2023.pdf
132 kV Kesoram,2023-03,0.0,Tr_losses_March-2023.pdf,Telangana,https://www.tgtransco.com/user_uploads/trans_losses/Tr_losses_March-2023.pdf
132 kV Sitapuram Power Limited,2023-03,0.01,Tr_losses_March-2023.pdf,Telangana,https://www.tgtransco.com/user_uploads/trans_losses/Tr_losses_March-2023.pdf
132 kV Anjaini Port Land Cement,2023-03,0.0,Tr_losses_March-2023.pdf,Telangana,https://www.tgtransco.com/user_uploads/trans_losses/Tr_losses_March-2023.pdf
132kv SCCL 37 MW Solar Plant (Sitharampatnam),2023-03,5.7,Tr_losses_March-2023.pdf,Telangana,https://www.tgtransco.com/user_uploads/trans_losses/Tr_losses_March-2023.pdf
132 kV Sitaramapatnam - BPBL,2023-03,0.01,Tr_losses_March-2023.pdf,Telangana,https://www.tgtransco.com/user_uploads/trans_losses/Tr_losses_March-2023.pdf
132kV Krishnaveni Sugars Ltd,2023-03,6.27,Tr_losses_March-2023.pdf,Telangana,https://www.tgtransco.com/user_uploads/trans_losses/Tr_losses_March-2023.pdf
132 kV My Home Industries Limited,2023-03,1.39,Tr_losses_March-2023.pdf,Telangana,https://www.tgtransco.com/user_uploads/trans_losses/Tr_losses_March-2023.pdf
132 kV ICL (Rassi Cements),2023-03,0.0,Tr_losses_March-2023.pdf,Telangana,https://www.tgtransco.com/user_uploads/trans_losses/Tr_losses_March-2023.pdf
132 kV Bharat Electronics Ltd. (solar),2023-03,1.48,Tr_losses_March-2023.pdf,Telangana,https://www.tgtransco.com/user_uploads/trans_losses/Tr_losses_March-2023.pdf
132kv SCCL Solar Power Plant (Yellandu),2023-03,5.39,Tr_losses_March-2023.pdf,Telangana,https://www.tgtransco.com/user_uploads/trans_losses/Tr_losses_March-2023.pdf
ACME Medak Solar energy Pvt. Ltd.,2023-03,8.58,Tr_losses_March-2023.pdf,Telangana,https://www.tgtransco.com/user_uploads/trans_losses/Tr_losses_March-2023.pdf
ACME Nizamabad Solar Energy Pvt. Ltd,2023-03,9.18,Tr_losses_March-2023.pdf,Telangana,https://www.tgtransco.com/user_uploads/trans_losses/Tr_losses_March-2023.pdf
ACME PV Powertech Pvt. Ltd. (Sadasivpet),2023-03,9.28,Tr_losses_March-2023.pdf,Telangana,https://www.tgtransco.com/user_uploads/trans_losses/Tr_losses_March-2023.pdf
ACME Rangareddy Solar Power,2023-03,5.09,Tr_losses_March-2023.pdf,Telangana,https://www.tgtransco.com/user_uploads/trans_losses/Tr_losses_March-2023.pdf
ACME Solar Power Tech. Pvt. Ltd. (Bhongir),2023-03,8.97,Tr_losses_March-2023.pdf,Telangana,https://www.tgtransco.com/user_uploads/trans_losses/Tr_losses_March-2023.pdf
Azure Power India Pvt. Ltd. (solar),2023-03,18.82,Tr_losses_March-2023.pdf,Telangana,https://www.tgtransco.com/user_uploads/trans_losses/Tr_losses_March-2023.pdf
Clean Hero Wind Power,2023-03,4.16,Tr_losses_March-2023.pdf,Telangana,https://www.tgtransco.com/user_uploads/trans_losses/Tr_losses_March-2023.pdf
Clean Solar Power (Chittradurga) Pvt. Ltd,2023-03,6.24,Tr_losses_March-2023.pdf,Telangana,https://www.tgtransco.com/user_uploads/trans_losses/Tr_losses_March-2023.pdf
Clean solar,2023-03,5.17,Tr_losses_March-2023.pdf,Telangana,https://www.tgtransco.com/user_uploads/trans_losses/Tr_losses_March-2023.pdf
Dayakara Solar (P) Ltd.,2023-03,5.79,Tr_losses_March-2023.pdf,Telangana,https://www.tgtransco.com/user_uploads/trans_losses/Tr_losses_March-2023.pdf
Dinakar Solar,2023-03,4.51,Tr_losses_March-2023.pdf,Telangana,https://www.tgtransco.com/user_uploads/trans_losses/Tr_losses_March-2023.pdf
Divine Solren Pvt. ltd.,2023-03,8.89,Tr_losses_March-2023.pdf,Telangana,https://www.tgtransco.com/user_uploads/trans_losses/Tr_losses_March-2023.pdf
Vena Energy Solar Pvt Ltd (Previously Energon Soleq Pvt Ltd ),2023-03,9.47,Tr_losses_March-2023.pdf,Telangana,https://www.tgtransco.com/user_uploads/trans_losses/Tr_losses_March-2023.pdf
Energon Soleq Solar (Sadasivapet),2023-03,9.42,Tr_losses_March-2023.pdf,Telangana,https://www.tgtransco.com/user_uploads/trans_losses/Tr_losses_March-2023.pdf
Enrich (Solar),2023-03,8.57,Tr_losses_March-2023.pdf,Telangana,https://www.tgtransco.com/user_uploads/trans_losses/Tr_losses_March-2023.pdf
G.S.R.Sugars Pvt Ltd,2023-03,3.89,Tr_losses_March-2023.pdf,Telangana,https://www.tgtransco.com/user_uploads/trans_losses/Tr_losses_March-2023.pdf
Ganapathi Sugars Ltd.,2023-03,0.11,Tr_losses_March-2023.pdf,Telangana,https://www.tgtransco.com/user_uploads/trans_losses/Tr_losses_March-2023.pdf
Grahati Solar,2023-03,9.56,Tr_losses_March-2023.pdf,Telangana,https://www.tgtransco.com/user_uploads/trans_losses/Tr_losses_March-2023.pdf
Hyderabad MSW Energy Solutions PVT LTD,2023-03,12.84,Tr_losses_March-2023.pdf,Telangana,https://www.tgtransco.com/user_uploads/trans_losses/Tr_losses_March-2023.pdf
Jilesh Power Pvt. Ltd (Solar),2023-03,8.77,Tr_losses_March-2023.pdf,Telangana,https://www.tgtransco.com/user_uploads/trans_losses/Tr_losses_March-2023.pdf
Kakatiya Cement & Sugar Industries Ltd.,2023-03,-0.11,Tr_losses_March-2023.pdf,Telangana,https://www.tgtransco.com/user_uploads/trans_losses/Tr_losses_March-2023.pdf
Karvy Solar Pvt. Ltd. (Sadasivapet),2023-03,3.24,Tr_losses_March-2023.pdf,Telangana,https://www.tgtransco.com/user_uploads/trans_losses/Tr_losses_March-2023.pdf
Karvy solar (Mandamarry),2023-03,7.7,Tr_losses_March-2023.pdf,Telangana,https://www.tgtransco.com/user_uploads/trans_losses/Tr_losses_March-2023.pdf
My Home Power Ltd. (NGPL),2023-03,0.0,Tr_losses_March-2023.pdf,Telangana,https://www.tgtransco.com/user_uploads/trans_losses/Tr_losses_March-2023.pdf
Mytrah Agriya Power Pvt. Ltd. (Solar),2023-03,10.03,Tr_losses_March-2023.pdf,Telangana,https://www.tgtransco.com/user_uploads/trans_losses/Tr_losses_March-2023.pdf
Mytrah Agriya Power Pvt. Ltd. (solar) (Kamareddy),2023-03,10.03,Tr_losses_March-2023.pdf,Telangana,https://www.tgtransco.com/user_uploads/trans_losses/Tr_losses_March-2023.pdf
Mytrah Vayu (Godavari) Pvt. Ltd. (Wind),2023-03,15.31,Tr_losses_March-2023.pdf,Telangana,https://www.tgtransco.com/user_uploads/trans_losses/Tr_losses_March-2023.pdf
NEO Solren Pvt. Ltd. (solar),2023-03,6.34,Tr_losses_March-2023.pdf,Telangana,https://www.tgtransco.com/user_uploads/trans_losses/Tr_losses_March-2023.pdf
NTPC Solar power plant (10MW),2023-03,1.06,Tr_losses_March-2023.pdf,Telangana,https://www.tgtransco.com/user_uploads/trans_losses/Tr_losses_March-2023.pdf
Nizam Deccan Sugars Ltd,2023-03,0.0,Tr_losses_March-2023.pdf,Telangana,https://www.tgtransco.com/user_uploads/trans_losses/Tr_losses_March-2023.pdf
Param Pujya Solar Farms Ltd. Plant-I,2023-03,9.53,Tr_losses_March-2023.pdf,Telangana,https://www.tgtransco.com/user_uploads/trans_losses/Tr_losses_March-2023.pdf
Param Pujya Solar Farms Ltd. Plant-II,2023-03,10.29,Tr_losses_March-2023.pdf,Telangana,https://www.tgtransco.com/user_uploads/trans_losses/Tr_losses_March-2023.pdf
Polepally Solar Park,2023-03,4.37,Tr_losses_March-2023.pdf,Telangana,https://www.tgtransco.com/user_uploads/trans_losses/Tr_losses_March-2023.pdf
Prathamesh solar farms Ltd.,2023-03,10.5,Tr_losses_March-2023.pdf,Telangana,https://www.tgtransco.com/user_uploads/trans_losses/Tr_losses_March-2023.pdf
RDF Power Projects Pvt. Ltd.,2023-03,0.0,Tr_losses_March-2023.pdf,Telangana,https://www.tgtransco.com/user_uploads/trans_losses/Tr_losses_March-2023.pdf
Renew Mega Solar Pvt.Ltd,2023-03,8.58,Tr_losses_March-2023.pdf,Telangana,https://www.tgtransco.com/user_uploads/trans_losses/Tr_losses_March-2023.pdf
Renew Saurshakthi Pvt. Ltd.,2023-03,5.32,Tr_losses_March-2023.pdf,Telangana,https://www.tgtransco.com/user_uploads/trans_losses/Tr_losses_March-2023.pdf
Renew Solar Energy Pvt. Ltd. 220kV,2023-03,27.75,Tr_losses_March-2023.pdf,Telangana,https://www.tgtransco.com/user_uploads/trans_losses/Tr_losses_March-2023.pdf
Renew Solar Plant (Mdk. Dist.),2023-03,4.06,Tr_losses_March-2023.pdf,Telangana,https://www.tgtransco.com/user_uploads/trans_losses/Tr_losses_March-2023.pdf
Renew Solar Pvt Ltd. (Minpur),2023-03,12.43,Tr_losses_March-2023.pdf,Telangana,https://www.tgtransco.com/user_uploads/trans_losses/Tr_losses_March-2023.pdf
Renew Wind TN2 Solar,2023-03,20.43,Tr_losses_March-2023.pdf,Telangana,https://www.tgtransco.com/user_uploads/trans_losses/Tr_losses_March-2023.pdf
Renue Akshay Solar Plant,2023-03,17.83,Tr_losses_March-2023.pdf,Telangana,https://www.tgtransco.com/user_uploads/trans_losses/Tr_losses_March-2023.pdf
SLS Power Corp. Ltd. (Minihydel) 132KV,2023-03,0.2,Tr_losses_March-2023.pdf,Telangana,https://www.tgtransco.com/user_uploads/trans_losses/Tr_losses_March-2023.pdf
SUZLON Energy Ltd.,2023-03,20.86,Tr_losses_March-2023.pdf,Telangana,https://www.tgtransco.com/user_uploads/trans_losses/Tr_losses_March-2023.pdf
Shravana Power Projects Pvt. Ltd.,2023-03,-0.02,Tr_losses_March-2023.pdf,Telangana,https://www.tgtransco.com/user_uploads/trans_losses/Tr_losses_March-2023.pdf
Sky Power Southeast Asia III Ltd (Previously Sunshakthi solar pvt. Ltd.),2023-03,9.8,Tr_losses_March-2023.pdf,Telangana,https://www.tgtransco.com/user_uploads/trans_losses/Tr_losses_March-2023.pdf
Sunborne Energy Tech. (P) Ltd. (Solar),2023-03,6.79,Tr_losses_March-2023.pdf,Telangana,https://www.tgtransco.com/user_uploads/trans_losses/Tr_losses_March-2023.pdf
Sunworld Solar Power Pvt. Ltd.,2023-03,5.21,Tr_losses_March-2023.pdf,Telangana,https://www.tgtransco.com/user_uploads/trans_losses/Tr_losses_March-2023.pdf
Suprasanna Solar,2023-03,3.55,Tr_losses_March-2023.pdf,Telangana,https://www.tgtransco.com/user_uploads/trans_losses/Tr_losses_March-2023.pdf
Suraj Kiran Solar Technologies (Mdk),2023-03,9.22,Tr_losses_March-2023.pdf,Telangana,https://www.tgtransco.com/user_uploads/trans_losses/Tr_losses_March-2023.pdf
Suraj Kiran solar (Nlg),2023-03,9.16,Tr_losses_March-2023.pdf,Telangana,https://www.tgtransco.com/user_uploads/trans_losses/Tr_losses_March-2023.pdf
Suryoday Energy Pvt. Ltd. (Shapoorji Pallonji)(Solar),2023-03,6.23,Tr_losses_March-2023.pdf,Telangana,https://www.tgtransco.com/user_uploads/trans_losses/Tr_losses_March-2023.pdf
Transform Sun Energy 220kV,2023-03,17.98,Tr_losses_March-2023.pdf,Telangana,https://www.tgtransco.com/user_uploads/trans_losses/Tr_losses_March-2023.pdf
Ujjvalatejas Solaire Urja Pvt. Ltd. (Solar),2023-03,3.49,Tr_losses_March-2023.pdf,Telangana,https://www.tgtransco.com/user_uploads/trans_losses/Tr_losses_March-2023.pdf
Winsol solar (Polepally),2023-03,2.84,Tr_losses_March-2023.pdf,Telangana,https://www.tgtransco.com/user_uploads/trans_losses/Tr_losses_March-2023.pdf
Winsol solar (Tandur),2023-03,9.48,Tr_losses_March-2023.pdf,Telangana,https://www.tgtransco.com/user_uploads/trans_losses/Tr_losses_March-2023.pdf
Zuka Solar,2023-03,10.22,Tr_losses_March-2023.pdf,Telangana,https://www.tgtransco.com/user_uploads/trans_losses/Tr_losses_March-2023.pdf
TSGENCO-THERMAL 2233.59 TSSPDCL,2024-03,5828.67,Tr_losses_March-2024.pdf,Telangana,https://www.tgtransco.com/user_uploads/trans_losses/Tr_losses_March-2024.pdf
TSGENCO-HYDEL 26.47 TSNPDCL,2024-03,2734.96,Tr_losses_March-2024.pdf,Telangana,https://www.tgtransco.com/user_uploads/trans_losses/Tr_losses_March-2024.pdf
132kv Laxmi Tulasi,2024-03,0.02,Tr_losses_March-2024.pdf,Telangana,https://www.tgtransco.com/user_uploads/trans_losses/Tr_losses_March-2024.pdf
132 kV Orient Cement,2024-03,0.3,Tr_losses_March-2024.pdf,Telangana,https://www.tgtransco.com/user_uploads/trans_losses/Tr_losses_March-2024.pdf
220KV Navabharat Energy India Ltd (NBEIL)-I,2024-03,37.33,Tr_losses_March-2024.pdf,Telangana,https://www.tgtransco.com/user_uploads/trans_losses/Tr_losses_March-2024.pdf
220KV Navabharat Energy India Ltd (NBEIL)-II,2024-03,37.2,Tr_losses_March-2024.pdf,Telangana,https://www.tgtransco.com/user_uploads/trans_losses/Tr_losses_March-2024.pdf
132KV Penna Power-I,2024-03,0.0,Tr_losses_March-2024.pdf,Telangana,https://www.tgtransco.com/user_uploads/trans_losses/Tr_losses_March-2024.pdf
132KV Penna Power-II,2024-03,0.0,Tr_losses_March-2024.pdf,Telangana,https://www.tgtransco.com/user_uploads/trans_losses/Tr_losses_March-2024.pdf
132KV Deccan Cements,2024-03,0.0,Tr_losses_March-2024.pdf,Telangana,https://www.tgtransco.com/user_uploads/trans_losses/Tr_losses_March-2024.pdf
132 kV Madhucon,2024-03,2.33,Tr_losses_March-2024.pdf,Telangana,https://www.tgtransco.com/user_uploads/trans_losses/Tr_losses_March-2024.pdf
132kv SCCL 30MW Solar Plant (Manuguru),2024-03,4.02,Tr_losses_March-2024.pdf,Telangana,https://www.tgtransco.com/user_uploads/trans_losses/Tr_losses_March-2024.pdf
132kV PSR Green Power Proj. pvt. Ltd.,2024-03,0.0,Tr_losses_March-2024.pdf,Telangana,https://www.tgtransco.com/user_uploads/trans_losses/Tr_losses_March-2024.pdf
220KV RFCL,2024-03,0.0,Tr_losses_March-2024.pdf,Telangana,https://www.tgtransco.com/user_uploads/trans_losses/Tr_losses_March-2024.pdf
132 kV Kesoram,2024-03,0.0,Tr_losses_March-2024.pdf,Telangana,https://www.tgtransco.com/user_uploads/trans_losses/Tr_losses_March-2024.pdf
132 kV Sitapuram Power Limited,2024-03,0.0,Tr_losses_March-2024.pdf,Telangana,https://www.tgtransco.com/user_uploads/trans_losses/Tr_losses_March-2024.pdf
132 kV Anjaini Port Land Cement,2024-03,0.0,Tr_losses_March-2024.pdf,Telangana,https://www.tgtransco.com/user_uploads/trans_losses/Tr_losses_March-2024.pdf
132kv SCCL 37 MW Solar Plant (Sitharampatnam),2024-03,5.9,Tr_losses_March-2024.pdf,Telangana,https://www.tgtransco.com/user_uploads/trans_losses/Tr_losses_March-2024.pdf
132 kV Sitaramapatnam - BPBL,2024-03,0.04,Tr_losses_March-2024.pdf,Telangana,https://www.tgtransco.com/user_uploads/trans_losses/Tr_losses_March-2024.pdf
132kV Krishnaveni Sugars Ltd,2024-03,4.97,Tr_losses_March-2024.pdf,Telangana,https://www.tgtransco.com/user_uploads/trans_losses/Tr_losses_March-2024.pdf
132 kV My Home Industries Limited,2024-03,0.04,Tr_losses_March-2024.pdf,Telangana,https://www.tgtransco.com/user_uploads/trans_losses/Tr_losses_March-2024.pdf
132 kV ICL (Rassi Cements),2024-03,0.0,Tr_losses_March-2024.pdf,Telangana,https://www.tgtransco.com/user_uploads/trans_losses/Tr_losses_March-2024.pdf
132 kV Bharat Electronics Ltd. (solar),2024-03,1.82,Tr_losses_March-2024.pdf,Telangana,https://www.tgtransco.com/user_uploads/trans_losses/Tr_losses_March-2024.pdf
132kv SCCL Solar Power Plant (Yellandu),2024-03,4.99,Tr_losses_March-2024.pdf,Telangana,https://www.tgtransco.com/user_uploads/trans_losses/Tr_losses_March-2024.pdf
ACME Medak Solar energy Pvt. Ltd.,2024-03,8.33,Tr_losses_March-2024.pdf,Telangana,https://www.tgtransco.com/user_uploads/trans_losses/Tr_losses_March-2024.pdf
ACME Nizamabad Solar Energy Pvt. Ltd,2024-03,9.31,Tr_losses_March-2024.pdf,Telangana,https://www.tgtransco.com/user_uploads/trans_losses/Tr_losses_March-2024.pdf
ACME PV Powertech Pvt. Ltd. (Sadasivpet),2024-03,8.64,Tr_losses_March-2024.pdf,Telangana,https://www.tgtransco.com/user_uploads/trans_losses/Tr_losses_March-2024.pdf
ACME Rangareddy Solar Power,2024-03,5.14,Tr_losses_March-2024.pdf,Telangana,https://www.tgtransco.com/user_uploads/trans_losses/Tr_losses_March-2024.pdf
ACME Solar Power Tech. Pvt. Ltd. (Bhongir),2024-03,8.9,Tr_losses_March-2024.pdf,Telangana,https://www.tgtransco.com/user_uploads/trans_losses/Tr_losses_March-2024.pdf
Azure Power India Pvt. Ltd. (solar),2024-03,17.81,Tr_losses_March-2024.pdf,Telangana,https://www.tgtransco.com/user_uploads/trans_losses/Tr_losses_March-2024.pdf
Clean Hero Wind Power,2024-03,4.14,Tr_losses_March-2024.pdf,Telangana,https://www.tgtransco.com/user_uploads/trans_losses/Tr_losses_March-2024.pdf
Clean Solar Power (Chittradurga) Pvt. Ltd,2024-03,6.46,Tr_losses_March-2024.pdf,Telangana,https://www.tgtransco.com/user_uploads/trans_losses/Tr_losses_March-2024.pdf
Clean solar,2024-03,5.2,Tr_losses_March-2024.pdf,Telangana,https://www.tgtransco.com/user_uploads/trans_losses/Tr_losses_March-2024.pdf
Dayakara Solar (P) Ltd.,2024-03,5.49,Tr_losses_March-2024.pdf,Telangana,https://www.tgtransco.com/user_uploads/trans_losses/Tr_losses_March-2024.pdf
Dinakar Solar,2024-03,4.65,Tr_losses_March-2024.pdf,Telangana,https://www.tgtransco.com/user_uploads/trans_losses/Tr_losses_March-2024.pdf
Divine Solren Pvt. ltd.,2024-03,8.84,Tr_losses_March-2024.pdf,Telangana,https://www.tgtransco.com/user_uploads/trans_losses/Tr_losses_March-2024.pdf
Dundigal Waste 2 Energy Power Plant,2024-03,7.71,Tr_losses_March-2024.pdf,Telangana,https://www.tgtransco.com/user_uploads/trans_losses/Tr_losses_March-2024.pdf
Energon Soleq Solar (Sadasivapet),2024-03,8.83,Tr_losses_March-2024.pdf,Telangana,https://www.tgtransco.com/user_uploads/trans_losses/Tr_losses_March-2024.pdf
Enrich (Solar),2024-03,8.02,Tr_losses_March-2024.pdf,Telangana,https://www.tgtransco.com/user_uploads/trans_losses/Tr_losses_March-2024.pdf
G.S.R.Sugars Pvt Ltd,2024-03,1.74,Tr_losses_March-2024.pdf,Telangana,https://www.tgtransco.com/user_uploads/trans_losses/Tr_losses_March-2024.pdf
Ganapathi Sugars Ltd.,2024-03,1.0,Tr_losses_March-2024.pdf,Telangana,https://www.tgtransco.com/user_uploads/trans_losses/Tr_losses_March-2024.pdf
Grahati Solar,2024-03,9.49,Tr_losses_March-2024.pdf,Telangana,https://www.tgtransco.com/user_uploads/trans_losses/Tr_losses_March-2024.pdf
Hyderabad MSW Energy Solutions PVT LTD,2024-03,11.9,Tr_losses_March-2024.pdf,Telangana,https://www.tgtransco.com/user_uploads/trans_losses/Tr_losses_March-2024.pdf
Jilesh Power Pvt. Ltd (Solar),2024-03,9.13,Tr_losses_March-2024.pdf,Telangana,https://www.tgtransco.com/user_uploads/trans_losses/Tr_losses_March-2024.pdf
Kakatiya Cement & Sugar Industries Ltd.,2024-03,-0.11,Tr_losses_March-2024.pdf,Telangana,https://www.tgtransco.com/user_uploads/trans_losses/Tr_losses_March-2024.pdf
Karvy Solar Pvt. Ltd. (Sadasivapet),2024-03,3.19,Tr_losses_March-2024.pdf,Telangana,https://www.tgtransco.com/user_uploads/trans_losses/Tr_losses_March-2024.pdf
Karvy solar (Mandamarry),2024-03,7.75,Tr_losses_March-2024.pdf,Telangana,https://www.tgtransco.com/user_uploads/trans_losses/Tr_losses_March-2024.pdf
My Home Power Ltd. (NGPL),2024-03,0.0,Tr_losses_March-2024.pdf,Telangana,https://www.tgtransco.com/user_uploads/trans_losses/Tr_losses_March-2024.pdf
Mytrah Agriya Power Pvt. Ltd. (Solar),2024-03,9.85,Tr_losses_March-2024.pdf,Telangana,https://www.tgtransco.com/user_uploads/trans_losses/Tr_losses_March-2024.pdf
Mytrah Agriya Power Pvt. Ltd. (solar) (Kamareddy),2024-03,9.68,Tr_losses_March-2024.pdf,Telangana,https://www.tgtransco.com/user_uploads/trans_losses/Tr_losses_March-2024.pdf
Mytrah Vayu (Godavari) Pvt. Ltd. (Wind),2024-03,15.28,Tr_losses_March-2024.pdf,Telangana,https://www.tgtransco.com/user_uploads/trans_losses/Tr_losses_March-2024.pdf
NEO Solren Pvt. Ltd. (solar),2024-03,7.2,Tr_losses_March-2024.pdf,Telangana,https://www.tgtransco.com/user_uploads/trans_losses/Tr_losses_March-2024.pdf
NTPC Solar power plant (10MW),2024-03,0.99,Tr_losses_March-2024.pdf,Telangana,https://www.tgtransco.com/user_uploads/trans_losses/Tr_losses_March-2024.pdf
Nizam Deccan Sugars Ltd,2024-03,0.0,Tr_losses_March-2024.pdf,Telangana,https://www.tgtransco.com/user_uploads/trans_losses/Tr_losses_March-2024.pdf
Param Pujya Solar Farms Ltd. Plant-I,2024-03,9.6,Tr_losses_March-2024.pdf,Telangana,https://www.tgtransco.com/user_uploads/trans_losses/Tr_losses_March-2024.pdf
Param Pujya Solar Farms Ltd. Plant-II,2024-03,10.46,Tr_losses_March-2024.pdf,Telangana,https://www.tgtransco.com/user_uploads/trans_losses/Tr_losses_March-2024.pdf
Polepally Solar Park,2024-03,4.27,Tr_losses_March-2024.pdf,Telangana,https://www.tgtransco.com/user_uploads/trans_losses/Tr_losses_March-2024.pdf
Prathamesh solar farms Ltd.,2024-03,9.96,Tr_losses_March-2024.pdf,Telangana,https://www.tgtransco.com/user_uploads/trans_losses/Tr_losses_March-2024.pdf
RDF Power Projects Pvt. Ltd.,2024-03,0.0,Tr_losses_March-2024.pdf,Telangana,https://www.tgtransco.com/user_uploads/trans_losses/Tr_losses_March-2024.pdf
Renew Mega Solar Pvt.Ltd,2024-03,8.81,Tr_losses_March-2024.pdf,Telangana,https://www.tgtransco.com/user_uploads/trans_losses/Tr_losses_March-2024.pdf
Renew Saurshakthi Pvt. Ltd.,2024-03,5.34,Tr_losses_March-2024.pdf,Telangana,https://www.tgtransco.com/user_uploads/trans_losses/Tr_losses_March-2024.pdf
Renew Solar Energy Pvt. Ltd. 220kV,2024-03,26.36,Tr_losses_March-2024.pdf,Telangana,https://www.tgtransco.com/user_uploads/trans_losses/Tr_losses_March-2024.pdf
Renew Solar Plant (Mdk. Dist.),2024-03,3.97,Tr_losses_March-2024.pdf,Telangana,https://www.tgtransco.com/user_uploads/trans_losses/Tr_losses_March-2024.pdf
Renew Solar Pvt Ltd. (Minpur),2024-03,12.25,Tr_losses_March-2024.pdf,Telangana,https://www.tgtransco.com/user_uploads/trans_losses/Tr_losses_March-2024.pdf
Renew Wind TN2 Solar,2024-03,19.68,Tr_losses_March-2024.pdf,Telangana,https://www.tgtransco.com/user_uploads/trans_losses/Tr_losses_March-2024.pdf
Renue Akshay Solar Plant,2024-03,17.36,Tr_losses_March-2024.pdf,Telangana,https://www.tgtransco.com/user_uploads/trans_losses/Tr_losses_March-2024.pdf
SLS Power Corp. Ltd. (Minihydel) 132KV,2024-03,0.7,Tr_losses_March-2024.pdf,Telangana,https://www.tgtransco.com/user_uploads/trans_losses/Tr_losses_March-2024.pdf
SUZLON Energy Ltd.,2024-03,20.41,Tr_losses_March-2024.pdf,Telangana,https://www.tgtransco.com/user_uploads/trans_losses/Tr_losses_March-2024.pdf
Shravana Power Projects Pvt. Ltd.,2024-03,-0.02,Tr_losses_March-2024.pdf,Telangana,https://www.tgtransco.com/user_uploads/trans_losses/Tr_losses_March-2024.pdf
Sky Power Southeast Asia III Ltd (Previously Sunshakthi solar,2024-03,9.32,Tr_losses_March-2024.pdf,Telangana,https://www.tgtransco.com/user_uploads/trans_losses/Tr_losses_March-2024.pdf
Sunborne,2024-03,6.42,Tr_losses_March-2024.pdf,Telangana,https://www.tgtransco.com/user_uploads/trans_losses/Tr_losses_March-2024.pdf
Sunworld Solar Power Pvt. Ltd.,2024-03,5.31,Tr_losses_March-2024.pdf,Telangana,https://www.tgtransco.com/user_uploads/trans_losses/Tr_losses_March-2024.pdf
Suprasanna Solar,2024-03,3.44,Tr_losses_March-2024.pdf,Telangana,https://www.tgtransco.com/user_uploads/trans_losses/Tr_losses_March-2024.pdf
Suraj Kiran Solar Technologies (Mdk),2024-03,9.26,Tr_losses_March-2024.pdf,Telangana,https://www.tgtransco.com/user_uploads/trans_losses/Tr_losses_March-2024.pdf
Suraj Kiran solar (Nlg),2024-03,9.32,Tr_losses_March-2024.pdf,Telangana,https://www.tgtransco.com/user_uploads/trans_losses/Tr_losses_March-2024.pdf
Suryoday Energy Pvt. Ltd. (Shapoorji Pallonji)(Solar),2024-03,6.07,Tr_losses_March-2024.pdf,Telangana,https://www.tgtransco.com/user_uploads/trans_losses/Tr_losses_March-2024.pdf
Transform Sun Energy 220kV,2024-03,17.66,Tr_losses_March-2024.pdf,Telangana,https://www.tgtransco.com/user_uploads/trans_losses/Tr_losses_March-2024.pdf
Ujjvalatejas Solaire Urja Pvt. Ltd. (Solar),2024-03,3.44,Tr_losses_March-2024.pdf,Telangana,https://www.tgtransco.com/user_uploads/trans_losses/Tr_losses_March-2024.pdf
Vena Energy Solar Pvt Ltd (Previously Energon Soleq Pvt Ltd ),2024-03,9.44,Tr_losses_March-2024.pdf,Telangana,https://www.tgtransco.com/user_uploads/trans_losses/Tr_losses_March-2024.pdf
Winsol solar (Polepally),2024-03,2.79,Tr_losses_March-2024.pdf,Telangana,https://www.tgtransco.com/user_uploads/trans_losses/Tr_losses_March-2024.pdf
Winsol solar (Tandur),2024-03,8.87,Tr_losses_March-2024.pdf,Telangana,https://www.tgtransco.com/user_uploads/trans_losses/Tr_losses_March-2024.pdf
Zuka Solar,2024-03,10.52,Tr_losses_March-2024.pdf,Telangana,https://www.tgtransco.com/user_uploads/trans_losses/Tr_losses_March-2024.pdf
TSGENCO-THERMAL 2179.79 TSSPDCL,2022-05,4017.69,Tr_losses_May-2022.pdf,Telangana,https://www.tgtransco.com/user_uploads/trans_losses/Tr_losses_May-2022.pdf
TSGENCO-HYDEL 42.35 TSNPDCL,2022-05,1352.38,Tr_losses_May-2022.pdf,Telangana,https://www.tgtransco.com/user_uploads/trans_losses/Tr_losses_May-2022.pdf
132kv Laxmi Tulasi,2022-05,1.71,Tr_losses_May-2022.pdf,Telangana,https://www.tgtransco.com/user_uploads/trans_losses/Tr_losses_May-2022.pdf
132 kV Orient Cement,2022-05,0.0,Tr_losses_May-2022.pdf,Telangana,https://www.tgtransco.com/user_uploads/trans_losses/Tr_losses_May-2022.pdf
220KV Navabharat Energy India Ltd (NBEIL)-I,2022-05,4.43,Tr_losses_May-2022.pdf,Telangana,https://www.tgtransco.com/user_uploads/trans_losses/Tr_losses_May-2022.pdf
220KV Navabharat Energy India Ltd (NBEIL)-II,2022-05,4.42,Tr_losses_May-2022.pdf,Telangana,https://www.tgtransco.com/user_uploads/trans_losses/Tr_losses_May-2022.pdf
132KV Penna Power-I,2022-05,0.0,Tr_losses_May-2022.pdf,Telangana,https://www.tgtransco.com/user_uploads/trans_losses/Tr_losses_May-2022.pdf
132KV Penna Power-II,2022-05,6.34,Tr_losses_May-2022.pdf,Telangana,https://www.tgtransco.com/user_uploads/trans_losses/Tr_losses_May-2022.pdf
132KV Deccan Cements,2022-05,0.0,Tr_losses_May-2022.pdf,Telangana,https://www.tgtransco.com/user_uploads/trans_losses/Tr_losses_May-2022.pdf
132 kV Madhucon,2022-05,0.0,Tr_losses_May-2022.pdf,Telangana,https://www.tgtransco.com/user_uploads/trans_losses/Tr_losses_May-2022.pdf
132kv SCCL 30MW Solar Plant (Manuguru),2022-05,4.35,Tr_losses_May-2022.pdf,Telangana,https://www.tgtransco.com/user_uploads/trans_losses/Tr_losses_May-2022.pdf
132kV PSR Green Power Proj. pvt. Ltd.,2022-05,0.0,Tr_losses_May-2022.pdf,Telangana,https://www.tgtransco.com/user_uploads/trans_losses/Tr_losses_May-2022.pdf
220KV RFCL,2022-05,0.01,Tr_losses_May-2022.pdf,Telangana,https://www.tgtransco.com/user_uploads/trans_losses/Tr_losses_May-2022.pdf
132 kV Kesoram,2022-05,0.0,Tr_losses_May-2022.pdf,Telangana,https://www.tgtransco.com/user_uploads/trans_losses/Tr_losses_May-2022.pdf
132 kV Sitapuram Power Limited,2022-05,8.81,Tr_losses_May-2022.pdf,Telangana,https://www.tgtransco.com/user_uploads/trans_losses/Tr_losses_May-2022.pdf
132 kV Anjaini Port Land Cement,2022-05,1.14,Tr_losses_May-2022.pdf,Telangana,https://www.tgtransco.com/user_uploads/trans_losses/Tr_losses_May-2022.pdf
132kv SCCL 37 MW Solar Plant (Sitharampatnam),2022-05,5.28,Tr_losses_May-2022.pdf,Telangana,https://www.tgtransco.com/user_uploads/trans_losses/Tr_losses_May-2022.pdf
132 kV Sitaramapatnam - BPBL,2022-05,0.0,Tr_losses_May-2022.pdf,Telangana,https://www.tgtransco.com/user_uploads/trans_losses/Tr_losses_May-2022.pdf
132kV Krishnaveni Sugars Ltd,2022-05,0.41,Tr_losses_May-2022.pdf,Telangana,https://www.tgtransco.com/user_uploads/trans_losses/Tr_losses_May-2022.pdf
132 kV My Home Industries Limited,2022-05,6.24,Tr_losses_May-2022.pdf,Telangana,https://www.tgtransco.com/user_uploads/trans_losses/Tr_losses_May-2022.pdf
132 kV ICL (Rassi Cements),2022-05,0.0,Tr_losses_May-2022.pdf,Telangana,https://www.tgtransco.com/user_uploads/trans_losses/Tr_losses_May-2022.pdf
132 kV Bharat Electronics Ltd. (solar),2022-05,2.12,Tr_losses_May-2022.pdf,Telangana,https://www.tgtransco.com/user_uploads/trans_losses/Tr_losses_May-2022.pdf
132kv SCCL Solar Power Plant (Yellandu),2022-05,5.64,Tr_losses_May-2022.pdf,Telangana,https://www.tgtransco.com/user_uploads/trans_losses/Tr_losses_May-2022.pdf
ACME Medak Solar energy Pvt. Ltd.,2022-05,8.23,Tr_losses_May-2022.pdf,Telangana,https://www.tgtransco.com/user_uploads/trans_losses/Tr_losses_May-2022.pdf
ACME Nizamabad Solar Energy Pvt. Ltd,2022-05,8.38,Tr_losses_May-2022.pdf,Telangana,https://www.tgtransco.com/user_uploads/trans_losses/Tr_losses_May-2022.pdf
ACME PV Powertech Pvt. Ltd. (Sadasivpet),2022-05,8.16,Tr_losses_May-2022.pdf,Telangana,https://www.tgtransco.com/user_uploads/trans_losses/Tr_losses_May-2022.pdf
ACME Rangareddy Solar Power,2022-05,4.87,Tr_losses_May-2022.pdf,Telangana,https://www.tgtransco.com/user_uploads/trans_losses/Tr_losses_May-2022.pdf
ACME Solar Power Tech. Pvt. Ltd. (Bhongir),2022-05,9.02,Tr_losses_May-2022.pdf,Telangana,https://www.tgtransco.com/user_uploads/trans_losses/Tr_losses_May-2022.pdf
Azure Power India Pvt. Ltd. (solar),2022-05,17.01,Tr_losses_May-2022.pdf,Telangana,https://www.tgtransco.com/user_uploads/trans_losses/Tr_losses_May-2022.pdf
Clean Hero Wind Power,2022-05,6.05,Tr_losses_May-2022.pdf,Telangana,https://www.tgtransco.com/user_uploads/trans_losses/Tr_losses_May-2022.pdf
Clean Solar Power (Chittradurga) Pvt. Ltd,2022-05,6.09,Tr_losses_May-2022.pdf,Telangana,https://www.tgtransco.com/user_uploads/trans_losses/Tr_losses_May-2022.pdf
Clean solar,2022-05,4.6,Tr_losses_May-2022.pdf,Telangana,https://www.tgtransco.com/user_uploads/trans_losses/Tr_losses_May-2022.pdf
Dayakara Solar (P) Ltd.,2022-05,4.93,Tr_losses_May-2022.pdf,Telangana,https://www.tgtransco.com/user_uploads/trans_losses/Tr_losses_May-2022.pdf
Dinakar Solar,2022-05,4.1,Tr_losses_May-2022.pdf,Telangana,https://www.tgtransco.com/user_uploads/trans_losses/Tr_losses_May-2022.pdf
Divine Solren Pvt. ltd.,2022-05,8.36,Tr_losses_May-2022.pdf,Telangana,https://www.tgtransco.com/user_uploads/trans_losses/Tr_losses_May-2022.pdf
Pvt Ltd ),2022-05,8.76,Tr_losses_May-2022.pdf,Telangana,https://www.tgtransco.com/user_uploads/trans_losses/Tr_losses_May-2022.pdf
Energon Soleq Solar (Sadasivapet),2022-05,8.34,Tr_losses_May-2022.pdf,Telangana,https://www.tgtransco.com/user_uploads/trans_losses/Tr_losses_May-2022.pdf
Enrich (Solar),2022-05,7.48,Tr_losses_May-2022.pdf,Telangana,https://www.tgtransco.com/user_uploads/trans_losses/Tr_losses_May-2022.pdf
G.S.R.Sugars Pvt Ltd,2022-05,-0.06,Tr_losses_May-2022.pdf,Telangana,https://www.tgtransco.com/user_uploads/trans_losses/Tr_losses_May-2022.pdf
Ganapathi Sugars Ltd.,2022-05,-0.05,Tr_losses_May-2022.pdf,Telangana,https://www.tgtransco.com/user_uploads/trans_losses/Tr_losses_May-2022.pdf
Grahati Solar,2022-05,8.54,Tr_losses_May-2022.pdf,Telangana,https://www.tgtransco.com/user_uploads/trans_losses/Tr_losses_May-2022.pdf
Hyderabad MSW Energy Solutions PVT LTD,2022-05,14.86,Tr_losses_May-2022.pdf,Telangana,https://www.tgtransco.com/user_uploads/trans_losses/Tr_losses_May-2022.pdf
Jilesh Power Pvt. Ltd (Solar),2022-05,8.88,Tr_losses_May-2022.pdf,Telangana,https://www.tgtransco.com/user_uploads/trans_losses/Tr_losses_May-2022.pdf
Kakatiya Cement & Sugar Industries Ltd.,2022-05,-0.06,Tr_losses_May-2022.pdf,Telangana,https://www.tgtransco.com/user_uploads/trans_losses/Tr_losses_May-2022.pdf
Karvy Solar Pvt. Ltd. (Sadasivapet),2022-05,2.97,Tr_losses_May-2022.pdf,Telangana,https://www.tgtransco.com/user_uploads/trans_losses/Tr_losses_May-2022.pdf
Karvy solar (Mandamarry),2022-05,8.09,Tr_losses_May-2022.pdf,Telangana,https://www.tgtransco.com/user_uploads/trans_losses/Tr_losses_May-2022.pdf
My Home Power Ltd. (NGPL),2022-05,0.0,Tr_losses_May-2022.pdf,Telangana,https://www.tgtransco.com/user_uploads/trans_losses/Tr_losses_May-2022.pdf
Mytrah Agriya Power Pvt. Ltd. (Solar),2022-05,8.07,Tr_losses_May-2022.pdf,Telangana,https://www.tgtransco.com/user_uploads/trans_losses/Tr_losses_May-2022.pdf
Mytrah Agriya Power Pvt. Ltd. (solar) (Kamareddy),2022-05,9.27,Tr_losses_May-2022.pdf,Telangana,https://www.tgtransco.com/user_uploads/trans_losses/Tr_losses_May-2022.pdf
Mytrah Vayu (Godavari) Pvt. Ltd. (Wind),2022-05,19.49,Tr_losses_May-2022.pdf,Telangana,https://www.tgtransco.com/user_uploads/trans_losses/Tr_losses_May-2022.pdf
NEO Solren Pvt. Ltd. (solar),2022-05,6.44,Tr_losses_May-2022.pdf,Telangana,https://www.tgtransco.com/user_uploads/trans_losses/Tr_losses_May-2022.pdf
NTPC Solar power plant (10MW),2022-05,1.17,Tr_losses_May-2022.pdf,Telangana,https://www.tgtransco.com/user_uploads/trans_losses/Tr_losses_May-2022.pdf
Nizam Deccan Sugars Ltd,2022-05,0.0,Tr_losses_May-2022.pdf,Telangana,https://www.tgtransco.com/user_uploads/trans_losses/Tr_losses_May-2022.pdf
Param Pujya Solar Farms Ltd. Plant-I,2022-05,9.3,Tr_losses_May-2022.pdf,Telangana,https://www.tgtransco.com/user_uploads/trans_losses/Tr_losses_May-2022.pdf
Param Pujya Solar Farms Ltd. Plant-II,2022-05,10.79,Tr_losses_May-2022.pdf,Telangana,https://www.tgtransco.com/user_uploads/trans_losses/Tr_losses_May-2022.pdf
Polepally Solar Park,2022-05,3.94,Tr_losses_May-2022.pdf,Telangana,https://www.tgtransco.com/user_uploads/trans_losses/Tr_losses_May-2022.pdf
Prathamesh solar farms Ltd.,2022-05,9.0,Tr_losses_May-2022.pdf,Telangana,https://www.tgtransco.com/user_uploads/trans_losses/Tr_losses_May-2022.pdf
RDF Power Projects Pvt. Ltd.,2022-05,0.0,Tr_losses_May-2022.pdf,Telangana,https://www.tgtransco.com/user_uploads/trans_losses/Tr_losses_May-2022.pdf
Renew Mega Solar Pvt.Ltd,2022-05,9.32,Tr_losses_May-2022.pdf,Telangana,https://www.tgtransco.com/user_uploads/trans_losses/Tr_losses_May-2022.pdf
Renew Saurshakthi Pvt. Ltd.,2022-05,5.56,Tr_losses_May-2022.pdf,Telangana,https://www.tgtransco.com/user_uploads/trans_losses/Tr_losses_May-2022.pdf
Renew Solar Energy Pvt. Ltd. 220kV,2022-05,28.21,Tr_losses_May-2022.pdf,Telangana,https://www.tgtransco.com/user_uploads/trans_losses/Tr_losses_May-2022.pdf
Renew Solar Plant (Mdk. Dist.),2022-05,3.63,Tr_losses_May-2022.pdf,Telangana,https://www.tgtransco.com/user_uploads/trans_losses/Tr_losses_May-2022.pdf
Renew Solar Pvt Ltd. (Minpur),2022-05,12.21,Tr_losses_May-2022.pdf,Telangana,https://www.tgtransco.com/user_uploads/trans_losses/Tr_losses_May-2022.pdf
Renew Wind TN2 Solar,2022-05,17.58,Tr_losses_May-2022.pdf,Telangana,https://www.tgtransco.com/user_uploads/trans_losses/Tr_losses_May-2022.pdf
Renue Akshay Solar Plant,2022-05,15.39,Tr_losses_May-2022.pdf,Telangana,https://www.tgtransco.com/user_uploads/trans_losses/Tr_losses_May-2022.pdf
SLS Power Corp. Ltd. (Minihydel) 132KV,2022-05,0.33,Tr_losses_May-2022.pdf,Telangana,https://www.tgtransco.com/user_uploads/trans_losses/Tr_losses_May-2022.pdf
SUZLON Energy Ltd.,2022-05,18.98,Tr_losses_May-2022.pdf,Telangana,https://www.tgtransco.com/user_uploads/trans_losses/Tr_losses_May-2022.pdf
Shravana Power Projects Pvt. Ltd.,2022-05,-0.02,Tr_losses_May-2022.pdf,Telangana,https://www.tgtransco.com/user_uploads/trans_losses/Tr_losses_May-2022.pdf
solar pvt. Ltd.),2022-05,9.76,Tr_losses_May-2022.pdf,Telangana,https://www.tgtransco.com/user_uploads/trans_losses/Tr_losses_May-2022.pdf
Sunborne Energy Tech. (P) Ltd. (Solar),2022-05,6.03,Tr_losses_May-2022.pdf,Telangana,https://www.tgtransco.com/user_uploads/trans_losses/Tr_losses_May-2022.pdf
Sunworld Solar Power Pvt. Ltd.,2022-05,5.41,Tr_losses_May-2022.pdf,Telangana,https://www.tgtransco.com/user_uploads/trans_losses/Tr_losses_May-2022.pdf
Suprasanna Solar,2022-05,3.4,Tr_losses_May-2022.pdf,Telangana,https://www.tgtransco.com/user_uploads/trans_losses/Tr_losses_May-2022.pdf
Suraj Kiran Solar Technologies (Mdk),2022-05,9.42,Tr_losses_May-2022.pdf,Telangana,https://www.tgtransco.com/user_uploads/trans_losses/Tr_losses_May-2022.pdf
Suraj Kiran solar (Nlg),2022-05,9.0,Tr_losses_May-2022.pdf,Telangana,https://www.tgtransco.com/user_uploads/trans_losses/Tr_losses_May-2022.pdf
Suryoday Energy Pvt. Ltd. (Shapoorji Pallonji)(Solar),2022-05,5.97,Tr_losses_May-2022.pdf,Telangana,https://www.tgtransco.com/user_uploads/trans_losses/Tr_losses_May-2022.pdf
Transform Sun Energy 220kV,2022-05,15.2,Tr_losses_May-2022.pdf,Telangana,https://www.tgtransco.com/user_uploads/trans_losses/Tr_losses_May-2022.pdf
Ujjvalatejas Solaire Urja Pvt. Ltd. (Solar),2022-05,3.28,Tr_losses_May-2022.pdf,Telangana,https://www.tgtransco.com/user_uploads/trans_losses/Tr_losses_May-2022.pdf
Winsol solar (Polepally),2022-05,2.61,Tr_losses_May-2022.pdf,Telangana,https://www.tgtransco.com/user_uploads/trans_losses/Tr_losses_May-2022.pdf
Winsol solar (Tandur),2022-05,8.61,Tr_losses_May-2022.pdf,Telangana,https://www.tgtransco.com/user_uploads/trans_losses/Tr_losses_May-2022.pdf
Zuka Solar,2022-05,9.45,Tr_losses_May-2022.pdf,Telangana,https://www.tgtransco.com/user_uploads/trans_losses/Tr_losses_May-2022.pdf
TSGENCO-THERMAL 2285.46 TSSPDCL,2023-05,4072.72,Tr_losses_May-2023.pdf,Telangana,https://www.tgtransco.com/user_uploads/trans_losses/Tr_losses_May-2023.pdf
TSGENCO-HYDEL 51.78 TSNPDCL,2023-05,1247.26,Tr_losses_May-2023.pdf,Telangana,https://www.tgtransco.com/user_uploads/trans_losses/Tr_losses_May-2023.pdf
132kv Laxmi Tulasi,2023-05,0.01,Tr_losses_May-2023.pdf,Telangana,https://www.tgtransco.com/user_uploads/trans_losses/Tr_losses_May-2023.pdf
132 kV Orient Cement,2023-05,0.6,Tr_losses_May-2023.pdf,Telangana,https://www.tgtransco.com/user_uploads/trans_losses/Tr_losses_May-2023.pdf
220KV Navabharat Energy India Ltd (NBEIL)-I,2023-05,46.79,Tr_losses_May-2023.pdf,Telangana,https://www.tgtransco.com/user_uploads/trans_losses/Tr_losses_May-2023.pdf
220KV Navabharat Energy India Ltd (NBEIL)-II,2023-05,47.07,Tr_losses_May-2023.pdf,Telangana,https://www.tgtransco.com/user_uploads/trans_losses/Tr_losses_May-2023.pdf
132KV Penna Power-I,2023-05,0.0,Tr_losses_May-2023.pdf,Telangana,https://www.tgtransco.com/user_uploads/trans_losses/Tr_losses_May-2023.pdf
132KV Penna Power-II,2023-05,0.0,Tr_losses_May-2023.pdf,Telangana,https://www.tgtransco.com/user_uploads/trans_losses/Tr_losses_May-2023.pdf
132KV Deccan Cements,2023-05,0.01,Tr_losses_May-2023.pdf,Telangana,https://www.tgtransco.com/user_uploads/trans_losses/Tr_losses_May-2023.pdf
132 kV Madhucon,2023-05,0.0,Tr_losses_May-2023.pdf,Telangana,https://www.tgtransco.com/user_uploads/trans_losses/Tr_losses_May-2023.pdf
132kv SCCL 30MW Solar Plant (Manuguru),2023-05,4.37,Tr_losses_May-2023.pdf,Telangana,https://www.tgtransco.com/user_uploads/trans_losses/Tr_losses_May-2023.pdf
132kV PSR Green Power Proj. pvt. Ltd.,2023-05,0.0,Tr_losses_May-2023.pdf,Telangana,https://www.tgtransco.com/user_uploads/trans_losses/Tr_losses_May-2023.pdf
220KV RFCL,2023-05,0.01,Tr_losses_May-2023.pdf,Telangana,https://www.tgtransco.com/user_uploads/trans_losses/Tr_losses_May-2023.pdf
132 kV Kesoram,2023-05,0.0,Tr_losses_May-2023.pdf,Telangana,https://www.tgtransco.com/user_uploads/trans_losses/Tr_losses_May-2023.pdf
132 kV Sitapuram Power Limited,2023-05,0.01,Tr_losses_May-2023.pdf,Telangana,https://www.tgtransco.com/user_uploads/trans_losses/Tr_losses_May-2023.pdf
132 kV Anjaini Port Land Cement,2023-05,0.0,Tr_losses_May-2023.pdf,Telangana,https://www.tgtransco.com/user_uploads/trans_losses/Tr_losses_May-2023.pdf
132kv SCCL 37 MW Solar Plant (Sitharampatnam),2023-05,3.77,Tr_losses_May-2023.pdf,Telangana,https://www.tgtransco.com/user_uploads/trans_losses/Tr_losses_May-2023.pdf
132 kV Sitaramapatnam - BPBL,2023-05,0.0,Tr_losses_May-2023.pdf,Telangana,https://www.tgtransco.com/user_uploads/trans_losses/Tr_losses_May-2023.pdf
132kV Krishnaveni Sugars Ltd,2023-05,0.0,Tr_losses_May-2023.pdf,Telangana,https://www.tgtransco.com/user_uploads/trans_losses/Tr_losses_May-2023.pdf
132 kV My Home Industries Limited,2023-05,2.74,Tr_losses_May-2023.pdf,Telangana,https://www.tgtransco.com/user_uploads/trans_losses/Tr_losses_May-2023.pdf
132 kV ICL (Rassi Cements),2023-05,0.0,Tr_losses_May-2023.pdf,Telangana,https://www.tgtransco.com/user_uploads/trans_losses/Tr_losses_May-2023.pdf
132 kV Bharat Electronics Ltd. (solar),2023-05,1.17,Tr_losses_May-2023.pdf,Telangana,https://www.tgtransco.com/user_uploads/trans_losses/Tr_losses_May-2023.pdf
132kv SCCL Solar Power Plant (Yellandu),2023-05,5.61,Tr_losses_May-2023.pdf,Telangana,https://www.tgtransco.com/user_uploads/trans_losses/Tr_losses_May-2023.pdf
ACME Medak Solar energy Pvt. Ltd.,2023-05,8.51,Tr_losses_May-2023.pdf,Telangana,https://www.tgtransco.com/user_uploads/trans_losses/Tr_losses_May-2023.pdf
ACME Nizamabad Solar Energy Pvt. Ltd,2023-05,9.33,Tr_losses_May-2023.pdf,Telangana,https://www.tgtransco.com/user_uploads/trans_losses/Tr_losses_May-2023.pdf
ACME PV Powertech Pvt. Ltd. (Sadasivpet),2023-05,9.26,Tr_losses_May-2023.pdf,Telangana,https://www.tgtransco.com/user_uploads/trans_losses/Tr_losses_May-2023.pdf
ACME Rangareddy Solar Power,2023-05,5.15,Tr_losses_May-2023.pdf,Telangana,https://www.tgtransco.com/user_uploads/trans_losses/Tr_losses_May-2023.pdf
ACME Solar Power Tech. Pvt. Ltd. (Bhongir),2023-05,9.15,Tr_losses_May-2023.pdf,Telangana,https://www.tgtransco.com/user_uploads/trans_losses/Tr_losses_May-2023.pdf
Azure Power India Pvt. Ltd. (solar),2023-05,17.36,Tr_losses_May-2023.pdf,Telangana,https://www.tgtransco.com/user_uploads/trans_losses/Tr_losses_May-2023.pdf
Clean Hero Wind Power,2023-05,4.32,Tr_losses_May-2023.pdf,Telangana,https://www.tgtransco.com/user_uploads/trans_losses/Tr_losses_May-2023.pdf
Clean Solar Power (Chittradurga) Pvt. Ltd,2023-05,6.77,Tr_losses_May-2023.pdf,Telangana,https://www.tgtransco.com/user_uploads/trans_losses/Tr_losses_May-2023.pdf
Clean solar,2023-05,5.01,Tr_losses_May-2023.pdf,Telangana,https://www.tgtransco.com/user_uploads/trans_losses/Tr_losses_May-2023.pdf
Dayakara Solar (P) Ltd.,2023-05,5.71,Tr_losses_May-2023.pdf,Telangana,https://www.tgtransco.com/user_uploads/trans_losses/Tr_losses_May-2023.pdf
Dinakar Solar,2023-05,5.06,Tr_losses_May-2023.pdf,Telangana,https://www.tgtransco.com/user_uploads/trans_losses/Tr_losses_May-2023.pdf
Divine Solren Pvt. ltd.,2023-05,9.16,Tr_losses_May-2023.pdf,Telangana,https://www.tgtransco.com/user_uploads/trans_losses/Tr_losses_May-2023.pdf
Vena Energy Solar Pvt Ltd (Previously Energon Soleq Pvt Ltd ),2023-05,9.35,Tr_losses_May-2023.pdf,Telangana,https://www.tgtransco.com/user_uploads/trans_losses/Tr_losses_May-2023.pdf
Energon Soleq Solar (Sadasivapet),2023-05,9.2,Tr_losses_May-2023.pdf,Telangana,https://www.tgtransco.com/user_uploads/trans_losses/Tr_losses_May-2023.pdf
Enrich (Solar),2023-05,8.44,Tr_losses_May-2023.pdf,Telangana,https://www.tgtransco.com/user_uploads/trans_losses/Tr_losses_May-2023.pdf
G.S.R.Sugars Pvt Ltd,2023-05,-0.06,Tr_losses_May-2023.pdf,Telangana,https://www.tgtransco.com/user_uploads/trans_losses/Tr_losses_May-2023.pdf
Ganapathi Sugars Ltd.,2023-05,-0.05,Tr_losses_May-2023.pdf,Telangana,https://www.tgtransco.com/user_uploads/trans_losses/Tr_losses_May-2023.pdf
Grahati Solar,2023-05,9.31,Tr_losses_May-2023.pdf,Telangana,https://www.tgtransco.com/user_uploads/trans_losses/Tr_losses_May-2023.pdf
Hyderabad MSW Energy Solutions PVT LTD,2023-05,11.63,Tr_losses_May-2023.pdf,Telangana,https://www.tgtransco.com/user_uploads/trans_losses/Tr_losses_May-2023.pdf
Jilesh Power Pvt. Ltd (Solar),2023-05,8.72,Tr_losses_May-2023.pdf,Telangana,https://www.tgtransco.com/user_uploads/trans_losses/Tr_losses_May-2023.pdf
Kakatiya Cement & Sugar Industries Ltd.,2023-05,-0.12,Tr_losses_May-2023.pdf,Telangana,https://www.tgtransco.com/user_uploads/trans_losses/Tr_losses_May-2023.pdf
Karvy Solar Pvt. Ltd. (Sadasivapet),2023-05,3.43,Tr_losses_May-2023.pdf,Telangana,https://www.tgtransco.com/user_uploads/trans_losses/Tr_losses_May-2023.pdf
Karvy solar (Mandamarry),2023-05,8.0,Tr_losses_May-2023.pdf,Telangana,https://www.tgtransco.com/user_uploads/trans_losses/Tr_losses_May-2023.pdf
My Home Power Ltd. (NGPL),2023-05,0.0,Tr_losses_May-2023.pdf,Telangana,https://www.tgtransco.com/user_uploads/trans_losses/Tr_losses_May-2023.pdf
Mytrah Agriya Power Pvt. Ltd. (Solar),2023-05,9.17,Tr_losses_May-2023.pdf,Telangana,https://www.tgtransco.com/user_uploads/trans_losses/Tr_losses_May-2023.pdf
Mytrah Agriya Power Pvt. Ltd. (solar) (Kamareddy),2023-05,9.42,Tr_losses_May-2023.pdf,Telangana,https://www.tgtransco.com/user_uploads/trans_losses/Tr_losses_May-2023.pdf
Mytrah Vayu (Godavari) Pvt. Ltd. (Wind),2023-05,13.31,Tr_losses_May-2023.pdf,Telangana,https://www.tgtransco.com/user_uploads/trans_losses/Tr_losses_May-2023.pdf
NEO Solren Pvt. Ltd. (solar),2023-05,6.57,Tr_losses_May-2023.pdf,Telangana,https://www.tgtransco.com/user_uploads/trans_losses/Tr_losses_May-2023.pdf
NTPC Solar power plant (10MW),2023-05,1.09,Tr_losses_May-2023.pdf,Telangana,https://www.tgtransco.com/user_uploads/trans_losses/Tr_losses_May-2023.pdf
Nizam Deccan Sugars Ltd,2023-05,0.0,Tr_losses_May-2023.pdf,Telangana,https://www.tgtransco.com/user_uploads/trans_losses/Tr_losses_May-2023.pdf
Param Pujya Solar Farms Ltd. Plant-I,2023-05,9.42,Tr_losses_May-2023.pdf,Telangana,https://www.tgtransco.com/user_uploads/trans_losses/Tr_losses_May-2023.pdf
Param Pujya Solar Farms Ltd. Plant-II,2023-05,10.65,Tr_losses_May-2023.pdf,Telangana,https://www.tgtransco.com/user_uploads/trans_losses/Tr_losses_May-2023.pdf
Polepally Solar Park,2023-05,4.05,Tr_losses_May-2023.pdf,Telangana,https://www.tgtransco.com/user_uploads/trans_losses/Tr_losses_May-2023.pdf
Prathamesh solar farms Ltd.,2023-05,9.87,Tr_losses_May-2023.pdf,Telangana,https://www.tgtransco.com/user_uploads/trans_losses/Tr_losses_May-2023.pdf
RDF Power Projects Pvt. Ltd.,2023-05,0.0,Tr_losses_May-2023.pdf,Telangana,https://www.tgtransco.com/user_uploads/trans_losses/Tr_losses_May-2023.pdf
Renew Mega Solar Pvt.Ltd,2023-05,9.38,Tr_losses_May-2023.pdf,Telangana,https://www.tgtransco.com/user_uploads/trans_losses/Tr_losses_May-2023.pdf
Renew Saurshakthi Pvt. Ltd.,2023-05,5.87,Tr_losses_May-2023.pdf,Telangana,https://www.tgtransco.com/user_uploads/trans_losses/Tr_losses_May-2023.pdf
Renew Solar Energy Pvt. Ltd. 220kV,2023-05,29.64,Tr_losses_May-2023.pdf,Telangana,https://www.tgtransco.com/user_uploads/trans_losses/Tr_losses_May-2023.pdf
Renew Solar Plant (Mdk. Dist.),2023-05,4.0,Tr_losses_May-2023.pdf,Telangana,https://www.tgtransco.com/user_uploads/trans_losses/Tr_losses_May-2023.pdf
Renew Solar Pvt Ltd. (Minpur),2023-05,13.85,Tr_losses_May-2023.pdf,Telangana,https://www.tgtransco.com/user_uploads/trans_losses/Tr_losses_May-2023.pdf
Renew Wind TN2 Solar,2023-05,19.13,Tr_losses_May-2023.pdf,Telangana,https://www.tgtransco.com/user_uploads/trans_losses/Tr_losses_May-2023.pdf
Renue Akshay Solar Plant,2023-05,16.32,Tr_losses_May-2023.pdf,Telangana,https://www.tgtransco.com/user_uploads/trans_losses/Tr_losses_May-2023.pdf
SLS Power Corp. Ltd. (Minihydel) 132KV,2023-05,2.76,Tr_losses_May-2023.pdf,Telangana,https://www.tgtransco.com/user_uploads/trans_losses/Tr_losses_May-2023.pdf
SUZLON Energy Ltd.,2023-05,20.14,Tr_losses_May-2023.pdf,Telangana,https://www.tgtransco.com/user_uploads/trans_losses/Tr_losses_May-2023.pdf
Shravana Power Projects Pvt. Ltd.,2023-05,-0.02,Tr_losses_May-2023.pdf,Telangana,https://www.tgtransco.com/user_uploads/trans_losses/Tr_losses_May-2023.pdf
Sky Power Southeast Asia III Ltd (Previously Sunshakthi solar pvt. Ltd.),2023-05,10.21,Tr_losses_May-2023.pdf,Telangana,https://www.tgtransco.com/user_uploads/trans_losses/Tr_losses_May-2023.pdf
Sunborne Energy Tech. (P) Ltd. (Solar),2023-05,6.93,Tr_losses_May-2023.pdf,Telangana,https://www.tgtransco.com/user_uploads/trans_losses/Tr_losses_May-2023.pdf
Sunworld Solar Power Pvt. Ltd.,2023-05,5.63,Tr_losses_May-2023.pdf,Telangana,https://www.tgtransco.com/user_uploads/trans_losses/Tr_losses_May-2023.pdf
Suprasanna Solar,2023-05,3.56,Tr_losses_May-2023.pdf,Telangana,https://www.tgtransco.com/user_uploads/trans_losses/Tr_losses_May-2023.pdf
Suraj Kiran Solar Technologies (Mdk),2023-05,10.25,Tr_losses_May-2023.pdf,Telangana,https://www.tgtransco.com/user_uploads/trans_losses/Tr_losses_May-2023.pdf
Suraj Kiran solar (Nlg),2023-05,9.2,Tr_losses_May-2023.pdf,Telangana,https://www.tgtransco.com/user_uploads/trans_losses/Tr_losses_May-2023.pdf
Suryoday Energy Pvt. Ltd. (Shapoorji Pallonji)(Solar),2023-05,6.09,Tr_losses_May-2023.pdf,Telangana,https://www.tgtransco.com/user_uploads/trans_losses/Tr_losses_May-2023.pdf
Transform Sun Energy 220kV,2023-05,15.52,Tr_losses_May-2023.pdf,Telangana,https://www.tgtransco.com/user_uploads/trans_losses/Tr_losses_May-2023.pdf
Ujjvalatejas Solaire Urja Pvt. Ltd. (Solar),2023-05,3.58,Tr_losses_May-2023.pdf,Telangana,https://www.tgtransco.com/user_uploads/trans_losses/Tr_losses_May-2023.pdf
Winsol solar (Polepally),2023-05,2.74,Tr_losses_May-2023.pdf,Telangana,https://www.tgtransco.com/user_uploads/trans_losses/Tr_losses_May-2023.pdf
Winsol solar (Tandur),2023-05,9.22,Tr_losses_May-2023.pdf,Telangana,https://www.tgtransco.com/user_uploads/trans_losses/Tr_losses_May-2023.pdf
Zuka Solar,2023-05,9.81,Tr_losses_May-2023.pdf,Telangana,https://www.tgtransco.com/user_uploads/trans_losses/Tr_losses_May-2023.pdf
TSGENCO-THERMAL 2152.16 TGSPDCL,2024-05,4493.57,Tr_losses_May-2024.pdf,Telangana,https://www.tgtransco.com/user_uploads/trans_losses/Tr_losses_May-2024.pdf
TSGENCO-HYDEL -1.28 TGNPDCL,2024-05,1350.34,Tr_losses_May-2024.pdf,Telangana,https://www.tgtransco.com/user_uploads/trans_losses/Tr_losses_May-2024.pdf
132kv Laxmi Tulasi,2024-05,0.0,Tr_losses_May-2024.pdf,Telangana,https://www.tgtransco.com/user_uploads/trans_losses/Tr_losses_May-2024.pdf
132 kV Orient Cement,2024-05,0.44,Tr_losses_May-2024.pdf,Telangana,https://www.tgtransco.com/user_uploads/trans_losses/Tr_losses_May-2024.pdf
220KV Navabharat Energy India Ltd (NBEIL)-I,2024-05,47.67,Tr_losses_May-2024.pdf,Telangana,https://www.tgtransco.com/user_uploads/trans_losses/Tr_losses_May-2024.pdf
220KV Navabharat Energy India Ltd (NBEIL)-II,2024-05,47.56,Tr_losses_May-2024.pdf,Telangana,https://www.tgtransco.com/user_uploads/trans_losses/Tr_losses_May-2024.pdf
132KV Penna Power-I,2024-05,0.0,Tr_losses_May-2024.pdf,Telangana,https://www.tgtransco.com/user_uploads/trans_losses/Tr_losses_May-2024.pdf
132KV Penna Power-II,2024-05,0.0,Tr_losses_May-2024.pdf,Telangana,https://www.tgtransco.com/user_uploads/trans_losses/Tr_losses_May-2024.pdf
132KV Deccan Cements,2024-05,0.0,Tr_losses_May-2024.pdf,Telangana,https://www.tgtransco.com/user_uploads/trans_losses/Tr_losses_May-2024.pdf
132 kV Madhucon,2024-05,0.0,Tr_losses_May-2024.pdf,Telangana,https://www.tgtransco.com/user_uploads/trans_losses/Tr_losses_May-2024.pdf
132kv SCCL 30MW Solar Plant (Manuguru),2024-05,4.22,Tr_losses_May-2024.pdf,Telangana,https://www.tgtransco.com/user_uploads/trans_losses/Tr_losses_May-2024.pdf
132kV PSR Green Power Proj. pvt. Ltd.,2024-05,0.0,Tr_losses_May-2024.pdf,Telangana,https://www.tgtransco.com/user_uploads/trans_losses/Tr_losses_May-2024.pdf
220KV RFCL,2024-05,0.0,Tr_losses_May-2024.pdf,Telangana,https://www.tgtransco.com/user_uploads/trans_losses/Tr_losses_May-2024.pdf
132 kV Kesoram,2024-05,0.0,Tr_losses_May-2024.pdf,Telangana,https://www.tgtransco.com/user_uploads/trans_losses/Tr_losses_May-2024.pdf
132 kV Sitapuram Power Limited,2024-05,1.56,Tr_losses_May-2024.pdf,Telangana,https://www.tgtransco.com/user_uploads/trans_losses/Tr_losses_May-2024.pdf
132 kV Anjaini Port Land Cement,2024-05,0.0,Tr_losses_May-2024.pdf,Telangana,https://www.tgtransco.com/user_uploads/trans_losses/Tr_losses_May-2024.pdf
132kv SCCL 37 MW Solar Plant (Sitharampatnam),2024-05,5.72,Tr_losses_May-2024.pdf,Telangana,https://www.tgtransco.com/user_uploads/trans_losses/Tr_losses_May-2024.pdf
132 kV Sitaramapatnam - BPBL,2024-05,0.09,Tr_losses_May-2024.pdf,Telangana,https://www.tgtransco.com/user_uploads/trans_losses/Tr_losses_May-2024.pdf
132kV Krishnaveni Sugars Ltd,2024-05,0.0,Tr_losses_May-2024.pdf,Telangana,https://www.tgtransco.com/user_uploads/trans_losses/Tr_losses_May-2024.pdf
132 kV My Home Industries Limited,2024-05,0.24,Tr_losses_May-2024.pdf,Telangana,https://www.tgtransco.com/user_uploads/trans_losses/Tr_losses_May-2024.pdf
132 kV ICL (Rassi Cements),2024-05,0.0,Tr_losses_May-2024.pdf,Telangana,https://www.tgtransco.com/user_uploads/trans_losses/Tr_losses_May-2024.pdf
132 kV Bharat Electronics Ltd. (solar),2024-05,2.13,Tr_losses_May-2024.pdf,Telangana,https://www.tgtransco.com/user_uploads/trans_losses/Tr_losses_May-2024.pdf
132kv SCCL Solar Power Plant (Yellandu),2024-05,5.55,Tr_losses_May-2024.pdf,Telangana,https://www.tgtransco.com/user_uploads/trans_losses/Tr_losses_May-2024.pdf
ACME Medak Solar energy Pvt. Ltd.,2024-05,8.24,Tr_losses_May-2024.pdf,Telangana,https://www.tgtransco.com/user_uploads/trans_losses/Tr_losses_May-2024.pdf
ACME Nizamabad Solar Energy Pvt. Ltd,2024-05,9.14,Tr_losses_May-2024.pdf,Telangana,https://www.tgtransco.com/user_uploads/trans_losses/Tr_losses_May-2024.pdf
ACME PV Powertech Pvt. Ltd. (Sadasivpet),2024-05,9.1,Tr_losses_May-2024.pdf,Telangana,https://www.tgtransco.com/user_uploads/trans_losses/Tr_losses_May-2024.pdf
ACME Rangareddy Solar Power,2024-05,5.11,Tr_losses_May-2024.pdf,Telangana,https://www.tgtransco.com/user_uploads/trans_losses/Tr_losses_May-2024.pdf
ACME Solar Power Tech. Pvt. Ltd. (Bhongir),2024-05,9.52,Tr_losses_May-2024.pdf,Telangana,https://www.tgtransco.com/user_uploads/trans_losses/Tr_losses_May-2024.pdf
Azure Power India Pvt. Ltd. (solar),2024-05,17.49,Tr_losses_May-2024.pdf,Telangana,https://www.tgtransco.com/user_uploads/trans_losses/Tr_losses_May-2024.pdf
Clean Hero Wind Power,2024-05,4.69,Tr_losses_May-2024.pdf,Telangana,https://www.tgtransco.com/user_uploads/trans_losses/Tr_losses_May-2024.pdf
Clean Solar Power (Chittradurga) Pvt. Ltd,2024-05,6.93,Tr_losses_May-2024.pdf,Telangana,https://www.tgtransco.com/user_uploads/trans_losses/Tr_losses_May-2024.pdf
Clean solar,2024-05,4.84,Tr_losses_May-2024.pdf,Telangana,https://www.tgtransco.com/user_uploads/trans_losses/Tr_losses_May-2024.pdf
Dayakara Solar (P) Ltd.,2024-05,5.29,Tr_losses_May-2024.pdf,Telangana,https://www.tgtransco.com/user_uploads/trans_losses/Tr_losses_May-2024.pdf
Dinakar Solar,2024-05,4.82,Tr_losses_May-2024.pdf,Telangana,https://www.tgtransco.com/user_uploads/trans_losses/Tr_losses_May-2024.pdf
Divine Solren Pvt. ltd.,2024-05,8.82,Tr_losses_May-2024.pdf,Telangana,https://www.tgtransco.com/user_uploads/trans_losses/Tr_losses_May-2024.pdf
Dundigal Waste 2 Energy Power Plant,2024-05,8.77,Tr_losses_May-2024.pdf,Telangana,https://www.tgtransco.com/user_uploads/trans_losses/Tr_losses_May-2024.pdf
Energon Soleq Solar (Sadasivapet),2024-05,8.83,Tr_losses_May-2024.pdf,Telangana,https://www.tgtransco.com/user_uploads/trans_losses/Tr_losses_May-2024.pdf
Enrich (Solar),2024-05,7.87,Tr_losses_May-2024.pdf,Telangana,https://www.tgtransco.com/user_uploads/trans_losses/Tr_losses_May-2024.pdf
G.S.R.Sugars Pvt Ltd,2024-05,-0.06,Tr_losses_May-2024.pdf,Telangana,https://www.tgtransco.com/user_uploads/trans_losses/Tr_losses_May-2024.pdf
Ganapathi Sugars Ltd.,2024-05,-0.06,Tr_losses_May-2024.pdf,Telangana,https://www.tgtransco.com/user_uploads/trans_losses/Tr_losses_May-2024.pdf
Grahati Solar,2024-05,9.18,Tr_losses_May-2024.pdf,Telangana,https://www.tgtransco.com/user_uploads/trans_losses/Tr_losses_May-2024.pdf
Hyderabad MSW Energy Solutions PVT LTD,2024-05,11.4,Tr_losses_May-2024.pdf,Telangana,https://www.tgtransco.com/user_uploads/trans_losses/Tr_losses_May-2024.pdf
Jilesh Power Pvt. Ltd (Solar),2024-05,9.06,Tr_losses_May-2024.pdf,Telangana,https://www.tgtransco.com/user_uploads/trans_losses/Tr_losses_May-2024.pdf
Kakatiya Cement & Sugar Industries Ltd.,2024-05,-0.11,Tr_losses_May-2024.pdf,Telangana,https://www.tgtransco.com/user_uploads/trans_losses/Tr_losses_May-2024.pdf
Karvy Solar Pvt. Ltd. (Sadasivapet),2024-05,3.39,Tr_losses_May-2024.pdf,Telangana,https://www.tgtransco.com/user_uploads/trans_losses/Tr_losses_May-2024.pdf
Karvy solar (Mandamarry),2024-05,8.18,Tr_losses_May-2024.pdf,Telangana,https://www.tgtransco.com/user_uploads/trans_losses/Tr_losses_May-2024.pdf
My Home Power Ltd. (NGPL),2024-05,0.0,Tr_losses_May-2024.pdf,Telangana,https://www.tgtransco.com/user_uploads/trans_losses/Tr_losses_May-2024.pdf
Mytrah Agriya Power Pvt. Ltd. (Solar),2024-05,9.07,Tr_losses_May-2024.pdf,Telangana,https://www.tgtransco.com/user_uploads/trans_losses/Tr_losses_May-2024.pdf
Mytrah Agriya Power Pvt. Ltd. (solar) (Kamareddy),2024-05,9.74,Tr_losses_May-2024.pdf,Telangana,https://www.tgtransco.com/user_uploads/trans_losses/Tr_losses_May-2024.pdf
Mytrah Vayu (Godavari) Pvt. Ltd. (Wind),2024-05,17.28,Tr_losses_May-2024.pdf,Telangana,https://www.tgtransco.com/user_uploads/trans_losses/Tr_losses_May-2024.pdf
NEO Solren Pvt. Ltd. (solar),2024-05,7.37,Tr_losses_May-2024.pdf,Telangana,https://www.tgtransco.com/user_uploads/trans_losses/Tr_losses_May-2024.pdf
NTPC Solar power plant (10MW),2024-05,0.9,Tr_losses_May-2024.pdf,Telangana,https://www.tgtransco.com/user_uploads/trans_losses/Tr_losses_May-2024.pdf
Nizam Deccan Sugars Ltd,2024-05,0.0,Tr_losses_May-2024.pdf,Telangana,https://www.tgtransco.com/user_uploads/trans_losses/Tr_losses_May-2024.pdf
Param Pujya Solar Farms Ltd. Plant-I,2024-05,9.77,Tr_losses_May-2024.pdf,Telangana,https://www.tgtransco.com/user_uploads/trans_losses/Tr_losses_May-2024.pdf
Param Pujya Solar Farms Ltd. Plant-II,2024-05,11.44,Tr_losses_May-2024.pdf,Telangana,https://www.tgtransco.com/user_uploads/trans_losses/Tr_losses_May-2024.pdf
Polepally Solar Park,2024-05,4.04,Tr_losses_May-2024.pdf,Telangana,https://www.tgtransco.com/user_uploads/trans_losses/Tr_losses_May-2024.pdf
Prathamesh solar farms Ltd.,2024-05,9.58,Tr_losses_May-2024.pdf,Telangana,https://www.tgtransco.com/user_uploads/trans_losses/Tr_losses_May-2024.pdf
RDF Power Projects Pvt. Ltd.,2024-05,0.0,Tr_losses_May-2024.pdf,Telangana,https://www.tgtransco.com/user_uploads/trans_losses/Tr_losses_May-2024.pdf
Renew Mega Solar Pvt.Ltd,2024-05,9.57,Tr_losses_May-2024.pdf,Telangana,https://www.tgtransco.com/user_uploads/trans_losses/Tr_losses_May-2024.pdf
Renew Saurshakthi Pvt. Ltd.,2024-05,5.89,Tr_losses_May-2024.pdf,Telangana,https://www.tgtransco.com/user_uploads/trans_losses/Tr_losses_May-2024.pdf
Renew Solar Energy Pvt. Ltd. 220kV,2024-05,28.19,Tr_losses_May-2024.pdf,Telangana,https://www.tgtransco.com/user_uploads/trans_losses/Tr_losses_May-2024.pdf
Renew Solar Plant (Mdk. Dist.),2024-05,3.92,Tr_losses_May-2024.pdf,Telangana,https://www.tgtransco.com/user_uploads/trans_losses/Tr_losses_May-2024.pdf
Renew Solar Pvt Ltd. (Minpur),2024-05,12.58,Tr_losses_May-2024.pdf,Telangana,https://www.tgtransco.com/user_uploads/trans_losses/Tr_losses_May-2024.pdf
Renew Wind TN2 Solar,2024-05,18.77,Tr_losses_May-2024.pdf,Telangana,https://www.tgtransco.com/user_uploads/trans_losses/Tr_losses_May-2024.pdf
Renue Akshay Solar Plant,2024-05,16.47,Tr_losses_May-2024.pdf,Telangana,https://www.tgtransco.com/user_uploads/trans_losses/Tr_losses_May-2024.pdf
SLS Power Corp. Ltd. (Minihydel) 132KV,2024-05,0.34,Tr_losses_May-2024.pdf,Telangana,https://www.tgtransco.com/user_uploads/trans_losses/Tr_losses_May-2024.pdf
SUZLON Energy Ltd.,2024-05,20.81,Tr_losses_May-2024.pdf,Telangana,https://www.tgtransco.com/user_uploads/trans_losses/Tr_losses_May-2024.pdf
Shravana Power Projects Pvt. Ltd.,2024-05,-0.02,Tr_losses_May-2024.pdf,Telangana,https://www.tgtransco.com/user_uploads/trans_losses/Tr_losses_May-2024.pdf
Sky Power Southeast Asia III Ltd (Previously Sunshakthi solar,2024-05,10.18,Tr_losses_May-2024.pdf,Telangana,https://www.tgtransco.com/user_uploads/trans_losses/Tr_losses_May-2024.pdf
Sunborne,2024-05,6.53,Tr_losses_May-2024.pdf,Telangana,https://www.tgtransco.com/user_uploads/trans_losses/Tr_losses_May-2024.pdf
Sunworld Solar Power Pvt. Ltd.,2024-05,5.48,Tr_losses_May-2024.pdf,Telangana,https://www.tgtransco.com/user_uploads/trans_losses/Tr_losses_May-2024.pdf
Suprasanna Solar,2024-05,3.42,Tr_losses_May-2024.pdf,Telangana,https://www.tgtransco.com/user_uploads/trans_losses/Tr_losses_May-2024.pdf
Suraj Kiran Solar Technologies (Mdk),2024-05,9.82,Tr_losses_May-2024.pdf,Telangana,https://www.tgtransco.com/user_uploads/trans_losses/Tr_losses_May-2024.pdf
Suraj Kiran solar (Nlg),2024-05,9.76,Tr_losses_May-2024.pdf,Telangana,https://www.tgtransco.com/user_uploads/trans_losses/Tr_losses_May-2024.pdf
Suryoday Energy Pvt. Ltd. (Shapoorji Pallonji)(Solar),2024-05,6.17,Tr_losses_May-2024.pdf,Telangana,https://www.tgtransco.com/user_uploads/trans_losses/Tr_losses_May-2024.pdf
Transform Sun Energy 220kV,2024-05,16.55,Tr_losses_May-2024.pdf,Telangana,https://www.tgtransco.com/user_uploads/trans_losses/Tr_losses_May-2024.pdf
Ujjvalatejas Solaire Urja Pvt. Ltd. (Solar),2024-05,3.46,Tr_losses_May-2024.pdf,Telangana,https://www.tgtransco.com/user_uploads/trans_losses/Tr_losses_May-2024.pdf
Vena Energy Solar Pvt Ltd (Previously Energon Soleq Pvt Ltd ),2024-05,8.78,Tr_losses_May-2024.pdf,Telangana,https://www.tgtransco.com/user_uploads/trans_losses/Tr_losses_May-2024.pdf
Winsol solar (Polepally),2024-05,2.58,Tr_losses_May-2024.pdf,Telangana,https://www.tgtransco.com/user_uploads/trans_losses/Tr_losses_May-2024.pdf
Winsol solar (Tandur),2024-05,8.81,Tr_losses_May-2024.pdf,Telangana,https://www.tgtransco.com/user_uploads/trans_losses/Tr_losses_May-2024.pdf
Zuka Solar,2024-05,10.33,Tr_losses_May-2024.pdf,Telangana,https://www.tgtransco.com/user_uploads/trans_losses/Tr_losses_May-2024.pdf
TSGENCO-THERMAL 1896.43 TSSPDCL,2022-11,3547.24,Tr_losses_Nov-2022.pdf,Telangana,https://www.tgtransco.com/user_uploads/trans_losses/Tr_losses_Nov-2022.pdf
TSGENCO-HYDEL 564.91 TSNPDCL,2022-11,1197.8,Tr_losses_Nov-2022.pdf,Telangana,https://www.tgtransco.com/user_uploads/trans_losses/Tr_losses_Nov-2022.pdf
132kv Laxmi Tulasi,2022-11,0.01,Tr_losses_Nov-2022.pdf,Telangana,https://www.tgtransco.com/user_uploads/trans_losses/Tr_losses_Nov-2022.pdf
132 kV Orient Cement,2022-11,0.03,Tr_losses_Nov-2022.pdf,Telangana,https://www.tgtransco.com/user_uploads/trans_losses/Tr_losses_Nov-2022.pdf
220KV Navabharat Energy India Ltd (NBEIL)-I,2022-11,0.0,Tr_losses_Nov-2022.pdf,Telangana,https://www.tgtransco.com/user_uploads/trans_losses/Tr_losses_Nov-2022.pdf
220KV Navabharat Energy India Ltd (NBEIL)-II,2022-11,0.0,Tr_losses_Nov-2022.pdf,Telangana,https://www.tgtransco.com/user_uploads/trans_losses/Tr_losses_Nov-2022.pdf
132KV Penna Power-I,2022-11,0.0,Tr_losses_Nov-2022.pdf,Telangana,https://www.tgtransco.com/user_uploads/trans_losses/Tr_losses_Nov-2022.pdf
132KV Penna Power-II,2022-11,0.0,Tr_losses_Nov-2022.pdf,Telangana,https://www.tgtransco.com/user_uploads/trans_losses/Tr_losses_Nov-2022.pdf
132KV Deccan Cements,2022-11,0.01,Tr_losses_Nov-2022.pdf,Telangana,https://www.tgtransco.com/user_uploads/trans_losses/Tr_losses_Nov-2022.pdf
132 kV Madhucon,2022-11,4.38,Tr_losses_Nov-2022.pdf,Telangana,https://www.tgtransco.com/user_uploads/trans_losses/Tr_losses_Nov-2022.pdf
132kv SCCL 30MW Solar Plant (Manuguru),2022-11,3.27,Tr_losses_Nov-2022.pdf,Telangana,https://www.tgtransco.com/user_uploads/trans_losses/Tr_losses_Nov-2022.pdf
132kV PSR Green Power Proj. pvt. Ltd.,2022-11,0.0,Tr_losses_Nov-2022.pdf,Telangana,https://www.tgtransco.com/user_uploads/trans_losses/Tr_losses_Nov-2022.pdf
220KV RFCL,2022-11,0.02,Tr_losses_Nov-2022.pdf,Telangana,https://www.tgtransco.com/user_uploads/trans_losses/Tr_losses_Nov-2022.pdf
132 kV Kesoram,2022-11,0.0,Tr_losses_Nov-2022.pdf,Telangana,https://www.tgtransco.com/user_uploads/trans_losses/Tr_losses_Nov-2022.pdf
132 kV Sitapuram Power Limited,2022-11,0.63,Tr_losses_Nov-2022.pdf,Telangana,https://www.tgtransco.com/user_uploads/trans_losses/Tr_losses_Nov-2022.pdf
132 kV Anjaini Port Land Cement,2022-11,0.0,Tr_losses_Nov-2022.pdf,Telangana,https://www.tgtransco.com/user_uploads/trans_losses/Tr_losses_Nov-2022.pdf
132 kV Sitaramapatnam - BPBL,2022-11,0.03,Tr_losses_Nov-2022.pdf,Telangana,https://www.tgtransco.com/user_uploads/trans_losses/Tr_losses_Nov-2022.pdf
132kV Krishnaveni Sugars Ltd,2022-11,4.67,Tr_losses_Nov-2022.pdf,Telangana,https://www.tgtransco.com/user_uploads/trans_losses/Tr_losses_Nov-2022.pdf
132 kV My Home Industries Limited,2022-11,0.0,Tr_losses_Nov-2022.pdf,Telangana,https://www.tgtransco.com/user_uploads/trans_losses/Tr_losses_Nov-2022.pdf
132 kV ICL (Rassi Cements),2022-11,0.0,Tr_losses_Nov-2022.pdf,Telangana,https://www.tgtransco.com/user_uploads/trans_losses/Tr_losses_Nov-2022.pdf
132 kV Bharat Electronics Ltd. (solar),2022-11,1.24,Tr_losses_Nov-2022.pdf,Telangana,https://www.tgtransco.com/user_uploads/trans_losses/Tr_losses_Nov-2022.pdf
132kv SCCL Solar Power Plant (Yellandu),2022-11,4.06,Tr_losses_Nov-2022.pdf,Telangana,https://www.tgtransco.com/user_uploads/trans_losses/Tr_losses_Nov-2022.pdf
ACME Medak Solar energy Pvt. Ltd.,2022-11,7.51,Tr_losses_Nov-2022.pdf,Telangana,https://www.tgtransco.com/user_uploads/trans_losses/Tr_losses_Nov-2022.pdf
ACME Nizamabad Solar Energy Pvt. Ltd,2022-11,7.55,Tr_losses_Nov-2022.pdf,Telangana,https://www.tgtransco.com/user_uploads/trans_losses/Tr_losses_Nov-2022.pdf
ACME PV Powertech Pvt. Ltd. (Sadasivpet),2022-11,8.8,Tr_losses_Nov-2022.pdf,Telangana,https://www.tgtransco.com/user_uploads/trans_losses/Tr_losses_Nov-2022.pdf
ACME Rangareddy Solar Power,2022-11,4.59,Tr_losses_Nov-2022.pdf,Telangana,https://www.tgtransco.com/user_uploads/trans_losses/Tr_losses_Nov-2022.pdf
ACME Solar Power Tech. Pvt. Ltd. (Bhongir),2022-11,8.44,Tr_losses_Nov-2022.pdf,Telangana,https://www.tgtransco.com/user_uploads/trans_losses/Tr_losses_Nov-2022.pdf
Azure Power India Pvt. Ltd. (solar),2022-11,16.65,Tr_losses_Nov-2022.pdf,Telangana,https://www.tgtransco.com/user_uploads/trans_losses/Tr_losses_Nov-2022.pdf
Clean Hero Wind Power,2022-11,3.52,Tr_losses_Nov-2022.pdf,Telangana,https://www.tgtransco.com/user_uploads/trans_losses/Tr_losses_Nov-2022.pdf
Clean Solar Power (Chittradurga) Pvt. Ltd,2022-11,5.2,Tr_losses_Nov-2022.pdf,Telangana,https://www.tgtransco.com/user_uploads/trans_losses/Tr_losses_Nov-2022.pdf
Clean solar,2022-11,4.31,Tr_losses_Nov-2022.pdf,Telangana,https://www.tgtransco.com/user_uploads/trans_losses/Tr_losses_Nov-2022.pdf
Dayakara Solar (P) Ltd.,2022-11,4.55,Tr_losses_Nov-2022.pdf,Telangana,https://www.tgtransco.com/user_uploads/trans_losses/Tr_losses_Nov-2022.pdf
Dinakar Solar,2022-11,3.71,Tr_losses_Nov-2022.pdf,Telangana,https://www.tgtransco.com/user_uploads/trans_losses/Tr_losses_Nov-2022.pdf
Divine Solren Pvt. ltd.,2022-11,7.96,Tr_losses_Nov-2022.pdf,Telangana,https://www.tgtransco.com/user_uploads/trans_losses/Tr_losses_Nov-2022.pdf
Soleq Pvt Ltd ),2022-11,8.28,Tr_losses_Nov-2022.pdf,Telangana,https://www.tgtransco.com/user_uploads/trans_losses/Tr_losses_Nov-2022.pdf
Energon Soleq Solar (Sadasivapet),2022-11,8.1,Tr_losses_Nov-2022.pdf,Telangana,https://www.tgtransco.com/user_uploads/trans_losses/Tr_losses_Nov-2022.pdf
Enrich (Solar),2022-11,7.81,Tr_losses_Nov-2022.pdf,Telangana,https://www.tgtransco.com/user_uploads/trans_losses/Tr_losses_Nov-2022.pdf
G.S.R.Sugars Pvt Ltd,2022-11,3.97,Tr_losses_Nov-2022.pdf,Telangana,https://www.tgtransco.com/user_uploads/trans_losses/Tr_losses_Nov-2022.pdf
Ganapathi Sugars Ltd.,2022-11,0.01,Tr_losses_Nov-2022.pdf,Telangana,https://www.tgtransco.com/user_uploads/trans_losses/Tr_losses_Nov-2022.pdf
Grahati Solar,2022-11,7.85,Tr_losses_Nov-2022.pdf,Telangana,https://www.tgtransco.com/user_uploads/trans_losses/Tr_losses_Nov-2022.pdf
Hyderabad MSW Energy Solutions PVT LTD,2022-11,11.89,Tr_losses_Nov-2022.pdf,Telangana,https://www.tgtransco.com/user_uploads/trans_losses/Tr_losses_Nov-2022.pdf
Jilesh Power Pvt. Ltd (Solar),2022-11,8.0,Tr_losses_Nov-2022.pdf,Telangana,https://www.tgtransco.com/user_uploads/trans_losses/Tr_losses_Nov-2022.pdf
Kakatiya Cement & Sugar Industries Ltd.,2022-11,2.9,Tr_losses_Nov-2022.pdf,Telangana,https://www.tgtransco.com/user_uploads/trans_losses/Tr_losses_Nov-2022.pdf
Karvy Solar Pvt. Ltd. (Sadasivapet),2022-11,2.66,Tr_losses_Nov-2022.pdf,Telangana,https://www.tgtransco.com/user_uploads/trans_losses/Tr_losses_Nov-2022.pdf
Karvy solar (Mandamarry),2022-11,7.71,Tr_losses_Nov-2022.pdf,Telangana,https://www.tgtransco.com/user_uploads/trans_losses/Tr_losses_Nov-2022.pdf
My Home Power Ltd. (NGPL),2022-11,0.0,Tr_losses_Nov-2022.pdf,Telangana,https://www.tgtransco.com/user_uploads/trans_losses/Tr_losses_Nov-2022.pdf
Mytrah Agriya Power Pvt. Ltd. (Solar),2022-11,7.49,Tr_losses_Nov-2022.pdf,Telangana,https://www.tgtransco.com/user_uploads/trans_losses/Tr_losses_Nov-2022.pdf
Mytrah Vayu (Godavari) Pvt. Ltd. (Wind),2022-11,14.62,Tr_losses_Nov-2022.pdf,Telangana,https://www.tgtransco.com/user_uploads/trans_losses/Tr_losses_Nov-2022.pdf
NEO Solren Pvt. Ltd. (solar),2022-11,4.93,Tr_losses_Nov-2022.pdf,Telangana,https://www.tgtransco.com/user_uploads/trans_losses/Tr_losses_Nov-2022.pdf
NTPC Solar power plant (10MW),2022-11,1.11,Tr_losses_Nov-2022.pdf,Telangana,https://www.tgtransco.com/user_uploads/trans_losses/Tr_losses_Nov-2022.pdf
Nizam Deccan Sugars Ltd,2022-11,0.0,Tr_losses_Nov-2022.pdf,Telangana,https://www.tgtransco.com/user_uploads/trans_losses/Tr_losses_Nov-2022.pdf
Param Pujya Solar Farms Ltd. Plant-I,2022-11,8.27,Tr_losses_Nov-2022.pdf,Telangana,https://www.tgtransco.com/user_uploads/trans_losses/Tr_losses_Nov-2022.pdf
Param Pujya Solar Farms Ltd. Plant-II,2022-11,8.29,Tr_losses_Nov-2022.pdf,Telangana,https://www.tgtransco.com/user_uploads/trans_losses/Tr_losses_Nov-2022.pdf
Polepally Solar Park,2022-11,3.41,Tr_losses_Nov-2022.pdf,Telangana,https://www.tgtransco.com/user_uploads/trans_losses/Tr_losses_Nov-2022.pdf
Prathamesh solar farms Ltd.,2022-11,8.35,Tr_losses_Nov-2022.pdf,Telangana,https://www.tgtransco.com/user_uploads/trans_losses/Tr_losses_Nov-2022.pdf
RDF Power Projects Pvt. Ltd.,2022-11,0.0,Tr_losses_Nov-2022.pdf,Telangana,https://www.tgtransco.com/user_uploads/trans_losses/Tr_losses_Nov-2022.pdf
Renew Mega Solar Pvt.Ltd,2022-11,7.92,Tr_losses_Nov-2022.pdf,Telangana,https://www.tgtransco.com/user_uploads/trans_losses/Tr_losses_Nov-2022.pdf
Renew Saurshakthi Pvt. Ltd.,2022-11,4.49,Tr_losses_Nov-2022.pdf,Telangana,https://www.tgtransco.com/user_uploads/trans_losses/Tr_losses_Nov-2022.pdf
Renew Solar Energy Pvt. Ltd. 220kV,2022-11,22.4,Tr_losses_Nov-2022.pdf,Telangana,https://www.tgtransco.com/user_uploads/trans_losses/Tr_losses_Nov-2022.pdf
Renew Solar Plant (Mdk. Dist.),2022-11,3.61,Tr_losses_Nov-2022.pdf,Telangana,https://www.tgtransco.com/user_uploads/trans_losses/Tr_losses_Nov-2022.pdf
Renew Solar Pvt Ltd. (Minpur),2022-11,9.88,Tr_losses_Nov-2022.pdf,Telangana,https://www.tgtransco.com/user_uploads/trans_losses/Tr_losses_Nov-2022.pdf
Renew Wind TN2 Solar,2022-11,15.91,Tr_losses_Nov-2022.pdf,Telangana,https://www.tgtransco.com/user_uploads/trans_losses/Tr_losses_Nov-2022.pdf
Renue Akshay Solar Plant,2022-11,13.9,Tr_losses_Nov-2022.pdf,Telangana,https://www.tgtransco.com/user_uploads/trans_losses/Tr_losses_Nov-2022.pdf
SLS Power Corp. Ltd. (Minihydel) 132KV,2022-11,7.78,Tr_losses_Nov-2022.pdf,Telangana,https://www.tgtransco.com/user_uploads/trans_losses/Tr_losses_Nov-2022.pdf
SUZLON Energy Ltd.,2022-11,15.24,Tr_losses_Nov-2022.pdf,Telangana,https://www.tgtransco.com/user_uploads/trans_losses/Tr_losses_Nov-2022.pdf
Shravana Power Projects Pvt. Ltd.,2022-11,-0.02,Tr_losses_Nov-2022.pdf,Telangana,https://www.tgtransco.com/user_uploads/trans_losses/Tr_losses_Nov-2022.pdf
Sunshakthi solar pvt. Ltd.),2022-11,8.18,Tr_losses_Nov-2022.pdf,Telangana,https://www.tgtransco.com/user_uploads/trans_losses/Tr_losses_Nov-2022.pdf
Sunborne Energy Tech. (P) Ltd. (Solar),2022-11,5.74,Tr_losses_Nov-2022.pdf,Telangana,https://www.tgtransco.com/user_uploads/trans_losses/Tr_losses_Nov-2022.pdf
Sunworld Solar Power Pvt. Ltd.,2022-11,5.06,Tr_losses_Nov-2022.pdf,Telangana,https://www.tgtransco.com/user_uploads/trans_losses/Tr_losses_Nov-2022.pdf
Suprasanna Solar,2022-11,3.39,Tr_losses_Nov-2022.pdf,Telangana,https://www.tgtransco.com/user_uploads/trans_losses/Tr_losses_Nov-2022.pdf
Suraj Kiran Solar Technologies (Mdk),2022-11,7.79,Tr_losses_Nov-2022.pdf,Telangana,https://www.tgtransco.com/user_uploads/trans_losses/Tr_losses_Nov-2022.pdf
Suraj Kiran solar (Nlg),2022-11,6.8,Tr_losses_Nov-2022.pdf,Telangana,https://www.tgtransco.com/user_uploads/trans_losses/Tr_losses_Nov-2022.pdf
Suryoday Energy Pvt. Ltd. (Shapoorji,2022-11,5.26,Tr_losses_Nov-2022.pdf,Telangana,https://www.tgtransco.com/user_uploads/trans_losses/Tr_losses_Nov-2022.pdf
Transform Sun Energy 220kV,2022-11,13.41,Tr_losses_Nov-2022.pdf,Telangana,https://www.tgtransco.com/user_uploads/trans_losses/Tr_losses_Nov-2022.pdf
Ujjvalatejas Solaire Urja Pvt. Ltd. (Solar),2022-11,3.39,Tr_losses_Nov-2022.pdf,Telangana,https://www.tgtransco.com/user_uploads/trans_losses/Tr_losses_Nov-2022.pdf
Winsol solar (Polepally),2022-11,2.29,Tr_losses_Nov-2022.pdf,Telangana,https://www.tgtransco.com/user_uploads/trans_losses/Tr_losses_Nov-2022.pdf
Winsol solar (Tandur),2022-11,8.06,Tr_losses_Nov-2022.pdf,Telangana,https://www.tgtransco.com/user_uploads/trans_losses/Tr_losses_Nov-2022.pdf
Zuka Solar,2022-11,8.59,Tr_losses_Nov-2022.pdf,Telangana,https://www.tgtransco.com/user_uploads/trans_losses/Tr_losses_Nov-2022.pdf
TSGENCO-THERMAL 1977.79 TSSPDCL,2023-11,4310.89,Tr_losses_Nov-2023.pdf,Telangana,https://www.tgtransco.com/user_uploads/trans_losses/Tr_losses_Nov-2023.pdf
TSGENCO-HYDEL 53.46 TSNPDCL,2023-11,1582.87,Tr_losses_Nov-2023.pdf,Telangana,https://www.tgtransco.com/user_uploads/trans_losses/Tr_losses_Nov-2023.pdf
132kv Laxmi Tulasi,2023-11,0.0,Tr_losses_Nov-2023.pdf,Telangana,https://www.tgtransco.com/user_uploads/trans_losses/Tr_losses_Nov-2023.pdf
132 kV Orient Cement,2023-11,0.0,Tr_losses_Nov-2023.pdf,Telangana,https://www.tgtransco.com/user_uploads/trans_losses/Tr_losses_Nov-2023.pdf
220KV Navabharat Energy India Ltd (NBEIL)-I,2023-11,27.31,Tr_losses_Nov-2023.pdf,Telangana,https://www.tgtransco.com/user_uploads/trans_losses/Tr_losses_Nov-2023.pdf
220KV Navabharat Energy India Ltd (NBEIL)-II,2023-11,27.34,Tr_losses_Nov-2023.pdf,Telangana,https://www.tgtransco.com/user_uploads/trans_losses/Tr_losses_Nov-2023.pdf
132KV Penna Power-I,2023-11,0.0,Tr_losses_Nov-2023.pdf,Telangana,https://www.tgtransco.com/user_uploads/trans_losses/Tr_losses_Nov-2023.pdf
132KV Penna Power-II,2023-11,0.0,Tr_losses_Nov-2023.pdf,Telangana,https://www.tgtransco.com/user_uploads/trans_losses/Tr_losses_Nov-2023.pdf
132KV Deccan Cements,2023-11,0.0,Tr_losses_Nov-2023.pdf,Telangana,https://www.tgtransco.com/user_uploads/trans_losses/Tr_losses_Nov-2023.pdf
132 kV Madhucon,2023-11,0.92,Tr_losses_Nov-2023.pdf,Telangana,https://www.tgtransco.com/user_uploads/trans_losses/Tr_losses_Nov-2023.pdf
132kv SCCL 30MW Solar Plant (Manuguru),2023-11,3.3,Tr_losses_Nov-2023.pdf,Telangana,https://www.tgtransco.com/user_uploads/trans_losses/Tr_losses_Nov-2023.pdf
132kV PSR Green Power Proj. pvt. Ltd.,2023-11,0.0,Tr_losses_Nov-2023.pdf,Telangana,https://www.tgtransco.com/user_uploads/trans_losses/Tr_losses_Nov-2023.pdf
220KV RFCL,2023-11,0.04,Tr_losses_Nov-2023.pdf,Telangana,https://www.tgtransco.com/user_uploads/trans_losses/Tr_losses_Nov-2023.pdf
132 kV Kesoram,2023-11,0.0,Tr_losses_Nov-2023.pdf,Telangana,https://www.tgtransco.com/user_uploads/trans_losses/Tr_losses_Nov-2023.pdf
132 kV Sitapuram Power Limited,2023-11,0.01,Tr_losses_Nov-2023.pdf,Telangana,https://www.tgtransco.com/user_uploads/trans_losses/Tr_losses_Nov-2023.pdf
132 kV Anjaini Port Land Cement,2023-11,0.0,Tr_losses_Nov-2023.pdf,Telangana,https://www.tgtransco.com/user_uploads/trans_losses/Tr_losses_Nov-2023.pdf
132kv SCCL 37 MW Solar Plant (Sitharampatnam),2023-11,4.83,Tr_losses_Nov-2023.pdf,Telangana,https://www.tgtransco.com/user_uploads/trans_losses/Tr_losses_Nov-2023.pdf
132 kV Sitaramapatnam - BPBL,2023-11,0.07,Tr_losses_Nov-2023.pdf,Telangana,https://www.tgtransco.com/user_uploads/trans_losses/Tr_losses_Nov-2023.pdf
132kV Krishnaveni Sugars Ltd,2023-11,1.75,Tr_losses_Nov-2023.pdf,Telangana,https://www.tgtransco.com/user_uploads/trans_losses/Tr_losses_Nov-2023.pdf
132 kV My Home Industries Limited,2023-11,0.0,Tr_losses_Nov-2023.pdf,Telangana,https://www.tgtransco.com/user_uploads/trans_losses/Tr_losses_Nov-2023.pdf
132 kV ICL (Rassi Cements),2023-11,0.0,Tr_losses_Nov-2023.pdf,Telangana,https://www.tgtransco.com/user_uploads/trans_losses/Tr_losses_Nov-2023.pdf
132 kV Bharat Electronics Ltd. (solar),2023-11,1.37,Tr_losses_Nov-2023.pdf,Telangana,https://www.tgtransco.com/user_uploads/trans_losses/Tr_losses_Nov-2023.pdf
132kv SCCL Solar Power Plant (Yellandu),2023-11,3.85,Tr_losses_Nov-2023.pdf,Telangana,https://www.tgtransco.com/user_uploads/trans_losses/Tr_losses_Nov-2023.pdf
ACME Medak Solar energy Pvt. Ltd.,2023-11,6.35,Tr_losses_Nov-2023.pdf,Telangana,https://www.tgtransco.com/user_uploads/trans_losses/Tr_losses_Nov-2023.pdf
ACME Nizamabad Solar Energy Pvt. Ltd,2023-11,7.24,Tr_losses_Nov-2023.pdf,Telangana,https://www.tgtransco.com/user_uploads/trans_losses/Tr_losses_Nov-2023.pdf
ACME PV Powertech Pvt. Ltd. (Sadasivpet),2023-11,7.25,Tr_losses_Nov-2023.pdf,Telangana,https://www.tgtransco.com/user_uploads/trans_losses/Tr_losses_Nov-2023.pdf
ACME Rangareddy Solar Power,2023-11,3.77,Tr_losses_Nov-2023.pdf,Telangana,https://www.tgtransco.com/user_uploads/trans_losses/Tr_losses_Nov-2023.pdf
ACME Solar Power Tech. Pvt. Ltd. (Bhongir),2023-11,6.71,Tr_losses_Nov-2023.pdf,Telangana,https://www.tgtransco.com/user_uploads/trans_losses/Tr_losses_Nov-2023.pdf
Azure Power India Pvt. Ltd. (solar),2023-11,14.42,Tr_losses_Nov-2023.pdf,Telangana,https://www.tgtransco.com/user_uploads/trans_losses/Tr_losses_Nov-2023.pdf
Clean Hero Wind Power,2023-11,3.25,Tr_losses_Nov-2023.pdf,Telangana,https://www.tgtransco.com/user_uploads/trans_losses/Tr_losses_Nov-2023.pdf
Clean Solar Power (Chittradurga) Pvt. Ltd,2023-11,4.03,Tr_losses_Nov-2023.pdf,Telangana,https://www.tgtransco.com/user_uploads/trans_losses/Tr_losses_Nov-2023.pdf
Clean solar,2023-11,3.93,Tr_losses_Nov-2023.pdf,Telangana,https://www.tgtransco.com/user_uploads/trans_losses/Tr_losses_Nov-2023.pdf
Dayakara Solar (P) Ltd.,2023-11,4.28,Tr_losses_Nov-2023.pdf,Telangana,https://www.tgtransco.com/user_uploads/trans_losses/Tr_losses_Nov-2023.pdf
Dinakar Solar,2023-11,2.93,Tr_losses_Nov-2023.pdf,Telangana,https://www.tgtransco.com/user_uploads/trans_losses/Tr_losses_Nov-2023.pdf
Divine Solren Pvt. ltd.,2023-11,6.68,Tr_losses_Nov-2023.pdf,Telangana,https://www.tgtransco.com/user_uploads/trans_losses/Tr_losses_Nov-2023.pdf
Energon Soleq Solar (Sadasivapet),2023-11,7.15,Tr_losses_Nov-2023.pdf,Telangana,https://www.tgtransco.com/user_uploads/trans_losses/Tr_losses_Nov-2023.pdf
Enrich (Solar),2023-11,6.28,Tr_losses_Nov-2023.pdf,Telangana,https://www.tgtransco.com/user_uploads/trans_losses/Tr_losses_Nov-2023.pdf
G.S.R.Sugars Pvt Ltd,2023-11,3.9,Tr_losses_Nov-2023.pdf,Telangana,https://www.tgtransco.com/user_uploads/trans_losses/Tr_losses_Nov-2023.pdf
Ganapathi Sugars Ltd.,2023-11,-0.37,Tr_losses_Nov-2023.pdf,Telangana,https://www.tgtransco.com/user_uploads/trans_losses/Tr_losses_Nov-2023.pdf
Grahati Solar,2023-11,6.74,Tr_losses_Nov-2023.pdf,Telangana,https://www.tgtransco.com/user_uploads/trans_losses/Tr_losses_Nov-2023.pdf
Hyderabad MSW Energy Solutions PVT LTD,2023-11,11.61,Tr_losses_Nov-2023.pdf,Telangana,https://www.tgtransco.com/user_uploads/trans_losses/Tr_losses_Nov-2023.pdf
Jilesh Power Pvt. Ltd (Solar),2023-11,7.03,Tr_losses_Nov-2023.pdf,Telangana,https://www.tgtransco.com/user_uploads/trans_losses/Tr_losses_Nov-2023.pdf
Kakatiya Cement & Sugar Industries Ltd.,2023-11,-0.07,Tr_losses_Nov-2023.pdf,Telangana,https://www.tgtransco.com/user_uploads/trans_losses/Tr_losses_Nov-2023.pdf
Karvy Solar Pvt. Ltd. (Sadasivapet),2023-11,2.21,Tr_losses_Nov-2023.pdf,Telangana,https://www.tgtransco.com/user_uploads/trans_losses/Tr_losses_Nov-2023.pdf
Karvy solar (Mandamarry),2023-11,6.38,Tr_losses_Nov-2023.pdf,Telangana,https://www.tgtransco.com/user_uploads/trans_losses/Tr_losses_Nov-2023.pdf
My Home Power Ltd. (NGPL),2023-11,0.0,Tr_losses_Nov-2023.pdf,Telangana,https://www.tgtransco.com/user_uploads/trans_losses/Tr_losses_Nov-2023.pdf
Mytrah Agriya Power Pvt. Ltd. (Solar),2023-11,7.51,Tr_losses_Nov-2023.pdf,Telangana,https://www.tgtransco.com/user_uploads/trans_losses/Tr_losses_Nov-2023.pdf
Mytrah Agriya Power Pvt. Ltd. (solar) (Kamareddy),2023-11,7.33,Tr_losses_Nov-2023.pdf,Telangana,https://www.tgtransco.com/user_uploads/trans_losses/Tr_losses_Nov-2023.pdf
Mytrah Vayu (Godavari) Pvt. Ltd. (Wind),2023-11,16.72,Tr_losses_Nov-2023.pdf,Telangana,https://www.tgtransco.com/user_uploads/trans_losses/Tr_losses_Nov-2023.pdf
NEO Solren Pvt. Ltd. (solar),2023-11,5.0,Tr_losses_Nov-2023.pdf,Telangana,https://www.tgtransco.com/user_uploads/trans_losses/Tr_losses_Nov-2023.pdf
NTPC Solar power plant (10MW),2023-11,0.84,Tr_losses_Nov-2023.pdf,Telangana,https://www.tgtransco.com/user_uploads/trans_losses/Tr_losses_Nov-2023.pdf
Nizam Deccan Sugars Ltd,2023-11,0.0,Tr_losses_Nov-2023.pdf,Telangana,https://www.tgtransco.com/user_uploads/trans_losses/Tr_losses_Nov-2023.pdf
Param Pujya Solar Farms Ltd. Plant-I,2023-11,7.35,Tr_losses_Nov-2023.pdf,Telangana,https://www.tgtransco.com/user_uploads/trans_losses/Tr_losses_Nov-2023.pdf
Param Pujya Solar Farms Ltd. Plant-II,2023-11,7.11,Tr_losses_Nov-2023.pdf,Telangana,https://www.tgtransco.com/user_uploads/trans_losses/Tr_losses_Nov-2023.pdf
Polepally Solar Park,2023-11,3.2,Tr_losses_Nov-2023.pdf,Telangana,https://www.tgtransco.com/user_uploads/trans_losses/Tr_losses_Nov-2023.pdf
Prathamesh solar farms Ltd.,2023-11,7.54,Tr_losses_Nov-2023.pdf,Telangana,https://www.tgtransco.com/user_uploads/trans_losses/Tr_losses_Nov-2023.pdf
RDF Power Projects Pvt. Ltd.,2023-11,0.0,Tr_losses_Nov-2023.pdf,Telangana,https://www.tgtransco.com/user_uploads/trans_losses/Tr_losses_Nov-2023.pdf
Renew Mega Solar Pvt.Ltd,2023-11,6.48,Tr_losses_Nov-2023.pdf,Telangana,https://www.tgtransco.com/user_uploads/trans_losses/Tr_losses_Nov-2023.pdf
Renew Saurshakthi Pvt. Ltd.,2023-11,3.48,Tr_losses_Nov-2023.pdf,Telangana,https://www.tgtransco.com/user_uploads/trans_losses/Tr_losses_Nov-2023.pdf
Renew Solar Energy Pvt. Ltd. 220kV,2023-11,17.93,Tr_losses_Nov-2023.pdf,Telangana,https://www.tgtransco.com/user_uploads/trans_losses/Tr_losses_Nov-2023.pdf
Renew Solar Plant (Mdk. Dist.),2023-11,3.08,Tr_losses_Nov-2023.pdf,Telangana,https://www.tgtransco.com/user_uploads/trans_losses/Tr_losses_Nov-2023.pdf
Renew Solar Pvt Ltd. (Minpur),2023-11,8.06,Tr_losses_Nov-2023.pdf,Telangana,https://www.tgtransco.com/user_uploads/trans_losses/Tr_losses_Nov-2023.pdf
Renew Wind TN2 Solar,2023-11,14.94,Tr_losses_Nov-2023.pdf,Telangana,https://www.tgtransco.com/user_uploads/trans_losses/Tr_losses_Nov-2023.pdf
Renue Akshay Solar Plant,2023-11,13.03,Tr_losses_Nov-2023.pdf,Telangana,https://www.tgtransco.com/user_uploads/trans_losses/Tr_losses_Nov-2023.pdf
SLS Power Corp. Ltd. (Minihydel) 132KV,2023-11,6.79,Tr_losses_Nov-2023.pdf,Telangana,https://www.tgtransco.com/user_uploads/trans_losses/Tr_losses_Nov-2023.pdf
SUZLON Energy Ltd.,2023-11,13.5,Tr_losses_Nov-2023.pdf,Telangana,https://www.tgtransco.com/user_uploads/trans_losses/Tr_losses_Nov-2023.pdf
Shravana Power Projects Pvt. Ltd.,2023-11,-0.02,Tr_losses_Nov-2023.pdf,Telangana,https://www.tgtransco.com/user_uploads/trans_losses/Tr_losses_Nov-2023.pdf
Sky Power Southeast Asia III Ltd (Previously Sunshakthi solar pvt.,2023-11,6.31,Tr_losses_Nov-2023.pdf,Telangana,https://www.tgtransco.com/user_uploads/trans_losses/Tr_losses_Nov-2023.pdf
Sunborne Energy Tech. (P) Ltd. (Solar),2023-11,5.21,Tr_losses_Nov-2023.pdf,Telangana,https://www.tgtransco.com/user_uploads/trans_losses/Tr_losses_Nov-2023.pdf
Sunworld Solar Power Pvt. Ltd.,2023-11,4.12,Tr_losses_Nov-2023.pdf,Telangana,https://www.tgtransco.com/user_uploads/trans_losses/Tr_losses_Nov-2023.pdf
Suprasanna Solar,2023-11,2.67,Tr_losses_Nov-2023.pdf,Telangana,https://www.tgtransco.com/user_uploads/trans_losses/Tr_losses_Nov-2023.pdf
Suraj Kiran Solar Technologies (Mdk),2023-11,5.85,Tr_losses_Nov-2023.pdf,Telangana,https://www.tgtransco.com/user_uploads/trans_losses/Tr_losses_Nov-2023.pdf
Suraj Kiran solar (Nlg),2023-11,5.67,Tr_losses_Nov-2023.pdf,Telangana,https://www.tgtransco.com/user_uploads/trans_losses/Tr_losses_Nov-2023.pdf
Suryoday Energy Pvt. Ltd. (Shapoorji Pallonji)(Solar),2023-11,4.38,Tr_losses_Nov-2023.pdf,Telangana,https://www.tgtransco.com/user_uploads/trans_losses/Tr_losses_Nov-2023.pdf
Transform Sun Energy 220kV,2023-11,13.39,Tr_losses_Nov-2023.pdf,Telangana,https://www.tgtransco.com/user_uploads/trans_losses/Tr_losses_Nov-2023.pdf
Ujjvalatejas Solaire Urja Pvt. Ltd. (Solar),2023-11,2.82,Tr_losses_Nov-2023.pdf,Telangana,https://www.tgtransco.com/user_uploads/trans_losses/Tr_losses_Nov-2023.pdf
Vena Energy Solar Pvt Ltd (Previously Energon Soleq Pvt Ltd ),2023-11,7.03,Tr_losses_Nov-2023.pdf,Telangana,https://www.tgtransco.com/user_uploads/trans_losses/Tr_losses_Nov-2023.pdf
Winsol solar (Polepally),2023-11,2.11,Tr_losses_Nov-2023.pdf,Telangana,https://www.tgtransco.com/user_uploads/trans_losses/Tr_losses_Nov-2023.pdf
Winsol solar (Tandur),2023-11,7.09,Tr_losses_Nov-2023.pdf,Telangana,https://www.tgtransco.com/user_uploads/trans_losses/Tr_losses_Nov-2023.pdf
Zuka Solar,2023-11,7.41,Tr_losses_Nov-2023.pdf,Telangana,https://www.tgtransco.com/user_uploads/trans_losses/Tr_losses_Nov-2023.pdf
TGGENCO-THERMAL 1337.60 TGSPDCL,2025-11,4069.45,Tr_losses_Nov-2025.pdf,Telangana,https://www.tgtransco.com/user_uploads/trans_losses/Tr_losses_Nov-2025.pdf
TGGENCO-HYDEL 575.41 TGNPDCL,2025-11,1194.79,Tr_losses_Nov-2025.pdf,Telangana,https://www.tgtransco.com/user_uploads/trans_losses/Tr_losses_Nov-2025.pdf
132kv Laxmi Tulasi,2025-11,0.08,Tr_losses_Nov-2025.pdf,Telangana,https://www.tgtransco.com/user_uploads/trans_losses/Tr_losses_Nov-2025.pdf
132 kV Orient Cement,2025-11,0.01,Tr_losses_Nov-2025.pdf,Telangana,https://www.tgtransco.com/user_uploads/trans_losses/Tr_losses_Nov-2025.pdf
220KV Navabharat Energy India Ltd (NBEIL)-I,2025-11,0.02,Tr_losses_Nov-2025.pdf,Telangana,https://www.tgtransco.com/user_uploads/trans_losses/Tr_losses_Nov-2025.pdf
220KV Navabharat Energy India Ltd (NBEIL)-II,2025-11,0.03,Tr_losses_Nov-2025.pdf,Telangana,https://www.tgtransco.com/user_uploads/trans_losses/Tr_losses_Nov-2025.pdf
132KV Penna Power-I,2025-11,0.0,Tr_losses_Nov-2025.pdf,Telangana,https://www.tgtransco.com/user_uploads/trans_losses/Tr_losses_Nov-2025.pdf
132KV Penna Power-II,2025-11,0.0,Tr_losses_Nov-2025.pdf,Telangana,https://www.tgtransco.com/user_uploads/trans_losses/Tr_losses_Nov-2025.pdf
132KV Deccan Cements,2025-11,0.0,Tr_losses_Nov-2025.pdf,Telangana,https://www.tgtransco.com/user_uploads/trans_losses/Tr_losses_Nov-2025.pdf
132 kV Madhucon,2025-11,0.0,Tr_losses_Nov-2025.pdf,Telangana,https://www.tgtransco.com/user_uploads/trans_losses/Tr_losses_Nov-2025.pdf
132kv SCCL 30MW Solar Plant (Manuguru),2025-11,3.74,Tr_losses_Nov-2025.pdf,Telangana,https://www.tgtransco.com/user_uploads/trans_losses/Tr_losses_Nov-2025.pdf
132kV PSR Green Power Proj. pvt. Ltd.,2025-11,0.0,Tr_losses_Nov-2025.pdf,Telangana,https://www.tgtransco.com/user_uploads/trans_losses/Tr_losses_Nov-2025.pdf
220KV RFCL,2025-11,0.0,Tr_losses_Nov-2025.pdf,Telangana,https://www.tgtransco.com/user_uploads/trans_losses/Tr_losses_Nov-2025.pdf
132 kV Kesoram,2025-11,0.0,Tr_losses_Nov-2025.pdf,Telangana,https://www.tgtransco.com/user_uploads/trans_losses/Tr_losses_Nov-2025.pdf
132 kV Zuvari Cement Power Limited ( Previously Sitapuram Power Limited),2025-11,0.0,Tr_losses_Nov-2025.pdf,Telangana,https://www.tgtransco.com/user_uploads/trans_losses/Tr_losses_Nov-2025.pdf
132 kV Anjaini Port Land Cement,2025-11,0.01,Tr_losses_Nov-2025.pdf,Telangana,https://www.tgtransco.com/user_uploads/trans_losses/Tr_losses_Nov-2025.pdf
132kv SCCL 37 MW Solar Plant (Sitharampatnam),2025-11,5.37,Tr_losses_Nov-2025.pdf,Telangana,https://www.tgtransco.com/user_uploads/trans_losses/Tr_losses_Nov-2025.pdf
132 kV Sitaramapatnam - BPBL,2025-11,0.0,Tr_losses_Nov-2025.pdf,Telangana,https://www.tgtransco.com/user_uploads/trans_losses/Tr_losses_Nov-2025.pdf
132kV Krishnaveni Sugars Ltd,2025-11,3.53,Tr_losses_Nov-2025.pdf,Telangana,https://www.tgtransco.com/user_uploads/trans_losses/Tr_losses_Nov-2025.pdf
132 kV My Home Industries Limited,2025-11,0.01,Tr_losses_Nov-2025.pdf,Telangana,https://www.tgtransco.com/user_uploads/trans_losses/Tr_losses_Nov-2025.pdf
132 kV ICL (Rassi Cements),2025-11,0.0,Tr_losses_Nov-2025.pdf,Telangana,https://www.tgtransco.com/user_uploads/trans_losses/Tr_losses_Nov-2025.pdf
132 kV Bharat Electronics Ltd. (solar),2025-11,0.0,Tr_losses_Nov-2025.pdf,Telangana,https://www.tgtransco.com/user_uploads/trans_losses/Tr_losses_Nov-2025.pdf
132kv SCCL Solar Power Plant (Yellandu),2025-11,3.05,Tr_losses_Nov-2025.pdf,Telangana,https://www.tgtransco.com/user_uploads/trans_losses/Tr_losses_Nov-2025.pdf
ACME Medak Solar energy Pvt. Ltd.,2025-11,7.98,Tr_losses_Nov-2025.pdf,Telangana,https://www.tgtransco.com/user_uploads/trans_losses/Tr_losses_Nov-2025.pdf
ACME Nizamabad Solar Energy Pvt. Ltd,2025-11,8.03,Tr_losses_Nov-2025.pdf,Telangana,https://www.tgtransco.com/user_uploads/trans_losses/Tr_losses_Nov-2025.pdf
ACME PV Powertech Pvt. Ltd. (Sadasivpet),2025-11,8.68,Tr_losses_Nov-2025.pdf,Telangana,https://www.tgtransco.com/user_uploads/trans_losses/Tr_losses_Nov-2025.pdf
ACME Rangareddy Solar Power,2025-11,4.81,Tr_losses_Nov-2025.pdf,Telangana,https://www.tgtransco.com/user_uploads/trans_losses/Tr_losses_Nov-2025.pdf
ACME Solar Power Tech. Pvt. Ltd. (Bhongir),2025-11,8.46,Tr_losses_Nov-2025.pdf,Telangana,https://www.tgtransco.com/user_uploads/trans_losses/Tr_losses_Nov-2025.pdf
Azure Power India Pvt. Ltd. (solar),2025-11,16.07,Tr_losses_Nov-2025.pdf,Telangana,https://www.tgtransco.com/user_uploads/trans_losses/Tr_losses_Nov-2025.pdf
Clean Hero Wind Power,2025-11,2.56,Tr_losses_Nov-2025.pdf,Telangana,https://www.tgtransco.com/user_uploads/trans_losses/Tr_losses_Nov-2025.pdf
Clean Solar Power (Chittradurga) Pvt. Ltd,2025-11,5.4,Tr_losses_Nov-2025.pdf,Telangana,https://www.tgtransco.com/user_uploads/trans_losses/Tr_losses_Nov-2025.pdf
Clean solar,2025-11,4.49,Tr_losses_Nov-2025.pdf,Telangana,https://www.tgtransco.com/user_uploads/trans_losses/Tr_losses_Nov-2025.pdf
Dayakara Solar (P) Ltd.,2025-11,4.49,Tr_losses_Nov-2025.pdf,Telangana,https://www.tgtransco.com/user_uploads/trans_losses/Tr_losses_Nov-2025.pdf
Dinakar Solar,2025-11,3.58,Tr_losses_Nov-2025.pdf,Telangana,https://www.tgtransco.com/user_uploads/trans_losses/Tr_losses_Nov-2025.pdf
Divine Solren Pvt. ltd.,2025-11,7.83,Tr_losses_Nov-2025.pdf,Telangana,https://www.tgtransco.com/user_uploads/trans_losses/Tr_losses_Nov-2025.pdf
Dundigal Waste 2 Energy Power Plant,2025-11,7.89,Tr_losses_Nov-2025.pdf,Telangana,https://www.tgtransco.com/user_uploads/trans_losses/Tr_losses_Nov-2025.pdf
Energon Soleq Solar (Sadasivapet),2025-11,7.14,Tr_losses_Nov-2025.pdf,Telangana,https://www.tgtransco.com/user_uploads/trans_losses/Tr_losses_Nov-2025.pdf
Enrich (Solar),2025-11,7.29,Tr_losses_Nov-2025.pdf,Telangana,https://www.tgtransco.com/user_uploads/trans_losses/Tr_losses_Nov-2025.pdf
G.S.R.Sugars Pvt Ltd,2025-11,3.52,Tr_losses_Nov-2025.pdf,Telangana,https://www.tgtransco.com/user_uploads/trans_losses/Tr_losses_Nov-2025.pdf
Ganapathi Sugars Ltd.,2025-11,1.11,Tr_losses_Nov-2025.pdf,Telangana,https://www.tgtransco.com/user_uploads/trans_losses/Tr_losses_Nov-2025.pdf
Grahati Solar,2025-11,8.41,Tr_losses_Nov-2025.pdf,Telangana,https://www.tgtransco.com/user_uploads/trans_losses/Tr_losses_Nov-2025.pdf
Hyderabad MSW Energy Solutions PVT LTD,2025-11,13.07,Tr_losses_Nov-2025.pdf,Telangana,https://www.tgtransco.com/user_uploads/trans_losses/Tr_losses_Nov-2025.pdf
Jilesh Power Pvt. Ltd (Solar),2025-11,8.1,Tr_losses_Nov-2025.pdf,Telangana,https://www.tgtransco.com/user_uploads/trans_losses/Tr_losses_Nov-2025.pdf
Kakatiya Cement & Sugar Industries Ltd.,2025-11,-0.12,Tr_losses_Nov-2025.pdf,Telangana,https://www.tgtransco.com/user_uploads/trans_losses/Tr_losses_Nov-2025.pdf
Karvy Solar Pvt. Ltd. (Sadasivapet),2025-11,2.78,Tr_losses_Nov-2025.pdf,Telangana,https://www.tgtransco.com/user_uploads/trans_losses/Tr_losses_Nov-2025.pdf
Karvy solar (Mandamarry),2025-11,7.49,Tr_losses_Nov-2025.pdf,Telangana,https://www.tgtransco.com/user_uploads/trans_losses/Tr_losses_Nov-2025.pdf
My Home Power Ltd. (NGPL),2025-11,0.0,Tr_losses_Nov-2025.pdf,Telangana,https://www.tgtransco.com/user_uploads/trans_losses/Tr_losses_Nov-2025.pdf
Mytrah Agriya Power Pvt. Ltd. (Solar),2025-11,8.34,Tr_losses_Nov-2025.pdf,Telangana,https://www.tgtransco.com/user_uploads/trans_losses/Tr_losses_Nov-2025.pdf
Mytrah Agriya Power Pvt. Ltd. (solar) (Kamareddy),2025-11,5.21,Tr_losses_Nov-2025.pdf,Telangana,https://www.tgtransco.com/user_uploads/trans_losses/Tr_losses_Nov-2025.pdf
Mytrah Vayu (Godavari) Pvt. Ltd. (Wind),2025-11,12.45,Tr_losses_Nov-2025.pdf,Telangana,https://www.tgtransco.com/user_uploads/trans_losses/Tr_losses_Nov-2025.pdf
NEO Solren Pvt. Ltd. (solar),2025-11,4.81,Tr_losses_Nov-2025.pdf,Telangana,https://www.tgtransco.com/user_uploads/trans_losses/Tr_losses_Nov-2025.pdf
NTPC Solar power plant (10MW),2025-11,0.55,Tr_losses_Nov-2025.pdf,Telangana,https://www.tgtransco.com/user_uploads/trans_losses/Tr_losses_Nov-2025.pdf
Nizam Deccan Sugars Ltd,2025-11,0.0,Tr_losses_Nov-2025.pdf,Telangana,https://www.tgtransco.com/user_uploads/trans_losses/Tr_losses_Nov-2025.pdf
Param Pujya Solar Farms Ltd. Plant-I,2025-11,8.97,Tr_losses_Nov-2025.pdf,Telangana,https://www.tgtransco.com/user_uploads/trans_losses/Tr_losses_Nov-2025.pdf
Param Pujya Solar Farms Ltd. Plant-II,2025-11,8.96,Tr_losses_Nov-2025.pdf,Telangana,https://www.tgtransco.com/user_uploads/trans_losses/Tr_losses_Nov-2025.pdf
Polepally Solar Park,2025-11,3.63,Tr_losses_Nov-2025.pdf,Telangana,https://www.tgtransco.com/user_uploads/trans_losses/Tr_losses_Nov-2025.pdf
Prathamesh solar farms Ltd.,2025-11,8.5,Tr_losses_Nov-2025.pdf,Telangana,https://www.tgtransco.com/user_uploads/trans_losses/Tr_losses_Nov-2025.pdf
RDF Power Projects Pvt. Ltd.,2025-11,0.0,Tr_losses_Nov-2025.pdf,Telangana,https://www.tgtransco.com/user_uploads/trans_losses/Tr_losses_Nov-2025.pdf
Renew Mega Solar Pvt.Ltd,2025-11,7.55,Tr_losses_Nov-2025.pdf,Telangana,https://www.tgtransco.com/user_uploads/trans_losses/Tr_losses_Nov-2025.pdf
Renew Saurshakthi Pvt. Ltd.,2025-11,4.08,Tr_losses_Nov-2025.pdf,Telangana,https://www.tgtransco.com/user_uploads/trans_losses/Tr_losses_Nov-2025.pdf
Renew Solar Energy Pvt. Ltd. 220kV,2025-11,22.61,Tr_losses_Nov-2025.pdf,Telangana,https://www.tgtransco.com/user_uploads/trans_losses/Tr_losses_Nov-2025.pdf
Renew Solar Plant (Mdk. Dist.),2025-11,3.65,Tr_losses_Nov-2025.pdf,Telangana,https://www.tgtransco.com/user_uploads/trans_losses/Tr_losses_Nov-2025.pdf
Renew Solar Pvt Ltd. (Minpur),2025-11,10.28,Tr_losses_Nov-2025.pdf,Telangana,https://www.tgtransco.com/user_uploads/trans_losses/Tr_losses_Nov-2025.pdf
Renew Wind TN2 Solar,2025-11,15.45,Tr_losses_Nov-2025.pdf,Telangana,https://www.tgtransco.com/user_uploads/trans_losses/Tr_losses_Nov-2025.pdf
Renue Akshay Solar Plant,2025-11,14.14,Tr_losses_Nov-2025.pdf,Telangana,https://www.tgtransco.com/user_uploads/trans_losses/Tr_losses_Nov-2025.pdf
SLS Power Corp. Ltd. (Minihydel) 132KV,2025-11,7.24,Tr_losses_Nov-2025.pdf,Telangana,https://www.tgtransco.com/user_uploads/trans_losses/Tr_losses_Nov-2025.pdf
SUZLON Energy Ltd.,2025-11,15.18,Tr_losses_Nov-2025.pdf,Telangana,https://www.tgtransco.com/user_uploads/trans_losses/Tr_losses_Nov-2025.pdf
Shravana Power Projects Pvt. Ltd.,2025-11,0.0,Tr_losses_Nov-2025.pdf,Telangana,https://www.tgtransco.com/user_uploads/trans_losses/Tr_losses_Nov-2025.pdf
Sky Power Southeast Asia III Ltd (Previously Sunshakthi solar,2025-11,8.24,Tr_losses_Nov-2025.pdf,Telangana,https://www.tgtransco.com/user_uploads/trans_losses/Tr_losses_Nov-2025.pdf
Sunborne Energy Tech. (P) Ltd. (Solar),2025-11,5.46,Tr_losses_Nov-2025.pdf,Telangana,https://www.tgtransco.com/user_uploads/trans_losses/Tr_losses_Nov-2025.pdf
Sunworld Solar Power Pvt. Ltd.,2025-11,4.74,Tr_losses_Nov-2025.pdf,Telangana,https://www.tgtransco.com/user_uploads/trans_losses/Tr_losses_Nov-2025.pdf
Suprasanna Solar,2025-11,3.4,Tr_losses_Nov-2025.pdf,Telangana,https://www.tgtransco.com/user_uploads/trans_losses/Tr_losses_Nov-2025.pdf
Suraj Kiran Solar Technologies (Mdk),2025-11,7.41,Tr_losses_Nov-2025.pdf,Telangana,https://www.tgtransco.com/user_uploads/trans_losses/Tr_losses_Nov-2025.pdf
Suraj Kiran solar (Nlg),2025-11,6.51,Tr_losses_Nov-2025.pdf,Telangana,https://www.tgtransco.com/user_uploads/trans_losses/Tr_losses_Nov-2025.pdf
Suryoday Energy Pvt. Ltd. (Shapoorji Pallonji)(Solar),2025-11,5.39,Tr_losses_Nov-2025.pdf,Telangana,https://www.tgtransco.com/user_uploads/trans_losses/Tr_losses_Nov-2025.pdf
Transform Sun Energy 220kV,2025-11,14.54,Tr_losses_Nov-2025.pdf,Telangana,https://www.tgtransco.com/user_uploads/trans_losses/Tr_losses_Nov-2025.pdf
Ujjvalatejas Solaire Urja Pvt. Ltd. (Solar),2025-11,3.28,Tr_losses_Nov-2025.pdf,Telangana,https://www.tgtransco.com/user_uploads/trans_losses/Tr_losses_Nov-2025.pdf
Vena Energy Solar Pvt Ltd (Previously Energon Soleq Pvt Ltd ),2025-11,7.43,Tr_losses_Nov-2025.pdf,Telangana,https://www.tgtransco.com/user_uploads/trans_losses/Tr_losses_Nov-2025.pdf
Winsol solar (Polepally),2025-11,2.33,Tr_losses_Nov-2025.pdf,Telangana,https://www.tgtransco.com/user_uploads/trans_losses/Tr_losses_Nov-2025.pdf
Winsol solar (Tandur),2025-11,7.99,Tr_losses_Nov-2025.pdf,Telangana,https://www.tgtransco.com/user_uploads/trans_losses/Tr_losses_Nov-2025.pdf
Zuka Solar,2025-11,8.59,Tr_losses_Nov-2025.pdf,Telangana,https://www.tgtransco.com/user_uploads/trans_losses/Tr_losses_Nov-2025.pdf
TSGENCO-THERMAL 2023.59 TSSPDCL,2022-10,3719.56,Tr_losses_Oct-2022.pdf,Telangana,https://www.tgtransco.com/user_uploads/trans_losses/Tr_losses_Oct-2022.pdf
TSGENCO-HYDEL 1368.38 TSNPDCL,2022-10,1387.42,Tr_losses_Oct-2022.pdf,Telangana,https://www.tgtransco.com/user_uploads/trans_losses/Tr_losses_Oct-2022.pdf
132kv Laxmi Tulasi,2022-10,0.01,Tr_losses_Oct-2022.pdf,Telangana,https://www.tgtransco.com/user_uploads/trans_losses/Tr_losses_Oct-2022.pdf
132 kV Orient Cement,2022-10,0.21,Tr_losses_Oct-2022.pdf,Telangana,https://www.tgtransco.com/user_uploads/trans_losses/Tr_losses_Oct-2022.pdf
220KV Navabharat Energy India Ltd (NBEIL)-I,2022-10,10.74,Tr_losses_Oct-2022.pdf,Telangana,https://www.tgtransco.com/user_uploads/trans_losses/Tr_losses_Oct-2022.pdf
220KV Navabharat Energy India Ltd (NBEIL)-II,2022-10,10.67,Tr_losses_Oct-2022.pdf,Telangana,https://www.tgtransco.com/user_uploads/trans_losses/Tr_losses_Oct-2022.pdf
132KV Penna Power-I,2022-10,0.0,Tr_losses_Oct-2022.pdf,Telangana,https://www.tgtransco.com/user_uploads/trans_losses/Tr_losses_Oct-2022.pdf
132KV Penna Power-II,2022-10,0.0,Tr_losses_Oct-2022.pdf,Telangana,https://www.tgtransco.com/user_uploads/trans_losses/Tr_losses_Oct-2022.pdf
132KV Deccan Cements,2022-10,0.01,Tr_losses_Oct-2022.pdf,Telangana,https://www.tgtransco.com/user_uploads/trans_losses/Tr_losses_Oct-2022.pdf
132 kV Madhucon,2022-10,0.0,Tr_losses_Oct-2022.pdf,Telangana,https://www.tgtransco.com/user_uploads/trans_losses/Tr_losses_Oct-2022.pdf
132kv SCCL 30MW Solar Plant (Manuguru),2022-10,3.69,Tr_losses_Oct-2022.pdf,Telangana,https://www.tgtransco.com/user_uploads/trans_losses/Tr_losses_Oct-2022.pdf
132kV PSR Green Power Proj. pvt. Ltd.,2022-10,0.0,Tr_losses_Oct-2022.pdf,Telangana,https://www.tgtransco.com/user_uploads/trans_losses/Tr_losses_Oct-2022.pdf
220KV RFCL,2022-10,0.34,Tr_losses_Oct-2022.pdf,Telangana,https://www.tgtransco.com/user_uploads/trans_losses/Tr_losses_Oct-2022.pdf
132 kV Kesoram,2022-10,0.0,Tr_losses_Oct-2022.pdf,Telangana,https://www.tgtransco.com/user_uploads/trans_losses/Tr_losses_Oct-2022.pdf
132 kV Sitapuram Power Limited,2022-10,2.62,Tr_losses_Oct-2022.pdf,Telangana,https://www.tgtransco.com/user_uploads/trans_losses/Tr_losses_Oct-2022.pdf
132 kV Anjaini Port Land Cement,2022-10,0.0,Tr_losses_Oct-2022.pdf,Telangana,https://www.tgtransco.com/user_uploads/trans_losses/Tr_losses_Oct-2022.pdf
132 kV Sitaramapatnam - BPBL,2022-10,0.22,Tr_losses_Oct-2022.pdf,Telangana,https://www.tgtransco.com/user_uploads/trans_losses/Tr_losses_Oct-2022.pdf
132kV Krishnaveni Sugars Ltd,2022-10,0.0,Tr_losses_Oct-2022.pdf,Telangana,https://www.tgtransco.com/user_uploads/trans_losses/Tr_losses_Oct-2022.pdf
132 kV My Home Industries Limited,2022-10,0.0,Tr_losses_Oct-2022.pdf,Telangana,https://www.tgtransco.com/user_uploads/trans_losses/Tr_losses_Oct-2022.pdf
132 kV ICL (Rassi Cements),2022-10,0.0,Tr_losses_Oct-2022.pdf,Telangana,https://www.tgtransco.com/user_uploads/trans_losses/Tr_losses_Oct-2022.pdf
132 kV Bharat Electronics Ltd. (solar),2022-10,1.41,Tr_losses_Oct-2022.pdf,Telangana,https://www.tgtransco.com/user_uploads/trans_losses/Tr_losses_Oct-2022.pdf
132kv SCCL Solar Power Plant (Yellandu),2022-10,4.41,Tr_losses_Oct-2022.pdf,Telangana,https://www.tgtransco.com/user_uploads/trans_losses/Tr_losses_Oct-2022.pdf
ACME Medak Solar energy Pvt. Ltd.,2022-10,7.0,Tr_losses_Oct-2022.pdf,Telangana,https://www.tgtransco.com/user_uploads/trans_losses/Tr_losses_Oct-2022.pdf
ACME Nizamabad Solar Energy Pvt. Ltd,2022-10,6.14,Tr_losses_Oct-2022.pdf,Telangana,https://www.tgtransco.com/user_uploads/trans_losses/Tr_losses_Oct-2022.pdf
ACME PV Powertech Pvt. Ltd. (Sadasivpet),2022-10,8.14,Tr_losses_Oct-2022.pdf,Telangana,https://www.tgtransco.com/user_uploads/trans_losses/Tr_losses_Oct-2022.pdf
ACME Rangareddy Solar Power,2022-10,4.37,Tr_losses_Oct-2022.pdf,Telangana,https://www.tgtransco.com/user_uploads/trans_losses/Tr_losses_Oct-2022.pdf
ACME Solar Power Tech. Pvt. Ltd. (Bhongir),2022-10,8.26,Tr_losses_Oct-2022.pdf,Telangana,https://www.tgtransco.com/user_uploads/trans_losses/Tr_losses_Oct-2022.pdf
Azure Power India Pvt. Ltd. (solar),2022-10,15.78,Tr_losses_Oct-2022.pdf,Telangana,https://www.tgtransco.com/user_uploads/trans_losses/Tr_losses_Oct-2022.pdf
Clean Hero Wind Power,2022-10,3.12,Tr_losses_Oct-2022.pdf,Telangana,https://www.tgtransco.com/user_uploads/trans_losses/Tr_losses_Oct-2022.pdf
Clean Solar Power (Chittradurga) Pvt. Ltd,2022-10,5.35,Tr_losses_Oct-2022.pdf,Telangana,https://www.tgtransco.com/user_uploads/trans_losses/Tr_losses_Oct-2022.pdf
Clean solar,2022-10,4.19,Tr_losses_Oct-2022.pdf,Telangana,https://www.tgtransco.com/user_uploads/trans_losses/Tr_losses_Oct-2022.pdf
Dayakara Solar (P) Ltd.,2022-10,4.32,Tr_losses_Oct-2022.pdf,Telangana,https://www.tgtransco.com/user_uploads/trans_losses/Tr_losses_Oct-2022.pdf
Dinakar Solar,2022-10,3.94,Tr_losses_Oct-2022.pdf,Telangana,https://www.tgtransco.com/user_uploads/trans_losses/Tr_losses_Oct-2022.pdf
Divine Solren Pvt. ltd.,2022-10,7.76,Tr_losses_Oct-2022.pdf,Telangana,https://www.tgtransco.com/user_uploads/trans_losses/Tr_losses_Oct-2022.pdf
Soleq Pvt Ltd ),2022-10,8.4,Tr_losses_Oct-2022.pdf,Telangana,https://www.tgtransco.com/user_uploads/trans_losses/Tr_losses_Oct-2022.pdf
Energon Soleq Solar (Sadasivapet),2022-10,7.62,Tr_losses_Oct-2022.pdf,Telangana,https://www.tgtransco.com/user_uploads/trans_losses/Tr_losses_Oct-2022.pdf
Enrich (Solar),2022-10,7.41,Tr_losses_Oct-2022.pdf,Telangana,https://www.tgtransco.com/user_uploads/trans_losses/Tr_losses_Oct-2022.pdf
G.S.R.Sugars Pvt Ltd,2022-10,-0.08,Tr_losses_Oct-2022.pdf,Telangana,https://www.tgtransco.com/user_uploads/trans_losses/Tr_losses_Oct-2022.pdf
Ganapathi Sugars Ltd.,2022-10,-0.07,Tr_losses_Oct-2022.pdf,Telangana,https://www.tgtransco.com/user_uploads/trans_losses/Tr_losses_Oct-2022.pdf
Grahati Solar,2022-10,7.69,Tr_losses_Oct-2022.pdf,Telangana,https://www.tgtransco.com/user_uploads/trans_losses/Tr_losses_Oct-2022.pdf
Hyderabad MSW Energy Solutions PVT LTD,2022-10,14.95,Tr_losses_Oct-2022.pdf,Telangana,https://www.tgtransco.com/user_uploads/trans_losses/Tr_losses_Oct-2022.pdf
Jilesh Power Pvt. Ltd (Solar),2022-10,7.82,Tr_losses_Oct-2022.pdf,Telangana,https://www.tgtransco.com/user_uploads/trans_losses/Tr_losses_Oct-2022.pdf
Kakatiya Cement & Sugar Industries Ltd.,2022-10,-0.12,Tr_losses_Oct-2022.pdf,Telangana,https://www.tgtransco.com/user_uploads/trans_losses/Tr_losses_Oct-2022.pdf
Karvy Solar Pvt. Ltd. (Sadasivapet),2022-10,2.79,Tr_losses_Oct-2022.pdf,Telangana,https://www.tgtransco.com/user_uploads/trans_losses/Tr_losses_Oct-2022.pdf
Karvy solar (Mandamarry),2022-10,7.56,Tr_losses_Oct-2022.pdf,Telangana,https://www.tgtransco.com/user_uploads/trans_losses/Tr_losses_Oct-2022.pdf
My Home Power Ltd. (NGPL),2022-10,0.0,Tr_losses_Oct-2022.pdf,Telangana,https://www.tgtransco.com/user_uploads/trans_losses/Tr_losses_Oct-2022.pdf
Mytrah Agriya Power Pvt. Ltd. (Solar),2022-10,7.33,Tr_losses_Oct-2022.pdf,Telangana,https://www.tgtransco.com/user_uploads/trans_losses/Tr_losses_Oct-2022.pdf
Mytrah Vayu (Godavari) Pvt. Ltd. (Wind),2022-10,11.62,Tr_losses_Oct-2022.pdf,Telangana,https://www.tgtransco.com/user_uploads/trans_losses/Tr_losses_Oct-2022.pdf
NEO Solren Pvt. Ltd. (solar),2022-10,5.17,Tr_losses_Oct-2022.pdf,Telangana,https://www.tgtransco.com/user_uploads/trans_losses/Tr_losses_Oct-2022.pdf
NTPC Solar power plant (10MW),2022-10,1.01,Tr_losses_Oct-2022.pdf,Telangana,https://www.tgtransco.com/user_uploads/trans_losses/Tr_losses_Oct-2022.pdf
Nizam Deccan Sugars Ltd,2022-10,0.0,Tr_losses_Oct-2022.pdf,Telangana,https://www.tgtransco.com/user_uploads/trans_losses/Tr_losses_Oct-2022.pdf
Param Pujya Solar Farms Ltd. Plant-I,2022-10,8.41,Tr_losses_Oct-2022.pdf,Telangana,https://www.tgtransco.com/user_uploads/trans_losses/Tr_losses_Oct-2022.pdf
Param Pujya Solar Farms Ltd. Plant-II,2022-10,8.81,Tr_losses_Oct-2022.pdf,Telangana,https://www.tgtransco.com/user_uploads/trans_losses/Tr_losses_Oct-2022.pdf
Polepally Solar Park,2022-10,3.56,Tr_losses_Oct-2022.pdf,Telangana,https://www.tgtransco.com/user_uploads/trans_losses/Tr_losses_Oct-2022.pdf
Prathamesh solar farms Ltd.,2022-10,8.01,Tr_losses_Oct-2022.pdf,Telangana,https://www.tgtransco.com/user_uploads/trans_losses/Tr_losses_Oct-2022.pdf
RDF Power Projects Pvt. Ltd.,2022-10,0.0,Tr_losses_Oct-2022.pdf,Telangana,https://www.tgtransco.com/user_uploads/trans_losses/Tr_losses_Oct-2022.pdf
Renew Mega Solar Pvt.Ltd,2022-10,7.97,Tr_losses_Oct-2022.pdf,Telangana,https://www.tgtransco.com/user_uploads/trans_losses/Tr_losses_Oct-2022.pdf
Renew Saurshakthi Pvt. Ltd.,2022-10,4.64,Tr_losses_Oct-2022.pdf,Telangana,https://www.tgtransco.com/user_uploads/trans_losses/Tr_losses_Oct-2022.pdf
Renew Solar Energy Pvt. Ltd. 220kV,2022-10,22.5,Tr_losses_Oct-2022.pdf,Telangana,https://www.tgtransco.com/user_uploads/trans_losses/Tr_losses_Oct-2022.pdf
Renew Solar Plant (Mdk. Dist.),2022-10,3.6,Tr_losses_Oct-2022.pdf,Telangana,https://www.tgtransco.com/user_uploads/trans_losses/Tr_losses_Oct-2022.pdf
Renew Solar Pvt Ltd. (Minpur),2022-10,10.42,Tr_losses_Oct-2022.pdf,Telangana,https://www.tgtransco.com/user_uploads/trans_losses/Tr_losses_Oct-2022.pdf
Renew Wind TN2 Solar,2022-10,16.59,Tr_losses_Oct-2022.pdf,Telangana,https://www.tgtransco.com/user_uploads/trans_losses/Tr_losses_Oct-2022.pdf
Renue Akshay Solar Plant,2022-10,14.2,Tr_losses_Oct-2022.pdf,Telangana,https://www.tgtransco.com/user_uploads/trans_losses/Tr_losses_Oct-2022.pdf
SLS Power Corp. Ltd. (Minihydel) 132KV,2022-10,8.71,Tr_losses_Oct-2022.pdf,Telangana,https://www.tgtransco.com/user_uploads/trans_losses/Tr_losses_Oct-2022.pdf
SUZLON Energy Ltd.,2022-10,16.08,Tr_losses_Oct-2022.pdf,Telangana,https://www.tgtransco.com/user_uploads/trans_losses/Tr_losses_Oct-2022.pdf
Shravana Power Projects Pvt. Ltd.,2022-10,-0.02,Tr_losses_Oct-2022.pdf,Telangana,https://www.tgtransco.com/user_uploads/trans_losses/Tr_losses_Oct-2022.pdf
Sunshakthi solar pvt. Ltd.),2022-10,8.44,Tr_losses_Oct-2022.pdf,Telangana,https://www.tgtransco.com/user_uploads/trans_losses/Tr_losses_Oct-2022.pdf
Sunborne Energy Tech. (P) Ltd. (Solar),2022-10,5.78,Tr_losses_Oct-2022.pdf,Telangana,https://www.tgtransco.com/user_uploads/trans_losses/Tr_losses_Oct-2022.pdf
Sunworld Solar Power Pvt. Ltd.,2022-10,4.66,Tr_losses_Oct-2022.pdf,Telangana,https://www.tgtransco.com/user_uploads/trans_losses/Tr_losses_Oct-2022.pdf
Suprasanna Solar,2022-10,3.15,Tr_losses_Oct-2022.pdf,Telangana,https://www.tgtransco.com/user_uploads/trans_losses/Tr_losses_Oct-2022.pdf
Suraj Kiran Solar Technologies (Mdk),2022-10,7.98,Tr_losses_Oct-2022.pdf,Telangana,https://www.tgtransco.com/user_uploads/trans_losses/Tr_losses_Oct-2022.pdf
Pvt. Ltd. (Shapoorji,2022-10,6.77,Tr_losses_Oct-2022.pdf,Telangana,https://www.tgtransco.com/user_uploads/trans_losses/Tr_losses_Oct-2022.pdf
Pallonji)(Solar),2022-10,5.24,Tr_losses_Oct-2022.pdf,Telangana,https://www.tgtransco.com/user_uploads/trans_losses/Tr_losses_Oct-2022.pdf
Transform Sun Energy 220kV,2022-10,12.85,Tr_losses_Oct-2022.pdf,Telangana,https://www.tgtransco.com/user_uploads/trans_losses/Tr_losses_Oct-2022.pdf
Ujjvalatejas Solaire Urja Pvt. Ltd. (Solar),2022-10,3.1,Tr_losses_Oct-2022.pdf,Telangana,https://www.tgtransco.com/user_uploads/trans_losses/Tr_losses_Oct-2022.pdf
Winsol solar (Polepally),2022-10,2.35,Tr_losses_Oct-2022.pdf,Telangana,https://www.tgtransco.com/user_uploads/trans_losses/Tr_losses_Oct-2022.pdf
Winsol solar (Tandur),2022-10,7.9,Tr_losses_Oct-2022.pdf,Telangana,https://www.tgtransco.com/user_uploads/trans_losses/Tr_losses_Oct-2022.pdf
Zuka Solar,2022-10,8.63,Tr_losses_Oct-2022.pdf,Telangana,https://www.tgtransco.com/user_uploads/trans_losses/Tr_losses_Oct-2022.pdf
TSGENCO-THERMAL 2291.74 TSSPDCL,2023-10,5558.0,Tr_losses_Oct-2023.pdf,Telangana,https://www.tgtransco.com/user_uploads/trans_losses/Tr_losses_Oct-2023.pdf
TSGENCO-HYDEL 155.04 TSNPDCL,2023-10,2272.42,Tr_losses_Oct-2023.pdf,Telangana,https://www.tgtransco.com/user_uploads/trans_losses/Tr_losses_Oct-2023.pdf
132kv Laxmi Tulasi,2023-10,0.04,Tr_losses_Oct-2023.pdf,Telangana,https://www.tgtransco.com/user_uploads/trans_losses/Tr_losses_Oct-2023.pdf
132 kV Orient Cement,2023-10,0.01,Tr_losses_Oct-2023.pdf,Telangana,https://www.tgtransco.com/user_uploads/trans_losses/Tr_losses_Oct-2023.pdf
220KV Navabharat Energy India Ltd (NBEIL)-I,2023-10,34.93,Tr_losses_Oct-2023.pdf,Telangana,https://www.tgtransco.com/user_uploads/trans_losses/Tr_losses_Oct-2023.pdf
220KV Navabharat Energy India Ltd (NBEIL)-II,2023-10,34.95,Tr_losses_Oct-2023.pdf,Telangana,https://www.tgtransco.com/user_uploads/trans_losses/Tr_losses_Oct-2023.pdf
132KV Penna Power-I,2023-10,0.0,Tr_losses_Oct-2023.pdf,Telangana,https://www.tgtransco.com/user_uploads/trans_losses/Tr_losses_Oct-2023.pdf
132KV Penna Power-II,2023-10,0.0,Tr_losses_Oct-2023.pdf,Telangana,https://www.tgtransco.com/user_uploads/trans_losses/Tr_losses_Oct-2023.pdf
132KV Deccan Cements,2023-10,0.0,Tr_losses_Oct-2023.pdf,Telangana,https://www.tgtransco.com/user_uploads/trans_losses/Tr_losses_Oct-2023.pdf
132 kV Madhucon,2023-10,0.02,Tr_losses_Oct-2023.pdf,Telangana,https://www.tgtransco.com/user_uploads/trans_losses/Tr_losses_Oct-2023.pdf
132kv SCCL 30MW Solar Plant (Manuguru),2023-10,3.78,Tr_losses_Oct-2023.pdf,Telangana,https://www.tgtransco.com/user_uploads/trans_losses/Tr_losses_Oct-2023.pdf
132kV PSR Green Power Proj. pvt. Ltd.,2023-10,0.0,Tr_losses_Oct-2023.pdf,Telangana,https://www.tgtransco.com/user_uploads/trans_losses/Tr_losses_Oct-2023.pdf
220KV RFCL,2023-10,0.06,Tr_losses_Oct-2023.pdf,Telangana,https://www.tgtransco.com/user_uploads/trans_losses/Tr_losses_Oct-2023.pdf
132 kV Kesoram,2023-10,0.0,Tr_losses_Oct-2023.pdf,Telangana,https://www.tgtransco.com/user_uploads/trans_losses/Tr_losses_Oct-2023.pdf
132 kV Sitapuram Power Limited,2023-10,0.0,Tr_losses_Oct-2023.pdf,Telangana,https://www.tgtransco.com/user_uploads/trans_losses/Tr_losses_Oct-2023.pdf
132 kV Anjaini Port Land Cement,2023-10,0.0,Tr_losses_Oct-2023.pdf,Telangana,https://www.tgtransco.com/user_uploads/trans_losses/Tr_losses_Oct-2023.pdf
132kv SCCL 37 MW Solar Plant (Sitharampatnam),2023-10,5.86,Tr_losses_Oct-2023.pdf,Telangana,https://www.tgtransco.com/user_uploads/trans_losses/Tr_losses_Oct-2023.pdf
132 kV Sitaramapatnam - BPBL,2023-10,0.04,Tr_losses_Oct-2023.pdf,Telangana,https://www.tgtransco.com/user_uploads/trans_losses/Tr_losses_Oct-2023.pdf
132kV Krishnaveni Sugars Ltd,2023-10,0.03,Tr_losses_Oct-2023.pdf,Telangana,https://www.tgtransco.com/user_uploads/trans_losses/Tr_losses_Oct-2023.pdf
132 kV My Home Industries Limited,2023-10,0.0,Tr_losses_Oct-2023.pdf,Telangana,https://www.tgtransco.com/user_uploads/trans_losses/Tr_losses_Oct-2023.pdf
132 kV ICL (Rassi Cements),2023-10,0.0,Tr_losses_Oct-2023.pdf,Telangana,https://www.tgtransco.com/user_uploads/trans_losses/Tr_losses_Oct-2023.pdf
132 kV Bharat Electronics Ltd. (solar),2023-10,1.92,Tr_losses_Oct-2023.pdf,Telangana,https://www.tgtransco.com/user_uploads/trans_losses/Tr_losses_Oct-2023.pdf
132kv SCCL Solar Power Plant (Yellandu),2023-10,4.81,Tr_losses_Oct-2023.pdf,Telangana,https://www.tgtransco.com/user_uploads/trans_losses/Tr_losses_Oct-2023.pdf
ACME Medak Solar energy Pvt. Ltd.,2023-10,8.53,Tr_losses_Oct-2023.pdf,Telangana,https://www.tgtransco.com/user_uploads/trans_losses/Tr_losses_Oct-2023.pdf
ACME Nizamabad Solar Energy Pvt. Ltd,2023-10,8.49,Tr_losses_Oct-2023.pdf,Telangana,https://www.tgtransco.com/user_uploads/trans_losses/Tr_losses_Oct-2023.pdf
ACME PV Powertech Pvt. Ltd. (Sadasivpet),2023-10,9.64,Tr_losses_Oct-2023.pdf,Telangana,https://www.tgtransco.com/user_uploads/trans_losses/Tr_losses_Oct-2023.pdf
ACME Rangareddy Solar Power,2023-10,5.34,Tr_losses_Oct-2023.pdf,Telangana,https://www.tgtransco.com/user_uploads/trans_losses/Tr_losses_Oct-2023.pdf
ACME Solar Power Tech. Pvt. Ltd. (Bhongir),2023-10,9.18,Tr_losses_Oct-2023.pdf,Telangana,https://www.tgtransco.com/user_uploads/trans_losses/Tr_losses_Oct-2023.pdf
Azure Power India Pvt. Ltd. (solar),2023-10,18.07,Tr_losses_Oct-2023.pdf,Telangana,https://www.tgtransco.com/user_uploads/trans_losses/Tr_losses_Oct-2023.pdf
Clean Hero Wind Power,2023-10,2.84,Tr_losses_Oct-2023.pdf,Telangana,https://www.tgtransco.com/user_uploads/trans_losses/Tr_losses_Oct-2023.pdf
Clean Solar Power (Chittradurga) Pvt. Ltd,2023-10,5.92,Tr_losses_Oct-2023.pdf,Telangana,https://www.tgtransco.com/user_uploads/trans_losses/Tr_losses_Oct-2023.pdf
Clean solar,2023-10,4.88,Tr_losses_Oct-2023.pdf,Telangana,https://www.tgtransco.com/user_uploads/trans_losses/Tr_losses_Oct-2023.pdf
Dayakara Solar (P) Ltd.,2023-10,5.22,Tr_losses_Oct-2023.pdf,Telangana,https://www.tgtransco.com/user_uploads/trans_losses/Tr_losses_Oct-2023.pdf
Dinakar Solar,2023-10,4.3,Tr_losses_Oct-2023.pdf,Telangana,https://www.tgtransco.com/user_uploads/trans_losses/Tr_losses_Oct-2023.pdf
Divine Solren Pvt. ltd.,2023-10,8.82,Tr_losses_Oct-2023.pdf,Telangana,https://www.tgtransco.com/user_uploads/trans_losses/Tr_losses_Oct-2023.pdf
Energon Soleq Solar (Sadasivapet),2023-10,9.55,Tr_losses_Oct-2023.pdf,Telangana,https://www.tgtransco.com/user_uploads/trans_losses/Tr_losses_Oct-2023.pdf
Enrich (Solar),2023-10,8.22,Tr_losses_Oct-2023.pdf,Telangana,https://www.tgtransco.com/user_uploads/trans_losses/Tr_losses_Oct-2023.pdf
G.S.R.Sugars Pvt Ltd,2023-10,-0.07,Tr_losses_Oct-2023.pdf,Telangana,https://www.tgtransco.com/user_uploads/trans_losses/Tr_losses_Oct-2023.pdf
Ganapathi Sugars Ltd.,2023-10,-0.07,Tr_losses_Oct-2023.pdf,Telangana,https://www.tgtransco.com/user_uploads/trans_losses/Tr_losses_Oct-2023.pdf
Grahati Solar,2023-10,8.71,Tr_losses_Oct-2023.pdf,Telangana,https://www.tgtransco.com/user_uploads/trans_losses/Tr_losses_Oct-2023.pdf
Hyderabad MSW Energy Solutions PVT LTD,2023-10,14.4,Tr_losses_Oct-2023.pdf,Telangana,https://www.tgtransco.com/user_uploads/trans_losses/Tr_losses_Oct-2023.pdf
Jilesh Power Pvt. Ltd (Solar),2023-10,9.21,Tr_losses_Oct-2023.pdf,Telangana,https://www.tgtransco.com/user_uploads/trans_losses/Tr_losses_Oct-2023.pdf
Kakatiya Cement & Sugar Industries Ltd.,2023-10,-0.12,Tr_losses_Oct-2023.pdf,Telangana,https://www.tgtransco.com/user_uploads/trans_losses/Tr_losses_Oct-2023.pdf
Karvy Solar Pvt. Ltd. (Sadasivapet),2023-10,3.2,Tr_losses_Oct-2023.pdf,Telangana,https://www.tgtransco.com/user_uploads/trans_losses/Tr_losses_Oct-2023.pdf
Karvy solar (Mandamarry),2023-10,8.23,Tr_losses_Oct-2023.pdf,Telangana,https://www.tgtransco.com/user_uploads/trans_losses/Tr_losses_Oct-2023.pdf
My Home Power Ltd. (NGPL),2023-10,0.0,Tr_losses_Oct-2023.pdf,Telangana,https://www.tgtransco.com/user_uploads/trans_losses/Tr_losses_Oct-2023.pdf
Mytrah Agriya Power Pvt. Ltd. (Solar),2023-10,7.29,Tr_losses_Oct-2023.pdf,Telangana,https://www.tgtransco.com/user_uploads/trans_losses/Tr_losses_Oct-2023.pdf
Mytrah Agriya Power Pvt. Ltd. (solar) (Kamareddy),2023-10,10.1,Tr_losses_Oct-2023.pdf,Telangana,https://www.tgtransco.com/user_uploads/trans_losses/Tr_losses_Oct-2023.pdf
Mytrah Vayu (Godavari) Pvt. Ltd. (Wind),2023-10,12.25,Tr_losses_Oct-2023.pdf,Telangana,https://www.tgtransco.com/user_uploads/trans_losses/Tr_losses_Oct-2023.pdf
NEO Solren Pvt. Ltd. (solar),2023-10,6.63,Tr_losses_Oct-2023.pdf,Telangana,https://www.tgtransco.com/user_uploads/trans_losses/Tr_losses_Oct-2023.pdf
NTPC Solar power plant (10MW),2023-10,1.04,Tr_losses_Oct-2023.pdf,Telangana,https://www.tgtransco.com/user_uploads/trans_losses/Tr_losses_Oct-2023.pdf
Nizam Deccan Sugars Ltd,2023-10,0.0,Tr_losses_Oct-2023.pdf,Telangana,https://www.tgtransco.com/user_uploads/trans_losses/Tr_losses_Oct-2023.pdf
Param Pujya Solar Farms Ltd. Plant-I,2023-10,9.51,Tr_losses_Oct-2023.pdf,Telangana,https://www.tgtransco.com/user_uploads/trans_losses/Tr_losses_Oct-2023.pdf
Param Pujya Solar Farms Ltd. Plant-II,2023-10,10.16,Tr_losses_Oct-2023.pdf,Telangana,https://www.tgtransco.com/user_uploads/trans_losses/Tr_losses_Oct-2023.pdf
Polepally Solar Park,2023-10,3.75,Tr_losses_Oct-2023.pdf,Telangana,https://www.tgtransco.com/user_uploads/trans_losses/Tr_losses_Oct-2023.pdf
Prathamesh solar farms Ltd.,2023-10,9.58,Tr_losses_Oct-2023.pdf,Telangana,https://www.tgtransco.com/user_uploads/trans_losses/Tr_losses_Oct-2023.pdf
RDF Power Projects Pvt. Ltd.,2023-10,0.0,Tr_losses_Oct-2023.pdf,Telangana,https://www.tgtransco.com/user_uploads/trans_losses/Tr_losses_Oct-2023.pdf
Renew Mega Solar Pvt.Ltd,2023-10,8.87,Tr_losses_Oct-2023.pdf,Telangana,https://www.tgtransco.com/user_uploads/trans_losses/Tr_losses_Oct-2023.pdf
Renew Saurshakthi Pvt. Ltd.,2023-10,5.23,Tr_losses_Oct-2023.pdf,Telangana,https://www.tgtransco.com/user_uploads/trans_losses/Tr_losses_Oct-2023.pdf
Renew Solar Energy Pvt. Ltd. 220kV,2023-10,24.93,Tr_losses_Oct-2023.pdf,Telangana,https://www.tgtransco.com/user_uploads/trans_losses/Tr_losses_Oct-2023.pdf
Renew Solar Plant (Mdk. Dist.),2023-10,4.15,Tr_losses_Oct-2023.pdf,Telangana,https://www.tgtransco.com/user_uploads/trans_losses/Tr_losses_Oct-2023.pdf
Renew Solar Pvt Ltd. (Minpur),2023-10,11.4,Tr_losses_Oct-2023.pdf,Telangana,https://www.tgtransco.com/user_uploads/trans_losses/Tr_losses_Oct-2023.pdf
Renew Wind TN2 Solar,2023-10,18.75,Tr_losses_Oct-2023.pdf,Telangana,https://www.tgtransco.com/user_uploads/trans_losses/Tr_losses_Oct-2023.pdf
Renue Akshay Solar Plant,2023-10,16.48,Tr_losses_Oct-2023.pdf,Telangana,https://www.tgtransco.com/user_uploads/trans_losses/Tr_losses_Oct-2023.pdf
SLS Power Corp. Ltd. (Minihydel) 132KV,2023-10,8.49,Tr_losses_Oct-2023.pdf,Telangana,https://www.tgtransco.com/user_uploads/trans_losses/Tr_losses_Oct-2023.pdf
SUZLON Energy Ltd.,2023-10,18.2,Tr_losses_Oct-2023.pdf,Telangana,https://www.tgtransco.com/user_uploads/trans_losses/Tr_losses_Oct-2023.pdf
Shravana Power Projects Pvt. Ltd.,2023-10,-0.02,Tr_losses_Oct-2023.pdf,Telangana,https://www.tgtransco.com/user_uploads/trans_losses/Tr_losses_Oct-2023.pdf
Sky Power Southeast Asia III Ltd (Previously Sunshakthi solar pvt.,2023-10,9.26,Tr_losses_Oct-2023.pdf,Telangana,https://www.tgtransco.com/user_uploads/trans_losses/Tr_losses_Oct-2023.pdf
Sunborne Energy Tech. (P) Ltd. (Solar),2023-10,6.12,Tr_losses_Oct-2023.pdf,Telangana,https://www.tgtransco.com/user_uploads/trans_losses/Tr_losses_Oct-2023.pdf
Sunworld Solar Power Pvt. Ltd.,2023-10,5.28,Tr_losses_Oct-2023.pdf,Telangana,https://www.tgtransco.com/user_uploads/trans_losses/Tr_losses_Oct-2023.pdf
Suprasanna Solar,2023-10,3.54,Tr_losses_Oct-2023.pdf,Telangana,https://www.tgtransco.com/user_uploads/trans_losses/Tr_losses_Oct-2023.pdf
Suraj Kiran Solar Technologies (Mdk),2023-10,9.09,Tr_losses_Oct-2023.pdf,Telangana,https://www.tgtransco.com/user_uploads/trans_losses/Tr_losses_Oct-2023.pdf
Suraj Kiran solar (Nlg),2023-10,8.78,Tr_losses_Oct-2023.pdf,Telangana,https://www.tgtransco.com/user_uploads/trans_losses/Tr_losses_Oct-2023.pdf
Suryoday Energy Pvt. Ltd. (Shapoorji Pallonji)(Solar),2023-10,6.17,Tr_losses_Oct-2023.pdf,Telangana,https://www.tgtransco.com/user_uploads/trans_losses/Tr_losses_Oct-2023.pdf
Transform Sun Energy 220kV,2023-10,16.77,Tr_losses_Oct-2023.pdf,Telangana,https://www.tgtransco.com/user_uploads/trans_losses/Tr_losses_Oct-2023.pdf
Ujjvalatejas Solaire Urja Pvt. Ltd. (Solar),2023-10,3.61,Tr_losses_Oct-2023.pdf,Telangana,https://www.tgtransco.com/user_uploads/trans_losses/Tr_losses_Oct-2023.pdf
Vena Energy Solar Pvt Ltd (Previously Energon Soleq Pvt Ltd ),2023-10,9.31,Tr_losses_Oct-2023.pdf,Telangana,https://www.tgtransco.com/user_uploads/trans_losses/Tr_losses_Oct-2023.pdf
Winsol solar (Polepally),2023-10,2.65,Tr_losses_Oct-2023.pdf,Telangana,https://www.tgtransco.com/user_uploads/trans_losses/Tr_losses_Oct-2023.pdf
Winsol solar (Tandur),2023-10,9.19,Tr_losses_Oct-2023.pdf,Telangana,https://www.tgtransco.com/user_uploads/trans_losses/Tr_losses_Oct-2023.pdf
Zuka Solar,2023-10,10.09,Tr_losses_Oct-2023.pdf,Telangana,https://www.tgtransco.com/user_uploads/trans_losses/Tr_losses_Oct-2023.pdf
TSGENCO-THERMAL 1985.30 TSSPDCL,2023-09,4850.82,Tr_losses_Sep-2023.pdf,Telangana,https://www.tgtransco.com/user_uploads/trans_losses/Tr_losses_Sep-2023.pdf
TSGENCO-HYDEL 145.10 TSNPDCL,2023-09,1747.73,Tr_losses_Sep-2023.pdf,Telangana,https://www.tgtransco.com/user_uploads/trans_losses/Tr_losses_Sep-2023.pdf
132kv Laxmi Tulasi,2023-09,0.01,Tr_losses_Sep-2023.pdf,Telangana,https://www.tgtransco.com/user_uploads/trans_losses/Tr_losses_Sep-2023.pdf
132 kV Orient Cement,2023-09,0.01,Tr_losses_Sep-2023.pdf,Telangana,https://www.tgtransco.com/user_uploads/trans_losses/Tr_losses_Sep-2023.pdf
220KV Navabharat Energy India Ltd (NBEIL)-I,2023-09,47.08,Tr_losses_Sep-2023.pdf,Telangana,https://www.tgtransco.com/user_uploads/trans_losses/Tr_losses_Sep-2023.pdf
220KV Navabharat Energy India Ltd (NBEIL)-II,2023-09,46.91,Tr_losses_Sep-2023.pdf,Telangana,https://www.tgtransco.com/user_uploads/trans_losses/Tr_losses_Sep-2023.pdf
132KV Penna Power-I,2023-09,0.0,Tr_losses_Sep-2023.pdf,Telangana,https://www.tgtransco.com/user_uploads/trans_losses/Tr_losses_Sep-2023.pdf
132KV Penna Power-II,2023-09,0.0,Tr_losses_Sep-2023.pdf,Telangana,https://www.tgtransco.com/user_uploads/trans_losses/Tr_losses_Sep-2023.pdf
132KV Deccan Cements,2023-09,0.0,Tr_losses_Sep-2023.pdf,Telangana,https://www.tgtransco.com/user_uploads/trans_losses/Tr_losses_Sep-2023.pdf
132 kV Madhucon,2023-09,0.0,Tr_losses_Sep-2023.pdf,Telangana,https://www.tgtransco.com/user_uploads/trans_losses/Tr_losses_Sep-2023.pdf
132kv SCCL 30MW Solar Plant (Manuguru),2023-09,2.8,Tr_losses_Sep-2023.pdf,Telangana,https://www.tgtransco.com/user_uploads/trans_losses/Tr_losses_Sep-2023.pdf
132kV PSR Green Power Proj. pvt. Ltd.,2023-09,0.0,Tr_losses_Sep-2023.pdf,Telangana,https://www.tgtransco.com/user_uploads/trans_losses/Tr_losses_Sep-2023.pdf
220KV RFCL,2023-09,0.02,Tr_losses_Sep-2023.pdf,Telangana,https://www.tgtransco.com/user_uploads/trans_losses/Tr_losses_Sep-2023.pdf
132 kV Kesoram,2023-09,0.0,Tr_losses_Sep-2023.pdf,Telangana,https://www.tgtransco.com/user_uploads/trans_losses/Tr_losses_Sep-2023.pdf
132 kV Sitapuram Power Limited,2023-09,0.0,Tr_losses_Sep-2023.pdf,Telangana,https://www.tgtransco.com/user_uploads/trans_losses/Tr_losses_Sep-2023.pdf
132 kV Anjaini Port Land Cement,2023-09,0.0,Tr_losses_Sep-2023.pdf,Telangana,https://www.tgtransco.com/user_uploads/trans_losses/Tr_losses_Sep-2023.pdf
132kv SCCL 37 MW Solar Plant (Sitharampatnam),2023-09,4.19,Tr_losses_Sep-2023.pdf,Telangana,https://www.tgtransco.com/user_uploads/trans_losses/Tr_losses_Sep-2023.pdf
132 kV Sitaramapatnam - BPBL,2023-09,0.02,Tr_losses_Sep-2023.pdf,Telangana,https://www.tgtransco.com/user_uploads/trans_losses/Tr_losses_Sep-2023.pdf
132kV Krishnaveni Sugars Ltd,2023-09,0.0,Tr_losses_Sep-2023.pdf,Telangana,https://www.tgtransco.com/user_uploads/trans_losses/Tr_losses_Sep-2023.pdf
132 kV My Home Industries Limited,2023-09,0.0,Tr_losses_Sep-2023.pdf,Telangana,https://www.tgtransco.com/user_uploads/trans_losses/Tr_losses_Sep-2023.pdf
132 kV ICL (Rassi Cements),2023-09,0.0,Tr_losses_Sep-2023.pdf,Telangana,https://www.tgtransco.com/user_uploads/trans_losses/Tr_losses_Sep-2023.pdf
132 kV Bharat Electronics Ltd. (solar),2023-09,1.23,Tr_losses_Sep-2023.pdf,Telangana,https://www.tgtransco.com/user_uploads/trans_losses/Tr_losses_Sep-2023.pdf
132kv SCCL Solar Power Plant (Yellandu),2023-09,3.88,Tr_losses_Sep-2023.pdf,Telangana,https://www.tgtransco.com/user_uploads/trans_losses/Tr_losses_Sep-2023.pdf
ACME Medak Solar energy Pvt. Ltd.,2023-09,5.35,Tr_losses_Sep-2023.pdf,Telangana,https://www.tgtransco.com/user_uploads/trans_losses/Tr_losses_Sep-2023.pdf
ACME Nizamabad Solar Energy Pvt. Ltd,2023-09,4.99,Tr_losses_Sep-2023.pdf,Telangana,https://www.tgtransco.com/user_uploads/trans_losses/Tr_losses_Sep-2023.pdf
ACME PV Powertech Pvt. Ltd. (Sadasivpet),2023-09,6.55,Tr_losses_Sep-2023.pdf,Telangana,https://www.tgtransco.com/user_uploads/trans_losses/Tr_losses_Sep-2023.pdf
ACME Rangareddy Solar Power,2023-09,3.39,Tr_losses_Sep-2023.pdf,Telangana,https://www.tgtransco.com/user_uploads/trans_losses/Tr_losses_Sep-2023.pdf
ACME Solar Power Tech. Pvt. Ltd. (Bhongir),2023-09,6.47,Tr_losses_Sep-2023.pdf,Telangana,https://www.tgtransco.com/user_uploads/trans_losses/Tr_losses_Sep-2023.pdf
Azure Power India Pvt. Ltd. (solar),2023-09,13.33,Tr_losses_Sep-2023.pdf,Telangana,https://www.tgtransco.com/user_uploads/trans_losses/Tr_losses_Sep-2023.pdf
Clean Hero Wind Power,2023-09,5.16,Tr_losses_Sep-2023.pdf,Telangana,https://www.tgtransco.com/user_uploads/trans_losses/Tr_losses_Sep-2023.pdf
Clean Solar Power (Chittradurga) Pvt. Ltd,2023-09,4.15,Tr_losses_Sep-2023.pdf,Telangana,https://www.tgtransco.com/user_uploads/trans_losses/Tr_losses_Sep-2023.pdf
Clean solar,2023-09,3.4,Tr_losses_Sep-2023.pdf,Telangana,https://www.tgtransco.com/user_uploads/trans_losses/Tr_losses_Sep-2023.pdf
Dayakara Solar (P) Ltd.,2023-09,4.22,Tr_losses_Sep-2023.pdf,Telangana,https://www.tgtransco.com/user_uploads/trans_losses/Tr_losses_Sep-2023.pdf
Dinakar Solar,2023-09,3.02,Tr_losses_Sep-2023.pdf,Telangana,https://www.tgtransco.com/user_uploads/trans_losses/Tr_losses_Sep-2023.pdf
Divine Solren Pvt. ltd.,2023-09,5.83,Tr_losses_Sep-2023.pdf,Telangana,https://www.tgtransco.com/user_uploads/trans_losses/Tr_losses_Sep-2023.pdf
Energon Soleq Solar (Sadasivapet),2023-09,6.47,Tr_losses_Sep-2023.pdf,Telangana,https://www.tgtransco.com/user_uploads/trans_losses/Tr_losses_Sep-2023.pdf
Enrich (Solar),2023-09,5.75,Tr_losses_Sep-2023.pdf,Telangana,https://www.tgtransco.com/user_uploads/trans_losses/Tr_losses_Sep-2023.pdf
G.S.R.Sugars Pvt Ltd,2023-09,-0.06,Tr_losses_Sep-2023.pdf,Telangana,https://www.tgtransco.com/user_uploads/trans_losses/Tr_losses_Sep-2023.pdf
Ganapathi Sugars Ltd.,2023-09,-0.06,Tr_losses_Sep-2023.pdf,Telangana,https://www.tgtransco.com/user_uploads/trans_losses/Tr_losses_Sep-2023.pdf
Grahati Solar,2023-09,7.18,Tr_losses_Sep-2023.pdf,Telangana,https://www.tgtransco.com/user_uploads/trans_losses/Tr_losses_Sep-2023.pdf
Hyderabad MSW Energy Solutions PVT LTD,2023-09,9.05,Tr_losses_Sep-2023.pdf,Telangana,https://www.tgtransco.com/user_uploads/trans_losses/Tr_losses_Sep-2023.pdf
Jilesh Power Pvt. Ltd (Solar),2023-09,6.74,Tr_losses_Sep-2023.pdf,Telangana,https://www.tgtransco.com/user_uploads/trans_losses/Tr_losses_Sep-2023.pdf
Kakatiya Cement & Sugar Industries Ltd.,2023-09,-0.12,Tr_losses_Sep-2023.pdf,Telangana,https://www.tgtransco.com/user_uploads/trans_losses/Tr_losses_Sep-2023.pdf
Karvy Solar Pvt. Ltd. (Sadasivapet),2023-09,2.1,Tr_losses_Sep-2023.pdf,Telangana,https://www.tgtransco.com/user_uploads/trans_losses/Tr_losses_Sep-2023.pdf
Karvy solar (Mandamarry),2023-09,5.21,Tr_losses_Sep-2023.pdf,Telangana,https://www.tgtransco.com/user_uploads/trans_losses/Tr_losses_Sep-2023.pdf
My Home Power Ltd. (NGPL),2023-09,0.0,Tr_losses_Sep-2023.pdf,Telangana,https://www.tgtransco.com/user_uploads/trans_losses/Tr_losses_Sep-2023.pdf
Mytrah Agriya Power Pvt. Ltd. (Solar),2023-09,6.76,Tr_losses_Sep-2023.pdf,Telangana,https://www.tgtransco.com/user_uploads/trans_losses/Tr_losses_Sep-2023.pdf
Mytrah Agriya Power Pvt. Ltd. (solar) (Kamareddy),2023-09,6.21,Tr_losses_Sep-2023.pdf,Telangana,https://www.tgtransco.com/user_uploads/trans_losses/Tr_losses_Sep-2023.pdf
Mytrah Vayu (Godavari) Pvt. Ltd. (Wind),2023-09,17.71,Tr_losses_Sep-2023.pdf,Telangana,https://www.tgtransco.com/user_uploads/trans_losses/Tr_losses_Sep-2023.pdf
NEO Solren Pvt. Ltd. (solar),2023-09,4.66,Tr_losses_Sep-2023.pdf,Telangana,https://www.tgtransco.com/user_uploads/trans_losses/Tr_losses_Sep-2023.pdf
NTPC Solar power plant (10MW),2023-09,0.5,Tr_losses_Sep-2023.pdf,Telangana,https://www.tgtransco.com/user_uploads/trans_losses/Tr_losses_Sep-2023.pdf
Nizam Deccan Sugars Ltd,2023-09,0.0,Tr_losses_Sep-2023.pdf,Telangana,https://www.tgtransco.com/user_uploads/trans_losses/Tr_losses_Sep-2023.pdf
Param Pujya Solar Farms Ltd. Plant-I,2023-09,7.5,Tr_losses_Sep-2023.pdf,Telangana,https://www.tgtransco.com/user_uploads/trans_losses/Tr_losses_Sep-2023.pdf
Param Pujya Solar Farms Ltd. Plant-II,2023-09,8.02,Tr_losses_Sep-2023.pdf,Telangana,https://www.tgtransco.com/user_uploads/trans_losses/Tr_losses_Sep-2023.pdf
Polepally Solar Park,2023-09,3.33,Tr_losses_Sep-2023.pdf,Telangana,https://www.tgtransco.com/user_uploads/trans_losses/Tr_losses_Sep-2023.pdf
Prathamesh solar farms Ltd.,2023-09,7.33,Tr_losses_Sep-2023.pdf,Telangana,https://www.tgtransco.com/user_uploads/trans_losses/Tr_losses_Sep-2023.pdf
RDF Power Projects Pvt. Ltd.,2023-09,0.0,Tr_losses_Sep-2023.pdf,Telangana,https://www.tgtransco.com/user_uploads/trans_losses/Tr_losses_Sep-2023.pdf
Renew Mega Solar Pvt.Ltd,2023-09,5.29,Tr_losses_Sep-2023.pdf,Telangana,https://www.tgtransco.com/user_uploads/trans_losses/Tr_losses_Sep-2023.pdf
Renew Saurshakthi Pvt. Ltd.,2023-09,3.41,Tr_losses_Sep-2023.pdf,Telangana,https://www.tgtransco.com/user_uploads/trans_losses/Tr_losses_Sep-2023.pdf
Renew Solar Energy Pvt. Ltd. 220kV,2023-09,14.33,Tr_losses_Sep-2023.pdf,Telangana,https://www.tgtransco.com/user_uploads/trans_losses/Tr_losses_Sep-2023.pdf
Renew Solar Plant (Mdk. Dist.),2023-09,2.84,Tr_losses_Sep-2023.pdf,Telangana,https://www.tgtransco.com/user_uploads/trans_losses/Tr_losses_Sep-2023.pdf
Renew Solar Pvt Ltd. (Minpur),2023-09,7.31,Tr_losses_Sep-2023.pdf,Telangana,https://www.tgtransco.com/user_uploads/trans_losses/Tr_losses_Sep-2023.pdf
Renew Wind TN2 Solar,2023-09,15.34,Tr_losses_Sep-2023.pdf,Telangana,https://www.tgtransco.com/user_uploads/trans_losses/Tr_losses_Sep-2023.pdf
Renue Akshay Solar Plant,2023-09,13.17,Tr_losses_Sep-2023.pdf,Telangana,https://www.tgtransco.com/user_uploads/trans_losses/Tr_losses_Sep-2023.pdf
SLS Power Corp. Ltd. (Minihydel) 132KV,2023-09,4.87,Tr_losses_Sep-2023.pdf,Telangana,https://www.tgtransco.com/user_uploads/trans_losses/Tr_losses_Sep-2023.pdf
SUZLON Energy Ltd.,2023-09,15.24,Tr_losses_Sep-2023.pdf,Telangana,https://www.tgtransco.com/user_uploads/trans_losses/Tr_losses_Sep-2023.pdf
Shravana Power Projects Pvt. Ltd.,2023-09,-0.02,Tr_losses_Sep-2023.pdf,Telangana,https://www.tgtransco.com/user_uploads/trans_losses/Tr_losses_Sep-2023.pdf
Sky Power Southeast Asia III Ltd (Previously Sunshakthi solar pvt.,2023-09,5.67,Tr_losses_Sep-2023.pdf,Telangana,https://www.tgtransco.com/user_uploads/trans_losses/Tr_losses_Sep-2023.pdf
Sunborne Energy Tech. (P) Ltd. (Solar),2023-09,5.28,Tr_losses_Sep-2023.pdf,Telangana,https://www.tgtransco.com/user_uploads/trans_losses/Tr_losses_Sep-2023.pdf
Sunworld Solar Power Pvt. Ltd.,2023-09,3.65,Tr_losses_Sep-2023.pdf,Telangana,https://www.tgtransco.com/user_uploads/trans_losses/Tr_losses_Sep-2023.pdf
Suprasanna Solar,2023-09,2.22,Tr_losses_Sep-2023.pdf,Telangana,https://www.tgtransco.com/user_uploads/trans_losses/Tr_losses_Sep-2023.pdf
Suraj Kiran Solar Technologies (Mdk),2023-09,5.96,Tr_losses_Sep-2023.pdf,Telangana,https://www.tgtransco.com/user_uploads/trans_losses/Tr_losses_Sep-2023.pdf
Suraj Kiran solar (Nlg),2023-09,7.13,Tr_losses_Sep-2023.pdf,Telangana,https://www.tgtransco.com/user_uploads/trans_losses/Tr_losses_Sep-2023.pdf
Suryoday Energy Pvt. Ltd. (Shapoorji Pallonji)(Solar),2023-09,3.72,Tr_losses_Sep-2023.pdf,Telangana,https://www.tgtransco.com/user_uploads/trans_losses/Tr_losses_Sep-2023.pdf
Transform Sun Energy 220kV,2023-09,13.3,Tr_losses_Sep-2023.pdf,Telangana,https://www.tgtransco.com/user_uploads/trans_losses/Tr_losses_Sep-2023.pdf
Ujjvalatejas Solaire Urja Pvt. Ltd. (Solar),2023-09,2.33,Tr_losses_Sep-2023.pdf,Telangana,https://www.tgtransco.com/user_uploads/trans_losses/Tr_losses_Sep-2023.pdf
Vena Energy Solar Pvt Ltd (Previously Energon Soleq Pvt Ltd ),2023-09,6.36,Tr_losses_Sep-2023.pdf,Telangana,https://www.tgtransco.com/user_uploads/trans_losses/Tr_losses_Sep-2023.pdf
Winsol solar (Polepally),2023-09,2.16,Tr_losses_Sep-2023.pdf,Telangana,https://www.tgtransco.com/user_uploads/trans_losses/Tr_losses_Sep-2023.pdf
Winsol solar (Tandur),2023-09,6.8,Tr_losses_Sep-2023.pdf,Telangana,https://www.tgtransco.com/user_uploads/trans_losses/Tr_losses_Sep-2023.pdf
Zuka Solar,2023-09,8.27,Tr_losses_Sep-2023.pdf,Telangana,https://www.tgtransco.com/user_uploads/trans_losses/Tr_losses_Sep-2023.pdf
