cluster_id,latitude,longitude,capacity_mw,constructed_before,constructed_after,country
263,27.45597037175852,72.27228930236913,9.855624869983382,50:43.7,,India
275,17.519119845040102,78.1302582,5.485040055290873,32:45.2,,India
284,17.214966672077058,77.89192373734906,13.778813150585458,32:45.2,,India
300,12.126227042844857,77.20743948389436,95.98648505054211,32:45.2,,India
312,27.47357185606627,72.38691672885768,23.01129205767101,50:43.7,,India
334,15.900028081748934,74.89197765670407,3.793324804,32:45.2,,India
391,17.92257901284416,77.82272266187589,2.667263281730184,24:06.1,21:37.5,India
394,18.49362452120654,73.50880342886539,3.271698200169841,50:43.7,,India
415,17.50045873315376,75.76857632147771,9.046399254734265,34:01.9,39:46.2,India
436,14.784688979465963,77.79131506393213,6.368676089424771,32:45.2,,India
556,21.903851901801524,72.11365401777819,72.51455796675253,52:49.6,52:52.6,India
557,17.055406176137424,78.17353186,1.3161958969424803,32:45.2,,India
558,23.03254972752247,77.06032343816126,9.265909851057824,22:17.5,,India
559,28.023357525794324,73.06543884406094,100.3500919345136,50:43.7,,India
560,22.03582174109962,70.40119861082279,3.807995695655756,02:55.3,02:56.9,India
561,11.003529063099462,78.60885166032689,24.56720301278797,25:27.5,,India
562,29.859627895123968,75.80652770223244,26.760264099101697,50:05.5,,India
564,17.605849662841198,77.94788677420661,4.476488709456148,32:45.2,,India
568,12.30403434221827,77.16103115602485,12.395677308557406,32:45.2,,India
571,18.302253865253576,78.89087731247415,26.31954441515849,32:45.2,,India
572,29.37634945758948,79.98553826510492,4.71794137,30:45.8,30:42.2,India
817,23.304553827693137,73.30924561910552,5.6736861455527965,50:43.7,,India
820,21.54412966725829,70.06595589959159,1.064686701802534,03:13.0,03:16.9,India
821,17.606650615169173,76.37717021920017,72.60183553590177,33:58.9,26:55.8,India
822,29.8887659694624,75.69067791135691,4.440755580586441,50:05.5,,India
823,29.964277105134503,75.15365995020701,2.306615692077453,50:05.5,,India
824,23.063015562217345,71.88365082942565,2.5743196854289248,52:44.0,02:40.3,India
825,17.849310681168568,76.70867291644598,2.5983050468964977,34:05.3,34:08.0,India
826,15.514089203033484,76.91460391665699,44.26710821519941,32:45.2,,India
827,27.33132970913752,81.75041626689456,18.75028875360118,21:12.0,21:15.3,India
828,23.587969516962243,86.46752389033622,5.451014860513757,01:55.8,58:53.9,India
829,14.452866646486845,77.67268429219831,24.91679067,32:45.2,,India
830,13.75108605713407,77.18250897967461,3.203962043496737,32:45.2,,India
832,9.438154138,78.17207039845212,13.078992121266143,11:14.6,,India
833,12.991130890100946,77.84013187,1.6821357941278785,25:18.9,25:19.3,India
958,14.07389830698148,76.71923745919314,12.667555370323813,32:45.2,,India
960,17.275886431277232,79.19795752317667,138.3440539632034,32:45.2,,India
983,17.207895225249775,76.77933211,39.96700197242828,33:58.9,26:55.8,India
987,26.05751525868398,79.56725928,48.39865256081407,21:43.5,31:45.0,India
1012,26.679329165667408,71.17667875712314,88.27004925062924,52:27.5,,India
1064,18.782959125696387,79.72696278152287,10.098017845621095,23:41.5,,India
1088,16.758642036861513,78.25767560565437,7.633192255929939,12:13.5,,India
1124,15.153327193508607,75.00885667,20.37230159656433,34:50.3,44:42.2,India
1125,25.342298395879983,81.19711536436078,16.712913626448216,,,India
1333,21.66241133,71.83984018855949,2.447364202737007,53:10.9,53:17.7,India
1334,22.16091193702801,72.74552590276353,14.875251117718356,52:57.7,52:57.7,India
1335,21.87427201798213,73.10819131766713,10.832981596265284,53:00.6,52:56.4,India
1336,18.766071745581808,74.49362176401657,2.664526638038508,43:53.1,43:53.2,India
1337,13.889178372236469,75.66056890702869,2.861159439162772,35:06.2,35:03.1,India
1338,16.984088407418806,75.91508961559661,11.22909806446265,34:27.7,34:22.6,India
1339,10.90064567926052,77.25381207434184,5.709088151599625,25:46.9,25:48.2,India
1340,10.953974917938234,77.65438360093762,2.197290471073828,25:46.9,25:48.2,India
1341,11.18018401084093,77.55747319833475,2.6330333807697675,25:46.9,25:48.2,India
1342,12.83087008508883,77.28943246744666,7.630155806,35:09.3,25:17.4,India
1345,9.376567961555669,77.86528434592947,11.190551885574047,26:12.5,26:10.7,India
1346,9.628165572,77.69820924779278,2.0860697687059218,26:16.0,26:17.2,India
1347,10.67372071,77.73531758498758,1.8723929189733868,26:06.6,26:01.3,India
1348,10.360442432598434,78.12547078673313,5.6786891462843085,25:58.3,25:59.8,India
1349,11.311091669799438,77.97739611,5.460311218054541,25:42.6,25:43.9,India
1350,11.26451476480941,78.05467296469831,5.682563448261852,25:45.0,25:42.6,India
1351,11.14216923141687,78.22436880648436,4.3596940011917065,25:45.0,25:42.6,India
1352,10.00519327130003,78.79985191269938,3.926645315,16:00.0,26:01.0,India
1353,10.558905024970642,78.64723765736727,3.077210436,25:57.1,26:03.7,India
1354,10.814077813934649,78.39573207903365,2.3637118096853738,25:58.3,25:59.8,India
1355,11.134532606430303,78.43606833748511,18.07096710088512,25:43.0,25:27.5,India
1356,12.234685514939226,78.78180409320383,3.981477057628726,25:28.4,25:28.4,India
1357,11.360389664701422,78.69980402694812,3.2076327723262907,25:48.7,25:45.9,India
1359,30.265960774954664,78.4665519,4.205541024203308,30:34.7,40:32.4,India
1360,27.99593093852049,79.94359264857856,8.595801081845453,31:14.8,31:15.9,India
1496,16.232629602505583,75.04695743028594,1.7188004073318153,34:35.1,39:46.2,India
1513,16.47040165294186,77.91151445648549,43.03123789134179,32:45.2,,India
1754,26.784978644556404,71.38163687412047,361.3885831873152,01:42.8,01:44.5,India
1758,16.928456913682083,79.47616862141282,4.753335766952582,11:14.6,,India
1848,19.51281731,76.04654823,40.992902395345176,43:28.1,33:37.8,India
1849,21.880477059920164,72.67555556551385,2.282235240371313,52:57.7,52:57.7,India
1879,17.479014179160156,78.91472298931025,11.069252556908804,23:59.6,14:04.9,India
1916,9.049477974,77.97460453195681,97.13009230442346,26:12.5,26:10.7,India
1921,10.441795675926794,78.04920964,13.627037647682595,25:58.3,25:59.8,India
1932,27.544527721112715,95.5230614,2.599059691648346,20:55.5,30:42.2,India
1940,14.995318679073812,76.11064365502675,8.858527833,32:45.2,,India
1973,13.622973233380645,79.50007864283037,5.282864147025642,24:55.9,15:05.0,India
1984,10.492138663404988,77.95246212,4.951508205241635,25:58.3,25:59.8,India
1995,20.53030467270435,85.72848335928785,3.076864907948882,03:01.8,03:03.6,India
2020,20.40623472606312,73.82765107204303,4.594696560059158,43:27.2,43:26.5,India
2040,29.90667803884649,78.74398419894011,30.052385525654014,30:31.0,40:34.6,India
2104,13.747337734791683,76.39254153746823,14.089563267736228,34:57.0,28:56.3,India
2115,14.36486467808652,76.76306676128287,6.071211677260909,32:45.2,,India
2124,9.525828780322785,77.78408579463976,2.265885092099614,26:16.0,26:17.2,India
2125,20.46810636660652,77.77713273804116,78.81698045713557,33:17.4,33:14.0,India
2126,19.44351917955275,77.89093638151283,42.58588793782629,33:37.7,33:34.1,India
2127,24.17490078246304,78.19444298064938,2.019320342496944,32:17.2,32:13.4,India
2137,17.50422361197208,75.8312144,2.30056178,32:45.2,,India
2243,9.531416420257722,78.45118588241594,2.773519777608867,16:22.4,26:13.9,India
2245,21.60737591322301,82.04772486783536,10.815260932554438,22:53.3,22:50.3,India
2275,27.983263509523216,73.0705489,6.191797631723889,51:21.7,51:19.5,India
2279,19.78905182445283,77.25922429708167,9.463243711,33:32.5,33:34.8,India
2293,15.787467865518972,75.75577864323151,22.81835302859117,34:31.1,28:48.4,India
2307,22.634719209889663,86.01603830462996,2.901055449610259,59:30.8,,India
2330,30.498410525306507,77.78665786270214,9.411075455,32:56.4,,India
2369,12.87064957,77.29516336277955,8.518865822374698,25:12.4,17:46.1,India
2373,26.525049595817503,71.52131806,1.4595983726745214,52:27.5,,India
2376,26.81701992912369,94.55669482107172,46.92613150259916,,,India
2395,13.73523845555565,78.08490122193471,4.963795385823342,12:13.5,,India
2417,27.17747980035277,71.83706186686177,228.3826375054634,01:24.9,01:21.4,India
2499,28.232896726607645,73.01632815791734,165.74143491370657,51:13.9,01:16.6,India
2534,27.64374440898053,72.57892942,391.65233781270217,51:29.4,01:21.9,India
2552,27.51157861559268,81.52596829856837,12.190661261147264,21:10.0,18:20.8,India
2570,27.33354939266333,72.23371123166058,228.5031473053561,51:29.4,01:21.9,India
2580,20.843201559400487,74.75437829248335,1.5429587343407891,52:56.3,39:46.2,India
2611,9.053320801972356,77.55397623421382,14.22475002421573,26:19.6,26:16.0,India
2625,9.337042573735726,78.38811933269163,333.5764030849888,11:14.6,,India
2631,13.762344842942433,78.10551638417185,26.062317194979588,12:13.5,,India
2639,13.55415054077076,77.36086054,16.226029947573853,32:45.2,,India
2642,21.097286877595863,79.56072391,4.010442971112954,22:17.5,,India
2696,23.73697500451273,76.10859201,64.06181756,32:26.6,32:29.6,India
2700,28.169719663164766,73.00631200917796,227.5269505,51:19.1,51:20.8,India
2704,25.27252952329017,81.20726110481601,37.05212564331232,,,India
2708,14.99081097676848,75.31636487598239,15.285445625452557,44:37.8,34:52.8,India
2723,27.979148141474248,73.03683359038689,32.300862750435606,50:43.7,,India
2743,25.062219107490183,82.29542777146114,30.193491033889064,21:50.0,06:11.4,India
2818,21.05002531334636,80.83022158045397,26.63057510010821,,,India
2841,23.37881750228598,71.65785147145576,29.69303203710954,50:43.7,,India
2867,18.71279491682079,73.64308612355899,7.690897369722417,50:43.7,,India
2916,9.415667358880798,78.24758398384614,19.93682923347935,11:14.6,,India
2948,17.010431084677645,81.81528465547528,1.340680726255745,11:14.6,,India
3039,8.606846071,76.87555808701208,2.0013792226531786,32:45.2,,India
3065,29.81127125933649,75.37262555669938,18.926509367986853,,,India
3068,18.27907316719052,78.46926205323476,22.608451735570004,32:45.2,,India
3081,28.72834304597636,77.18900184423656,0.9763636602839064,31:01.1,30:29.5,India
3208,22.93146011,69.70258699178139,1.2131381609950866,05:14.8,,India
3302,14.130948852288585,76.69522888,11.50126409,32:45.2,,India
3342,16.520935205622692,80.78871269303828,1.3362287552219296,24:04.6,14:12.5,India
3382,25.88884982,74.63536943303697,8.04158047,51:49.3,50:40.8,India
3486,12.877267715328747,78.38199573,21.18822455212793,12:13.5,,India
3510,9.805128998154876,77.95088487160112,0.831101018,11:14.6,,India
3513,22.35233108349541,73.32583802491818,17.834953860891634,50:43.7,,India
3605,25.29879554515937,81.21879733952628,55.19000950298189,21:39.7,21:44.3,India
3652,15.49104846096319,75.70458081887585,3.5574107242540305,32:45.2,,India
3744,30.155951149485205,74.69006816348308,48.21583316822995,42:29.5,,India
3773,26.05454159934221,77.32936667270529,58.145097,31:44.5,31:15.5,India
3854,23.25973314067765,70.00846359338058,9.624403083,12:38.6,01:03.9,India
3873,23.39550058231104,71.63948983296385,6.855352766349158,50:43.7,,India
3911,29.08489752613047,79.28251005795096,10.93467562318531,22:16.5,,India
3920,22.040143345984816,70.41005986564547,8.992886162426926,02:59.6,03:00.9,India
3922,27.38580360958944,72.31363893847622,46.78816950162337,50:43.7,,India
3932,13.68749515975905,77.44908983748742,28.924298355186465,25:02.4,28:48.4,India
3951,27.925297436196203,72.89018395106277,6.418381440187067,50:43.7,,India
3956,16.44968034632637,77.87197645913895,147.85916680154665,32:45.2,,India
3958,17.93095934951478,75.93464302106821,12.35245354,44:03.9,44:06.8,India
3965,23.509488180477923,76.15679067663947,19.116128928040467,22:17.5,,India
4074,27.416225408256366,72.16301333225375,122.03914573066794,50:43.7,,India
4084,16.456839931351517,75.94913240399482,21.419578082074057,32:45.2,,India
4110,28.24966385595262,73.24533758804166,863.4182058528124,51:11.8,51:12.8,India
4179,17.343912366665386,77.62012114086214,45.141808939929575,24:06.1,21:37.5,India
4186,10.792479900329996,78.30905014186632,15.641194103009408,16:06.3,26:08.0,India
4214,18.23589850346196,78.67906467148934,42.430555952554045,32:45.2,,India
4234,25.36383355012964,78.30852286575535,56.5517198,31:41.6,23:29.9,India
4239,21.168160765606643,72.68686844717674,48.15097225395303,53:15.5,53:13.9,India
4259,11.210050744839192,77.32919000967878,3.373211133539325,12:13.5,,India
4274,18.17867972445963,75.94825168396245,50.28425597468388,43:39.0,33:53.2,India
4280,22.73745656324577,71.91155572952466,31.95845909336157,52:44.0,02:40.3,India
4297,18.478753766185594,75.69274419858496,12.323976809820882,32:45.2,,India
4314,17.966373064500182,75.96638374133026,27.98986968263965,44:03.9,44:06.8,India
4319,25.844660535121022,74.75550746519642,21.41890424750652,51:49.3,50:40.8,India
4320,10.075670415290302,76.32788257409581,5.0746949401077535,32:45.2,,India
4327,16.52766104666446,77.90169423589877,72.37896026155194,24:23.4,34:18.8,India
4346,23.04463272125545,77.04696234150758,9.130963905910903,22:17.5,,India
4352,20.52931556542684,83.46963728248814,18.21916035908752,03:04.4,03:34.8,India
4393,17.945734570659095,75.99877754281461,30.957692755711243,44:03.9,44:06.8,India
4401,15.027809147544875,75.19471060968986,11.715393751594132,34:45.5,32:23.9,India
4434,22.96523615502044,73.22061595905676,41.40774603859464,52:36.5,50:40.8,India
4473,16.801919890317357,78.88642850165331,28.168045528327685,12:13.5,,India
4492,21.236469134428297,74.43885518670562,14.257282186215386,43:05.3,43:08.8,India
4542,28.13695083734484,72.96685983419196,11.098041802668854,50:43.7,,India
4569,10.157077192487352,76.38478460064233,25.46411062804228,32:45.2,,India
4621,21.741992512018083,70.10200955428718,52.30695568433419,52:29.5,,India
4676,15.969159322481516,76.07576097115192,38.321638847856086,34:28.3,28:56.3,India
4678,17.311437324233047,79.85534121,4.400683720093123,23:53.8,23:53.4,India
4715,21.07396196067529,74.38577686,87.92168500037572,50:43.7,,India
4722,23.53807496899821,76.12186022794653,31.943938402728683,22:17.5,,India
4761,26.823935112773984,71.50603787,170.2847471629232,01:45.4,01:43.8,India
4765,18.18304711,77.41583791705212,57.00130961024344,32:45.2,,India
4793,15.561924004756928,76.03618246518741,65.74808909721364,32:45.2,,India
4817,23.51206699223444,76.12567538850088,21.803848759995905,22:17.5,,India
4823,14.144191468953409,76.68474612350028,95.43182766352916,32:45.2,,India
4867,27.477007630620008,71.98425413671173,888.4748409,01:22.8,00:33.9,India
4915,28.006117617752672,72.97563862659679,128.4074023527254,01:27.3,01:25.6,India
4949,14.22329280057322,75.55809253833046,19.25416493827579,32:45.2,,India
4980,26.53030587178039,71.57802898686863,160.27087669365423,01:42.8,01:44.5,India
4995,23.18866392540479,79.96955172856727,11.847262306770562,22:29.3,19:31.3,India
5001,8.879808968987144,77.85119107701833,44.45538998922804,16:31.1,26:27.0,India
5005,17.79397897560709,77.01648213657279,50.87511796248984,32:45.2,,India
5022,27.442052940811944,72.42103384091085,189.1395041590416,51:29.4,01:21.9,India
5042,26.79703928721792,71.49302708232057,60.067926062085725,01:45.4,01:43.8,India
5051,17.700422042580943,77.80461659001818,43.92679590256421,32:45.2,,India
5054,17.285109327053142,79.14697412702644,19.083808552085817,32:45.2,,India
5069,21.050371908480912,74.29864032589145,77.79750671646278,50:43.7,,India
5081,23.979334535393683,76.73256125891152,24.690635320173527,22:17.5,,India
5090,11.38585457889814,77.20760322680958,10.347466343808868,12:13.5,,India
5124,14.3711407,76.58366754086302,144.6714769281981,32:45.2,,India
5130,15.672600040437066,78.26625929,699.3163611667543,32:45.2,,India
5136,26.679310070479044,71.53318530513205,161.4912025821087,01:45.4,01:43.8,India
5143,27.384138501187334,72.20698680626312,477.8848831313996,51:27.9,01:24.6,India
5144,17.55649605249145,74.82356536078505,126.37358452429984,41:42.1,,India
5149,29.047242727258343,79.21906768507105,26.188311490212943,22:16.5,,India
5157,26.890547709377497,71.51908808850526,813.5001207199132,01:45.4,01:43.8,India
5201,20.64561045271975,76.67403164976012,91.95682706945054,33:17.4,33:22.9,India
5207,27.62804207,72.69287986731732,386.2505565381325,01:27.3,01:25.6,India
5244,27.39719921,72.02763332174048,352.4074883710023,01:28.1,01:29.9,India
5256,22.725886498231365,71.43597900990709,62.302196341322464,52:43.3,01:03.9,India
8613,18.482706925123257,74.21352327539022,1.8263001943889128,41:42.1,,India
8951,28.96869420090231,77.14460020671285,2.8508185986824897,50:42.5,30:44.9,India
9046,29.697973821710622,75.91836908521135,1.2980836027983882,50:43.7,,India
9051,25.071052472592324,82.20956794,44.05828774157448,11:14.6,,India
9089,23.984239264168654,76.02258475157156,15.496971006171693,32:19.0,42:13.9,India
9240,17.691855447088347,78.26528218111144,17.48374685450481,32:45.2,,India
9301,14.806330489028714,76.12653215103056,4.088559545907057,32:45.2,,India
9308,20.624625961844,86.01291760443704,7.666717083072167,59:30.8,,India
9344,21.538270446578423,81.25158974697905,61.13996507727228,11:14.6,,India
9450,25.12658985696352,74.61200809,5.189453867168156,50:43.7,,India
9462,29.62375304,77.99889874,5.810252253,22:17.5,,India
9489,28.370835719426108,73.53151983791977,14.892245973734138,,,India
9542,25.41399117277812,79.43882527345045,31.603615351352893,22:17.5,,India
9593,27.92494689543496,78.07104896196302,3.504505373,22:17.5,,India
9597,27.80317879271423,79.28016848987681,28.66505457977872,31:08.7,26:00.8,India
9601,18.13277721668036,73.94727813216335,0.6548579237755997,53:47.4,42:12.0,India
9631,16.613183974489452,74.37039403262786,4.2630947387833125,44:18.4,42:08.4,India
9671,22.60343529272485,73.26151369055692,1.2635143103737092,50:43.7,,India
9685,26.231099335617778,91.68267640593568,0.8252908430680364,,,India
9686,14.55697797159536,76.46678604773253,95.03828872721203,34:47.7,34:45.6,India
9730,13.829701612228977,77.35751541019403,3.2070373293879046,32:45.2,,India
9919,22.40839850681922,68.99296234036953,21.51829790556613,05:14.8,,India
9958,22.071449867593017,73.35627336856689,2.257868461715001,50:43.7,,India
10140,14.261733505263871,77.43253881527853,1158.2580521469272,,,India
10250,17.217792072729058,75.94460167580569,1.3481635304499564,32:45.2,,India
10384,17.671965979585817,77.21446636424301,3.608206326562072,32:45.2,,India
10460,23.927400403456847,76.04059628248567,151.43585446219032,22:17.5,32:29.6,India
10464,18.839342753275464,74.81193951011738,1.0007285384769864,41:42.1,,India
10486,20.13436844457048,72.98481392068386,3.151694701069748,50:43.7,,India
10505,12.340299697407833,75.14948089601019,51.89476347681661,32:45.2,,India
10513,20.130836259467863,78.63668803631587,0.9603888408055756,32:45.2,,India
10712,27.858956398226024,72.84079416875211,10.422207107869454,50:43.7,,India
10716,29.9547325862912,77.78805612700535,2.741467575142792,32:56.4,,India
10866,12.988016829797973,79.29404819377974,6.109054003759987,11:14.6,,India
10881,21.59967764,69.84376964388228,55.43103163319112,05:14.8,,India
10888,25.835139325981206,79.65277807043057,6.942175536988705,22:17.5,,India
10896,17.555699311520147,74.35344281371808,14.592638684496476,41:42.1,,India
10925,16.52990390052873,79.82576416169887,1.5351519615083078,11:14.6,,India
11021,10.883322624306292,78.34795878662473,52.506512928724526,25:27.5,,India
11188,30.51626616018589,76.25125580567777,3.6545248484933817,50:05.5,,India
11234,21.894479909930723,72.90394519290724,84.17149320791461,50:43.7,,India
11263,15.392209855891537,75.53590247776877,108.22425338635512,34:31.1,28:48.4,India
11280,24.487511078028227,78.69484065818646,10.602958759723116,22:17.5,,India
11352,26.183113564671483,81.00650278029619,3.629076989068506,22:17.5,,India
11356,26.891012228838605,79.83094077,0.5963755859144764,22:17.5,,India
11370,17.704195799251764,78.67409555077087,3.447858957845336,32:45.2,,India
11379,26.646771568598663,79.48511064230527,1.2451201265278538,22:17.5,,India
11400,22.58874884107718,77.83437384126535,11.65825817853854,22:17.5,,India
11423,16.389061808937562,77.26337583453133,4.556345557647132,32:45.2,,India
11427,16.38411638479485,77.27022368928779,17.15473689447106,32:45.2,,India
11473,23.289246883076228,77.35476490977074,1.660232614472531,22:17.5,,India
11496,15.07079824466324,75.45124592069097,2.773913811183826,32:45.2,,India
11501,16.796657039914752,76.18062141,5.435400341658932,32:45.2,,India
11504,17.718079963766108,78.99494555827629,21.926513314311183,32:45.2,,India
11513,17.612631753751383,77.57051335494506,4.092560173453057,32:45.2,,India
11527,16.518222090130212,75.83104871124773,1.2177427103055518,32:45.2,,India
11557,16.920850712495177,75.50218634393323,16.47942421741219,32:45.2,,India
11581,30.74981533,76.72882817703592,2.570485379742093,42:29.5,,India
11679,17.66899193050838,79.03050883100269,6.995243095068616,32:45.2,,India
11690,17.909503642976375,77.36899830229342,6.950524886084288,32:45.2,,India
11706,16.60631470323502,75.57034432441503,1.8741949395848108,32:45.2,,India
11725,13.726991923351902,77.56164586480469,18.15100172091229,32:45.2,,India
11889,15.86189910091517,74.90972079,3.8336952692599406,34:35.1,39:46.2,India
12038,13.121478704545265,78.34387534424873,2.6661654942101367,12:13.5,,India
12071,16.56230260066059,77.06963024160126,25.24669429533145,32:45.2,,India
12155,28.57716886267886,77.21702197472065,0.9597632443368768,22:17.5,,India
12160,30.03570339163346,73.90538692815161,24.89409331505429,42:29.5,,India
12204,16.462955084579036,79.92457572883752,1.833832720117946,,,India
12214,31.94620183467343,74.91826552298673,2.9712780776286976,42:29.5,,India
12238,25.55885817864181,80.33147241152676,30.920087103529674,22:17.5,,India
12257,15.472965088218729,75.63602104277174,4.294963157332862,32:45.2,,India
12266,17.229334650469223,78.91555962121141,1.0966232514438752,32:45.2,,India
12271,26.35574045682239,78.27160160209944,1.0573479555114689,22:17.5,,India
12391,18.21968413229141,78.30326202910891,22.52616050252832,32:45.2,,India
12454,12.893425631163293,78.16564160271508,4.007584836083034,12:13.5,,India
12464,14.341475044432348,76.39856292,3.099084530715252,32:45.2,,India
12478,23.224051291971968,73.37773492529591,37.14197478358189,52:36.5,50:40.8,India
12496,10.977067330909168,77.66061396602639,8.575279916130107,12:13.5,,India
12505,31.60276579193598,76.70316713053398,5.064055665543624,50:15.6,35:20.2,India
12509,16.520293664664575,76.81140554455742,10.540933857129856,32:45.2,,India
12577,17.50712364751393,79.56113588639951,49.767994824033934,23:41.5,,India
12595,10.897811383907898,77.92099472304653,7.096849088146898,25:27.5,,India
12597,23.55938150547997,73.28580739,7.258403571013934,50:43.7,,India
12607,27.906579080887884,72.95323106351508,6.496399684247503,50:43.7,,India
12612,21.31247566294038,78.60368410543326,45.51414846800098,32:45.2,,India
12633,28.100185096899224,75.99945198258165,1.4286756695516778,50:43.7,,India
12660,13.94408872417852,77.51824160124063,11.409475872191567,32:45.2,,India
12665,16.637601559379295,78.77965140966108,22.82904007893579,12:13.5,,India
12680,24.84865371431188,85.51226070464776,5.640437810911947,07:59.4,,India
12684,22.03559948,84.26990315,1.9110485017067216,59:30.8,,India
12711,19.614045304291302,73.92800018603212,63.25906278177145,41:42.1,,India
12713,20.388004019435936,83.29683923742014,8.115363859473975,59:30.8,,India
12735,21.54000645,84.95342618190578,1.4516389264865208,59:30.8,,India
12753,27.519619462044915,71.93032898645524,26.272665333209336,52:27.5,,India
12824,26.57996073698316,73.07191015239773,7.119331850537596,50:43.7,,India
12852,27.39567223366265,72.15387273828568,9.373762897940871,50:43.7,,India
12870,13.595360069592129,80.02375010074032,1.5621103327307206,11:14.6,,India
12913,31.249684716566737,75.48245611810331,1.2904909706727292,50:19.2,,India
12991,14.195430569398066,75.57690746,2.3323540541250947,32:45.2,,India
13024,18.225483244053965,78.9976347,23.79417583062494,32:45.2,,India
13049,29.82098204896437,78.15826699039577,12.590574710317368,32:56.4,,India
13154,16.730684113302214,78.48858795652718,50.73318991979109,12:13.5,,India
13167,19.99366989978231,73.72211454824752,6.318464593774586,50:43.7,,India
13210,28.44003011,75.94421076386105,1.195243312,50:43.7,,India
13227,14.306961000374343,77.22200854655667,2.990311937,32:45.2,,India
13345,31.961944438883005,74.95614496558629,2.303600333364752,42:29.5,,India
13368,17.555264083861374,79.52216955,13.73939571436551,23:41.5,,India
13395,8.845767897153229,78.08369428049467,1.4195917651209229,12:13.5,,India
13439,17.483189837314587,78.15498478205744,5.239818045,32:45.2,,India
13445,17.980205411561645,78.41581102732991,3.255418189249556,32:45.2,,India
13460,21.42349991788825,81.91752763099774,3.008486041802976,11:14.6,,India
13505,18.316085261276296,74.56767685667644,24.778584989330685,41:42.1,,India
13510,9.469648515,78.15280907826833,5.447293724131311,11:14.6,,India
13518,21.15890816860356,81.80018405775745,1.4388235476831115,11:14.6,,India
13523,21.52515968706244,81.20169547126005,53.42212928525554,11:14.6,,India
13549,21.12065978598884,82.48167325082063,35.16852842737676,11:14.6,,India
13550,21.32042537045639,83.03806811114313,3.1710535073918105,59:30.8,,India
13552,21.54203212792159,81.89206476560669,1.8312976560624583,11:14.6,,India
13553,21.52134220708285,81.27378110883231,30.83241981413127,11:14.6,,India
13556,25.9066461,79.91784860202887,17.762099481956334,22:17.5,,India
13560,17.616840910399514,73.47957080786074,1.0271598254339505,50:43.7,,India
13563,29.875620761203944,77.73615328418217,39.24800105369896,32:56.4,,India
13565,28.44722955859316,77.53751981016586,4.884236956017064,,,India
13566,23.74850544056417,75.64031186129353,28.15484383430116,41:42.1,,India
13567,24.58427441611367,80.85959826686772,3.544281979962341,22:17.5,,India
13568,27.38639921240273,77.80747845072014,6.868235721728883,22:17.5,,India
13569,23.17207915053575,79.98137570566956,10.67129424655451,22:29.3,19:31.3,India
13570,23.84893551048653,75.79933293642144,64.67991424457558,41:42.1,,India
13587,26.09768427545489,79.60567477083062,43.91579116894639,22:17.5,,India
13588,25.319220274185977,79.81228288524338,18.474224544999885,22:17.5,,India
13589,24.490210218191653,78.66644872900666,28.23256004825044,22:17.5,,India
13590,24.768996760920444,78.44528657107772,21.560538,22:17.5,,India
13593,25.450400141662595,79.71070405452427,47.24506249286983,22:17.5,,India
13594,25.10053218339798,82.36005345929934,63.06416191659952,11:14.6,,India
13595,23.67649222650494,71.56199454,8.549273645013555,52:31.5,02:30.0,India
13598,23.374512028522144,76.10067326183889,58.75582253938946,22:17.5,,India
13599,24.089489091612368,75.79854832650855,195.62809017649656,41:42.1,,India
13600,24.06832125769391,76.58829518892965,29.476841430966413,22:17.5,,India
13601,23.204839190973978,76.75268825494219,5.5037403980021065,22:17.5,,India
13602,22.334485023795462,74.70744183059495,24.31405036188774,50:43.7,,India
13606,19.088017858056816,82.17395113146591,9.347501614791108,,,India
13607,25.79249483905471,80.13081221891993,7.827739542263747,22:17.5,,India
13608,27.606990382036287,79.68867501,47.28215551,22:03.5,,India
13609,25.311992347396835,79.40935955803813,47.46259807883318,22:17.5,,India
13610,25.35242802705584,79.76914566827195,25.11922453750969,22:17.5,,India
13615,24.996021104932524,82.17842318,31.67458698323625,21:50.0,06:11.4,India
13617,25.849360029805563,79.42977862588124,47.91879925844041,22:17.5,,India
13618,25.888987765202337,81.31409449276137,10.560645225478696,14:59.0,,India
13619,25.711647804427304,79.35894869425425,20.598908944121355,22:17.5,,India
13620,25.459269090023703,79.46502872164821,28.44366510569587,22:17.5,,India
13621,28.57863103453345,77.63164795742385,5.824346540979896,22:17.5,,India
13622,24.68864299280312,75.12988118806403,93.44865863285423,50:43.7,,India
13623,23.311894137167737,76.34751905861384,16.828019508731934,22:17.5,,India
13624,24.57364826420397,84.85164072775757,13.55993344090362,11:14.6,,India
13625,24.48614445361428,84.83731746,14.383061954404186,11:14.6,,India
13626,24.83364637569424,85.52837625129135,13.509368439826472,07:59.4,,India
13628,24.812311613063645,86.99102590404868,5.794554465619242,,,India
13629,20.98070698633158,83.07849610390217,37.504245295321226,02:50.4,07:06.2,India
13630,24.79208676586784,78.40941967,11.273771350961526,22:17.5,,India
13632,16.82778541119951,78.51768967,1.5220018513045794,12:13.5,,India
13633,29.75209542818498,77.82441889543895,20.821328817013168,22:17.5,,India
13634,23.82723563418356,75.89913207985664,26.901375713482302,41:42.1,,India
13636,23.02941769,77.04091070930684,9.476231940559188,22:17.5,,India
13637,23.701481505391627,75.92486534745522,29.79565014648923,41:42.1,,India
13638,23.82821259736077,77.89773235934057,22.265051215453347,22:17.5,,India
13640,23.458322001439058,76.11787983,16.260092779825253,22:17.5,,India
13641,23.92907990621257,76.12110675,16.607135580413924,22:17.5,,India
13642,23.884391297665616,75.89809361350154,44.40076463355258,41:42.1,,India
13643,24.051130966198883,75.34584777983154,58.07463403508578,41:42.1,,India
13646,24.50984124753171,77.62860823660384,65.95528729,22:17.5,,India
13649,23.69572422,75.52800832,27.79409580344736,41:42.1,,India
13650,20.78294855650405,83.89139839946087,27.594141155572487,59:30.8,,India
13651,27.26631693743253,84.49569297531511,5.237109891395832,10:42.6,,India
13652,25.42578059244761,86.04965116575251,0.7814156547035191,02:13.5,,India
13653,24.597430544318648,84.68695366,21.752497233369425,11:14.6,,India
13655,20.73101022171652,83.45397265842621,8.620252914923986,,,India
13656,21.502028331116204,83.90605818983896,2.793032570778254,59:30.8,,India
13658,27.42744253117389,72.38931275917892,4.900241102206067,50:43.7,,India
13660,27.35949154175537,71.96224460616244,22.86978754785536,52:27.5,,India
13661,25.37237168588389,81.87195141335829,5.627706749,14:59.0,,India
13662,28.437233262814733,77.52612138063228,1.7401144730968436,22:17.5,,India
13663,28.22832962186913,79.24271391462628,0.5732544026542645,,,India
13665,21.84973126904352,76.11314723152577,99.92885099,22:17.5,,India
13671,24.560454764326312,80.95191361572874,1.0312533984521677,22:17.5,,India
13672,24.25006249104878,78.17555619014215,4.002089585512016,22:17.5,,India
13675,27.131893562440627,79.27623968,5.143046906348428,31:08.7,26:00.8,India
13677,23.09709504165093,77.53133475289577,1.7939839757316616,32:28.3,21:30.9,India
13678,24.80863926983124,86.85160583999226,30.37920024,42:01.5,,India
13680,20.55357828388249,83.37210445738688,25.42394949921167,59:30.8,,India
13681,27.512531756969626,72.42174824841817,402.2083194387182,51:29.4,01:21.9,India
13682,26.609494396108783,73.69272515219434,5.272247727289863,01:23.9,50:40.8,India
13684,11.610983782160474,92.71042028730068,6.089548136,,,India
13685,25.66237390853876,74.60099165416025,2.2737360470861967,50:43.7,,India
13686,26.74382791423904,72.98338320984894,7.390263007393729,50:43.7,,India
13687,28.09161468327209,76.00075322022633,1.3684553492246727,50:43.7,,India
13689,26.87224430908132,71.90732430631843,9.775813924111583,52:27.5,,India
13690,26.97079699601445,73.39247416548346,7.323736478517581,50:43.7,,India
13691,27.449763184943976,72.34252187759925,31.648969501639947,50:43.7,,India
13692,26.733041962566865,73.20145375573937,107.11372224099568,50:43.7,,India
13693,25.65050188422481,74.87079489087371,14.984131284644423,50:43.7,,India
13694,24.954404225585137,74.13253654255966,5.872551073664203,,,India
13695,25.337125073426567,73.22013655038334,33.20003848,42:26.5,,India
13697,19.325873971425946,83.43419453,4.460490263428396,59:30.8,,India
13701,27.486516352822274,72.09789822553377,20.14176848953095,52:27.5,,India
13702,20.96677216924576,86.02325459857298,12.195796445993793,59:30.8,,India
13705,25.859595563692995,74.65666168537697,10.075622921825548,50:43.7,,India
13707,27.36137276453781,72.13913878840914,212.71500727240456,51:27.2,00:33.9,India
13711,28.125228510980733,72.97696263,8.215055298526002,50:43.7,,India
13712,27.89974453,72.94132075,58.13375655304421,50:43.7,,India
13713,27.97238119395471,73.06347737275325,2.335334553769024,50:43.7,,India
13714,27.962720612077693,72.99517235373072,24.82823014604832,50:43.7,,India
13715,15.898159456403247,76.56590511849652,63.65932441952789,32:45.2,,India
13717,23.03882331868368,77.03992031456937,4.369292108549302,22:17.5,,India
13719,27.466156454480668,72.28276530011297,51.289146068424905,50:43.7,,India
13720,27.43993725430767,72.32436119685676,31.65899095964115,50:43.7,,India
13721,25.205503452238364,74.60800534883691,3.3535885351862955,50:43.7,,India
13722,24.40557779462584,75.82180061268136,3.175586757706649,50:43.7,,India
13723,26.52219650093474,72.85777145023627,27.12682444404821,50:43.7,,India
13724,26.653333892472112,72.53775627981915,1.3663059390648749,,,India
13725,27.47967273653116,72.30966438884634,37.42722867140335,50:43.7,,India
13728,24.7164675526786,84.70406824029936,20.61237486445102,11:14.6,,India
13736,26.787160278607967,72.93823790641977,10.425301613581253,50:43.7,,India
13741,27.34880909373828,71.99427512139141,20.532459377819936,52:27.5,,India
13742,25.42185106477455,75.05364752569133,2.3515800942395413,,,India
13743,26.83436289156356,71.81507785993165,64.21564489245505,52:27.5,,India
13744,27.32306854532337,71.99393374,30.01142860230067,52:27.5,,India
13745,26.98230701272869,72.25886370574311,17.083914560944798,50:43.7,,India
13746,24.60052133012829,73.82089621330675,10.559354696004991,50:43.7,,India
13748,21.14441745,79.27222026954992,1.7684194288066764,22:17.5,,India
13749,17.538398825381666,75.43147695097477,23.43208242406559,32:45.2,,India
13750,21.032305136598897,75.97848776944653,9.359884543,43:02.5,39:46.2,India
13751,16.983995277989568,75.60479723052052,53.22449977750513,32:45.2,,India
13755,21.094702028766733,74.43533132724932,78.03870692584363,50:43.7,,India
13756,28.211312019969427,76.85784276822633,0.7609349134664598,50:43.7,,India
13758,27.949987278847622,72.98761152260867,61.74585308939796,50:43.7,,India
13759,28.181928439361123,73.23873087827346,16.714291195342945,50:43.7,,India
13760,28.111677870809736,76.81733543422442,16.55010274987338,41:06.5,41:06.1,India
13761,25.23861457194475,74.62588542970342,3.0020749192112035,50:43.7,,India
13762,26.65482168375157,75.66135595191886,0.7330306326240523,50:43.7,,India
13763,27.20958855987488,74.25402021867897,62.386744432722296,50:43.7,,India
13764,27.963329887041656,76.39004347677584,6.309080343417016,33:52.6,,India
13765,27.91398322541905,72.89520752381874,6.956111360984854,50:43.7,,India
13766,17.66789958459923,77.79153240216031,8.067122669834975,32:45.2,,India
13767,21.13309764687344,79.27278644929085,2.1721745343920547,22:17.5,,India
13768,21.026660553142143,75.99293844030949,36.21040358562544,43:02.5,39:46.2,India
13769,20.92900300174664,75.56485802542731,9.449554508810508,41:42.1,,India
13770,18.96405208782206,76.21341917149098,57.57438305628629,32:45.2,,India
13772,17.800833850501007,76.24670163888261,18.073754358089968,32:45.2,,India
13773,20.26959921560975,73.84027468497501,1.1792485982476597,50:43.7,,India
13775,18.31963624170669,74.36856395961271,4.248941532900993,41:42.1,,India
13776,17.793117856492486,75.58310439408405,8.739887002,32:45.2,,India
13778,20.863348201001127,75.65851736668752,1.0979484093216076,43:02.5,39:46.2,India
13779,20.934631668136586,79.00315035,0.992073931,,,India
13780,17.872116822875483,74.54267025,55.59548507403052,41:42.1,,India
13783,17.500113173861223,75.78101306943981,37.94049119,32:45.2,,India
13785,18.89217577647517,75.58399261199432,11.27353556191275,33:49.5,39:46.2,India
13786,18.49482459033136,74.10022949403516,0.9679397034825766,53:47.4,42:12.0,India
13787,18.111792141126774,73.47518986642902,1.6383121896318955,53:47.4,42:12.0,India
13788,17.87131077890624,75.86928800304467,21.57272706708052,32:45.2,,India
13789,18.92566316047133,76.39394373753153,42.08374920215999,32:45.2,,India
13790,21.12585042539872,78.96369802012198,5.5880182534407545,32:45.2,,India
13791,18.312019861783497,74.59989017251877,13.67712094930562,41:42.1,,India
13793,21.07715098237332,74.43237349253286,21.740266839079027,50:43.7,,India
13794,18.60628223566633,73.86410696,2.552072111892333,50:43.7,,India
13795,18.66986070308204,75.52178693267096,9.392426820118034,32:45.2,,India
13796,21.08523610774394,74.35545520472036,75.67442121,50:43.7,,India
13798,17.446982007870712,76.05955457249506,13.012294445177666,32:45.2,,India
13799,20.15475538,78.15183590883606,2.268318631,23:16.9,26:55.8,India
13800,17.82798762047346,75.96492349512293,0.92840594,32:45.2,,India
13801,18.27817875963201,76.64177559461761,10.887287515150849,32:45.2,,India
13803,14.964566035210009,75.18560317422637,7.549699311017836,32:45.2,,India
13804,28.69649379999086,75.58195905591093,5.415440181005482,50:43.7,,India
13805,13.268818009112454,76.74198438435945,22.70555759695379,32:45.2,,India
13806,29.93471042782932,78.10714231366909,6.111522604278318,40:28.6,34:09.4,India
13807,29.73797984242853,77.93066246995235,11.03210279371941,22:17.5,,India
13808,29.931079068187564,77.76850087104796,2.720819433508693,32:56.4,,India
13809,14.676875670965538,76.67273531976484,29.47341589456224,34:44.9,26:55.8,India
13810,14.522925450228676,76.43439381258928,7.029412283766785,32:45.2,,India
13811,29.874150740001944,77.75711783900614,22.50806065645168,32:56.4,,India
13812,29.051965871595936,79.18712666420261,11.005582442191034,22:16.5,,India
13813,18.92362436385716,76.35571042869081,29.40413518432216,33:46.8,26:55.8,India
13814,15.217856644993066,75.32411675530415,8.467096992089429,32:45.2,,India
13815,28.92291767194808,79.72002673086523,0.7117436691122473,22:16.5,,India
13816,29.38847586439632,76.87084857673021,6.786363266836708,50:43.7,,India
13817,30.453379070394703,77.73021354337676,7.871614064054648,32:56.4,,India
13819,30.49644176305929,77.47223553,0.8758432671461661,32:56.4,,India
13820,31.161548060341865,76.75898003677224,4.081572219,50:15.6,35:20.2,India
13821,19.65274443,76.44259801915352,2.210943929030593,43:25.7,26:55.8,India
13822,17.906263732831032,76.32281548065808,29.64745813267356,32:45.2,,India
13823,28.95649814410348,75.56079101617898,19.446609834825228,,,India
13824,28.364720455947005,76.89767241210907,13.447597851749142,50:53.3,41:08.0,India
13825,29.917474386763224,77.75233955193885,10.951336041383222,32:56.4,,India
13826,29.90595044263814,75.07744095061636,57.08002571121838,42:29.5,,India
13827,29.62467622852981,75.20576809423056,27.98390111120671,,,India
13828,29.064617815154687,79.19677251021739,12.305741633482995,22:16.5,,India
13829,29.71193784327318,77.83241781939678,5.46071783,22:17.5,,India
13830,29.07560122905114,75.42901642,5.425172350662181,50:47.9,49:38.3,India
13831,12.89418871268544,76.86899716433621,5.1236182946087725,32:45.2,,India
13832,16.288717609468105,77.50057418673846,3.5858162973813656,32:45.2,,India
13833,29.31417131548429,79.19730515761216,0.6149802184051167,22:16.5,,India
13834,28.989155482397045,79.46389676946322,1.5106921973461858,22:16.5,,India
13835,17.46472324629794,76.74588920798256,22.74410996,32:45.2,,India
13836,14.499462338723076,76.72903456,40.94086823,32:45.2,,India
13838,17.941289395802862,76.27317893332585,34.140690481198305,32:45.2,,India
13839,19.241069543350022,75.68985555,16.459741715242384,32:45.2,,India
13840,20.301030046410585,79.02404149548721,7.033648378136618,32:45.2,,India
13841,17.466039231946517,75.07919803504373,9.479886879,41:42.1,,India
13843,20.72460178807317,77.44598388112964,30.49380664202838,32:45.2,,India
13845,20.112857435313337,73.95563862187853,15.378466416027624,43:23.6,35:20.2,India
13846,29.563418785763524,74.80562726,6.279549202592467,50:51.7,49:38.3,India
13847,14.264210723837898,76.77439947,15.511829292687558,32:45.2,,India
13848,17.922094241412452,77.37316866,39.31341088453824,32:45.2,,India
13849,17.709429205968387,77.33081395,24.91138464586274,24:06.1,21:37.5,India
13850,16.790993786930063,76.92226911540766,2.851685371772141,32:45.2,,India
13853,17.544303251996176,77.87422400343972,3.292191121891831,32:45.2,,India
13854,14.909720208206249,76.11576213627882,63.70186472237291,32:45.2,,India
13855,16.594914046529947,76.90074739152327,51.58515922827858,32:45.2,,India
13857,30.5339109631768,76.99200450993617,2.0059671787054603,50:05.5,,India
13858,30.10184664,77.87225846901123,0.7997631720583124,32:56.4,,India
13860,13.754988264062744,76.39704197772885,12.058668057802208,34:57.0,28:56.3,India
13861,14.940495596117875,76.81133691416635,17.464079378890514,32:45.2,,India
13862,13.834155524619389,77.34065614680742,9.819270141100708,32:45.2,,India
13863,14.193637544089531,77.34606654348158,34.22141644140457,32:45.2,,India
13864,11.886705609932452,76.72381562942641,26.72641470402978,32:45.2,,India
13865,30.13343356458913,75.01636592954898,1.3813128639686303,42:29.5,,India
13866,12.403162416602076,77.3780807,20.49101607149349,32:45.2,,India
13867,16.65485056149424,76.63050626,2.66544845566254,32:45.2,,India
13868,16.412914080090758,74.92041403787984,22.290042695350284,44:18.4,42:08.4,India
13869,13.550771090557094,77.51327545414117,21.53494995832591,32:45.2,,India
13870,17.024955409671986,75.82755892554295,17.361722850830606,32:45.2,,India
13871,16.008330531320045,76.03984987083881,16.774093950455626,32:45.2,,India
13872,13.57942363283701,76.52846795533668,0.8817420190795207,32:45.2,,India
13873,14.126519404492004,76.81130257271846,23.69773248752674,34:58.9,34:55.3,India
13874,12.86389207632048,77.11160678370474,8.859052513091779,32:45.2,,India
13875,14.04001111446224,76.90645246736302,35.06840091764107,32:45.2,,India
13877,14.604475839838454,76.72514537368153,1.373726648111021,32:45.2,,India
13878,12.799886081903091,77.42363373452436,4.819196406215593,32:45.2,,India
13879,16.13399221613991,77.12699249221335,50.66656921787615,32:45.2,,India
13880,13.040153486599714,76.92317876926609,9.114558665378174,32:45.2,,India
13881,14.322544609201318,76.11118327777788,18.03565303898069,32:45.2,,India
13882,17.77388781789612,77.46312920948425,13.851608843457656,32:45.2,,India
13884,15.575071558705098,76.20668222987209,9.340194396,32:45.2,,India
13885,14.140464858771976,77.31523136223656,33.16047700834151,32:45.2,,India
13886,14.611363506279726,76.52137329945828,26.86986685,34:44.9,26:55.8,India
13887,15.842822089616396,76.55552749780145,12.509791261079371,34:28.3,28:56.3,India
13888,15.57219064926114,76.46375927298627,21.492578564604653,32:45.2,,India
13889,15.086114564756286,75.62666286068372,19.67269864520982,32:45.2,,India
13890,16.397624747782253,77.09524589295621,10.79083466078289,32:45.2,,India
13891,17.50921625605871,76.99316292813984,43.33455250456751,24:06.1,21:37.5,India
13892,16.94890921425784,77.00855491251458,44.738477701400704,32:45.2,,India
13893,15.981912033201342,74.99602634,13.896214550756484,34:35.1,39:46.2,India
13896,15.19181699061133,75.88432971939602,1.4287943589882977,32:45.2,,India
13897,14.298318686085471,76.79099483306982,9.609505022,32:45.2,,India
13898,13.991092247852215,76.37426010271888,16.617330848408752,32:45.2,,India
13899,12.75050512868272,76.18422465618434,5.450959366574624,32:45.2,,India
13900,16.017670699254978,75.12613692641271,17.157133615767545,32:45.2,,India
13901,15.535861631275363,76.18378098538152,4.628352272216818,32:45.2,,India
13903,12.161404131553043,77.16382866162095,5.153334956739839,32:45.2,,India
13905,12.05446906418426,76.96083837,29.20463527134916,32:45.2,,India
13906,12.41939544303956,76.93922736,2.6073863807461937,32:45.2,,India
13907,11.941382788229715,76.73314738138717,21.86968924,25:29.9,25:27.5,India
13909,14.07523670340705,76.67401658970516,10.622335930377458,32:45.2,,India
13910,13.839814232938124,77.35269754948784,19.25940296215544,32:45.2,,India
13911,15.586206435518127,76.19042418201555,4.237762924263947,32:45.2,,India
13912,16.96873094126228,76.25546860867584,9.712489169390391,34:13.4,26:55.8,India
13913,12.171198663065317,76.37303585125846,3.0914473120557395,32:45.2,,India
13914,12.782542566133875,76.51882060936127,2.3029178231957093,32:45.2,,India
13917,16.60542424178941,77.01881927974118,23.78919442093941,24:20.3,26:55.8,India
13918,16.646656601325773,77.20872303792729,22.0591835808304,32:45.2,,India
13919,12.948787977736966,77.67446911944819,2.705093866884116,32:45.2,,India
13921,13.688747804086503,76.64982112,21.94027059143053,32:45.2,,India
13922,16.233426317970338,74.58692850195065,2.702995789244948,32:45.2,,India
13923,14.284974972748808,77.24839847988126,4.175412221677266,32:45.2,,India
13924,16.448471633438785,74.55097267532962,16.73520736276314,44:18.4,42:08.4,India
13925,12.95337755670401,76.79773576031992,14.85462864555225,32:45.2,,India
13927,12.228653419273645,76.99118091070017,16.302852391480492,32:45.2,,India
13928,12.059141265197251,76.94063488886876,3.2749368432636805,32:45.2,,India
13929,15.651492388440918,75.98669271224117,45.72436557885037,32:45.2,,India
13931,14.820509672197636,76.74740613,15.844233315682857,32:45.2,,India
13932,15.970459879297564,74.98224290704513,4.039305108049268,32:45.2,,India
13933,17.40277100495428,77.37908939686652,33.68455104730437,32:45.2,,India
13934,15.055219292679226,76.10206558865285,17.05823090642457,32:45.2,,India
13935,12.16608454235367,77.36846828601065,28.02161432129106,25:29.3,25:27.5,India
13936,16.96662940210111,76.24110303984823,6.4865854041586095,34:13.4,26:55.8,India
13937,13.977343730095706,76.54086477471215,17.569179527893283,32:45.2,,India
13938,15.860336829451477,76.55418248516277,30.38085993519385,34:28.3,28:56.3,India
13939,16.92895997,75.87603619761957,3.985496216642934,32:45.2,,India
13940,14.108953768596743,76.75737447622389,11.005530733661171,32:45.2,,India
13941,15.218704455553596,76.02414794357713,10.923056389649007,32:45.2,,India
13942,14.45070751185853,76.77902003315718,7.688653722043694,32:45.2,,India
13943,15.787838749643894,75.49541132961508,23.80859503775671,32:45.2,,India
13944,16.178767076864183,76.76437656,33.269467205590665,34:28.3,28:56.3,India
13945,16.40625947769554,77.10675353874927,14.11816621124631,32:45.2,,India
13946,11.96493133,76.80668995422516,1.631194328999955,32:45.2,,India
13947,17.777925583533243,77.44097333707307,11.751333306169746,32:45.2,,India
13948,13.782564245749224,76.40491764250028,2.4663718953533342,34:57.0,28:56.3,India
13949,16.87618200172652,76.99117322539449,24.04866763261262,32:45.2,,India
13950,14.30642622859156,76.56078738424996,2.842678137308603,32:45.2,,India
13951,17.68332185220372,77.34880445992317,26.799480581529536,32:45.2,,India
13952,12.745952390587576,76.20034544219115,3.756866327850997,32:45.2,,India
13953,15.552127913212647,76.43088375750564,17.210083862045398,32:45.2,,India
13954,14.204726753130393,77.37983041890084,33.50954999322843,32:45.2,,India
13956,12.391976152867558,76.17632247785015,25.20526972261296,32:45.2,,India
13957,17.686639762590264,77.33411900588358,4.050605390850997,32:45.2,,India
13958,13.082709081116764,78.29203695144086,11.536720083804145,12:13.5,,India
13959,16.872135738546923,75.71273867324034,6.174143413197736,32:45.2,,India
13960,14.553016689232363,76.76212678724069,3.316917808943725,32:45.2,,India
13961,14.755785321116017,76.52838925418119,31.662530684611305,34:44.9,26:55.8,India
13964,13.843911419403202,77.26395359262402,23.43344006831573,32:45.2,,India
13966,16.895023352211638,75.70894128,4.0001424987724565,32:45.2,,India
13968,12.880145840220225,78.04084186878632,24.535760553417457,12:13.5,,India
13969,16.615790256256684,75.45797854064091,2.427984741694333,32:45.2,,India
13970,10.873863435795707,78.29640670072126,43.30283567603576,25:27.5,,India
13972,9.454470369,78.15179378462896,7.851386542584802,11:14.6,,India
13973,15.407086391393577,76.63635871766984,2.9063470841445005,32:45.2,,India
13974,16.655802716321965,76.48870887,47.24288880496714,34:13.4,26:55.8,India
13976,13.68250549688179,76.78889155720614,13.35696745549012,32:45.2,,India
13977,10.911329866213045,77.65085400904985,2.4691597490240658,12:13.5,,India
13978,9.092078260789547,77.77921647308455,12.77778507228268,12:13.5,,India
13979,10.547307345641103,77.90844680315233,10.949354213421902,25:27.5,,India
13980,10.96527291,77.78013109412802,24.73167082891853,12:13.5,,India
13981,10.114736491594844,77.66298829,27.86268864705292,25:57.9,17:46.1,India
13982,11.62308702322737,79.53502865226734,46.2368045,25:27.5,,India
13983,9.643875002,77.85063248139411,34.14026117270245,11:14.6,,India
13984,9.553486119532074,77.88487676608563,13.672026811417885,11:14.6,,India
13985,9.302877543032274,78.40416715034804,72.28674309485532,11:14.6,,India
13986,10.561078904768944,77.92608969383039,11.164665852339244,25:27.5,,India
13987,11.608797852133604,79.52088657934993,29.931038951635266,25:27.5,,India
13988,15.97968924,76.06900630252218,21.085509596651644,34:28.3,28:56.3,India
13989,11.066645296791936,78.49305572047386,67.87779068556688,25:27.5,,India
13990,13.663179708326124,76.76475254062356,16.390885126120057,34:57.0,28:56.3,India
13992,14.95169386670894,76.13847801,32.677521735137816,34:44.9,26:55.8,India
13993,14.10621914900094,76.85198423443218,33.78601341137304,32:45.2,,India
13994,13.766506762983225,77.86187215623734,2.4040183528668626,12:13.5,,India
13995,10.815344001908324,78.18673141644844,10.02183706812889,25:27.5,,India
13996,15.76603575109836,76.23604628,53.18945197549752,34:28.3,28:56.3,India
13997,10.663090183824671,77.28123610959602,3.018236759204275,12:13.5,,India
13998,14.971821477773611,76.13928935322338,25.47729482824964,34:44.9,26:55.8,India
13999,10.981216294291334,77.52914318288634,1.236478753,12:13.5,,India
14000,10.45604376210055,77.92481517773267,26.44300370253568,25:27.5,,India
14001,10.598501599280665,77.93037870580461,1.2921337364176249,25:27.5,,India
14002,16.523271571872197,77.09142176531503,8.157985376620118,24:20.3,26:55.8,India
14003,28.54537828372519,77.09137620256094,4.218959003079064,,,India
14004,18.19855673,77.44923377511661,22.17510235410684,33:43.6,26:55.8,India
14005,10.491742734326332,78.06103348,9.115771864532071,25:27.5,,India
14006,9.805216375992424,78.44902132656584,11.76536640519444,,,India
14007,8.912429363040664,77.74569132441707,39.82486841913367,12:13.5,,India
14008,10.105098904645258,77.69739655721011,30.800547478003903,25:57.9,17:46.1,India
14009,13.133405356776402,80.09665159807696,7.257295499108296,25:08.5,10:23.6,India
14010,9.441480020390063,78.05149712319212,26.066346828793424,11:14.6,,India
14011,9.337314881929023,78.25709710852111,23.98207851060525,11:14.6,,India
14012,11.080990276555903,78.50296046993856,40.084036719002285,25:27.5,,India
14013,9.350602569481197,78.27025046644084,1.6650585126346464,11:14.6,,India
14014,12.360678387568866,77.58944456880926,2.8272685553238195,32:45.2,,India
14015,29.79730495570108,75.52090921144223,36.87758220863808,,,India
14016,10.974648830831876,77.63908450895286,4.362929014089477,12:13.5,,India
14017,13.415023077720072,80.09048783363185,6.819027176123202,11:14.6,,India
14018,10.853233706535493,78.30923005047948,9.872138232052173,25:27.5,,India
14019,11.193688988449148,78.45812928319671,5.047001594928893,25:27.5,,India
14020,8.918428537302683,77.70885977167366,107.40128755834094,26:27.8,17:46.1,India
14021,9.120225812922806,78.10671147469478,17.257706352963854,11:14.6,,India
14023,9.523027879930526,78.22597282267996,69.43188523470928,11:14.6,,India
14025,29.87642094185753,75.47687660546283,10.301219907526317,50:05.5,,India
14026,30.11462055912569,74.34540695843657,25.17761281078086,42:29.5,,India
14027,29.859183443837274,75.19213287213215,5.349492214542289,50:05.5,,India
14028,30.06323600343729,74.65874416547743,7.479501095373827,42:29.5,,India
14029,30.020493838511324,74.54696803814774,31.20277453395128,,,India
14030,22.15451806653668,85.49895961281453,3.9098890697022015,59:30.8,,India
14033,30.766333186672544,76.46732866,1.013340150210727,42:29.5,,India
14034,24.460816460523457,86.75732561997407,19.509195749979863,42:01.5,,India
14035,21.697048948581408,70.02049044936605,10.37837851916048,05:14.8,,India
14037,30.43680360251968,74.33157097467354,2.3933407040133234,42:29.5,,India
14038,30.346966571409645,74.18942942506752,16.8921212,42:29.5,,India
14039,22.35669628545535,70.90550379495353,6.013361010708454,52:29.5,,India
14040,21.77678381945005,70.07719044383435,5.814330584528809,52:29.5,,India
14041,23.368610060483075,70.74393593323853,17.499786470171944,52:29.5,,India
14043,16.55865465589273,75.57925316,27.94339676239895,34:16.6,28:48.4,India
14045,22.531978572755765,87.31022226661338,9.072018876471695,59:30.8,,India
14046,22.676056006666297,88.45203102462546,5.182034804849868,42:01.5,,India
14047,22.36809074085388,87.35599290458062,8.440238213195016,52:25.5,38:46.5,India
14051,29.859227829716065,75.21003607071336,18.987446501100703,50:05.5,,India
14053,29.85102667119215,75.40213021138516,18.459393765940195,50:05.5,,India
14058,30.401483214362923,74.07837998734423,23.58722155048025,42:29.5,,India
14059,29.73159217807702,75.3076241,38.57592248488329,,,India
14060,30.42280286523584,74.40222452708755,1.5918542423532829,42:29.5,,India
14061,29.59011114137253,75.24154634417916,22.87764268100901,,,India
14062,31.149084995468243,76.27655027835169,2.1442079658518387,,,India
14065,22.31948914006919,72.43964199719247,21.171876612238364,50:43.7,,India
14066,23.27455388454574,72.68239292179705,1.5985266595536374,50:43.7,,India
14067,29.875368299078623,75.66956384498813,39.19633518133439,50:05.5,,India
14068,10.748161708965508,78.79418625695659,5.915350692279281,15:59.2,17:46.1,India
14075,9.221845475963116,78.34847129,5.859675626900566,11:14.6,,India
14076,11.467478260783992,77.20921815120798,3.4066985639500604,12:13.5,,India
14077,10.56990095399704,78.87680008167541,6.321877887998332,02:02.5,,India
14078,9.812080675,78.69294291286835,12.505152541523298,11:14.6,,India
14079,9.489639160233878,78.22394899017615,101.1448776285034,16:16.8,17:51.1,India
14080,10.158838177679296,76.40229683,4.620675594554202,32:45.2,,India
14081,10.99442952936402,77.70228655324297,12.739670786793395,12:13.5,,India
14082,9.570714943481528,78.31159329262911,105.32932099345572,11:14.6,,India
14083,23.564654545795182,87.12499327623448,8.787040030979616,59:30.8,,India
14084,9.445762139840197,78.15055439924821,11.232788687622334,11:14.6,,India
14085,9.358578738826038,78.27380534,1.124260379180351,11:14.6,,India
14086,11.014321246016234,78.40441256723581,10.965031779744514,25:27.5,,India
14087,30.120948889374493,74.74461300596593,5.033070444645976,42:29.5,,India
14089,21.77691174224809,70.06646057393128,8.302003767882129,52:29.5,,India
14090,10.711355302594743,77.76042981718696,24.522649498395392,12:13.5,,India
14091,8.265899607,77.51185591,1.2432366045675567,12:13.5,,India
14092,13.13778205246372,80.10714442146669,7.127926795353209,25:08.5,10:23.6,India
14095,23.377586092797955,70.55813839458057,37.153595735475335,,,India
14096,10.133497515320824,77.69082788,46.60589085355715,12:13.5,,India
14097,23.36560851445471,70.62670337425764,5.468512424347951,52:29.5,,India
14098,17.99714351,78.04808632734172,50.42163350403832,32:45.2,,India
14099,23.92520696159613,71.52259685723378,23.319044490725563,50:43.7,,India
14100,23.355571528014345,70.61884292574636,31.27049567562746,52:29.5,,India
14101,20.70678851798411,70.95353549330399,8.969352784297863,,,India
14102,18.764107706849465,79.48683014842723,11.938376412569932,23:41.5,,India
14103,23.44322037342369,73.20023056315388,14.65090526246571,50:43.7,,India
14104,16.565165184459314,77.95081365511349,7.422225147359197,32:45.2,,India
14105,17.542080435120255,79.52373104604614,8.333578652180991,23:41.5,,India
14106,22.362141426224323,73.12975811895937,0.9212127119675396,,,India
14107,24.521836912676413,72.20118153,35.10358117122636,50:43.7,,India
14108,18.331521678486624,78.88844600696437,5.422170786544549,32:45.2,,India
14109,16.69617564308819,78.48886989,7.189672921,12:13.5,,India
14110,18.36363613204357,78.21287689158947,69.86212614906262,32:45.2,,India
14111,16.83610105,78.1182866,4.857155769026483,32:45.2,,India
14112,23.41939771654074,71.61972749177251,33.38156803,50:43.7,,India
14113,17.82880014,78.33089995949047,6.493850064850203,32:45.2,,India
14116,22.06713841216786,70.79061913073251,1.0105989260175632,02:55.7,00:33.9,India
14118,22.70787480865818,71.41652837846982,21.400219514225096,50:43.7,,India
14119,23.255647662525945,69.02568111128478,90.09310572533238,,,India
14120,23.153495120242656,72.66931252076284,1.2448871564792958,50:43.7,,India
14121,23.69432021490716,71.56660099911959,14.680327838147678,50:43.7,,India
14122,14.650950457729914,79.58444969960568,10.581876164641454,11:14.6,,India
14123,23.01478839040448,72.35778100449353,7.248493658447555,50:43.7,,India
14124,30.212477941310045,74.74838231639887,79.20427386641018,,,India
14125,21.341861050960453,72.99853274998158,52.91310624670538,50:43.7,,India
14127,16.555660981896768,77.90516583204874,37.30349297103702,32:45.2,,India
14128,14.534284161515462,77.81209068082129,9.202458394810312,32:45.2,,India
14129,21.72169369890823,72.57595451,4.503467530141489,50:43.7,,India
14130,18.38190979065069,78.25568580650376,92.45764889456666,32:45.2,,India
14131,16.94551534835561,78.12268456,58.51532711632903,32:45.2,,India
14132,18.30459809455457,78.67087296562539,57.16269278828703,32:45.2,,India
14134,30.01243923863557,74.60103747339119,22.8813641252102,42:29.5,,India
14135,21.42386755579992,73.12792683038718,6.731818051935142,50:43.7,,India
14136,17.96044810789581,78.05389341749554,39.84766232542289,32:45.2,,India
14137,18.52082554395996,79.55657494,15.119469579417302,23:41.5,,India
14138,17.54840879654262,79.18849264,1.1893265724981368,32:45.2,,India
14139,18.24661085184771,78.26144982,20.805283124302736,32:45.2,,India
14141,17.872571802355054,77.73055138635101,5.389911050314204,32:45.2,,India
14142,15.80529938899328,77.98676929581248,5.187891938750825,32:45.2,,India
14144,16.80583021782212,79.05096215940475,6.361115288210283,12:13.5,,India
14145,16.54491185926502,77.93563103393807,49.03278801019722,32:45.2,,India
14146,16.49905124035574,78.38150944387941,10.822072492335332,12:13.5,,India
14148,14.566141870372364,77.84247462513545,8.872081690944116,32:45.2,,India
14149,18.449081393664446,78.39708719070495,21.31948347200196,32:45.2,,India
14150,16.683213064305853,78.35373953,5.785991158809611,12:13.5,,India
14151,23.382804485030235,70.61436515855553,7.695485957810079,52:29.5,,India
14153,21.16685423,72.71935862923264,16.028956695091246,53:09.9,50:40.8,India
14154,23.52322555725905,73.21891544075781,0.7022672713836431,52:17.3,50:40.8,India
14155,14.588226603616867,78.21557177,28.85436203143952,12:13.5,,India
14156,17.902938809987063,79.03152861693826,10.67431202090034,32:45.2,,India
14157,17.981902941953138,78.06801756591156,28.374510936469107,32:45.2,,India
14158,17.586621073684665,77.80966564356993,14.558724880123536,32:45.2,,India
14159,14.102327485314907,78.73408240164545,13.434869805698934,12:13.5,,India
14160,17.570651032480352,78.84194783560672,1.511069502691504,32:45.2,,India
14161,15.807196358394975,78.48436729855148,3.7510751987845294,32:45.2,,India
14162,16.495477969378335,78.42067988610242,12.769125629338486,12:13.5,,India
14163,17.800928995124952,79.15553375116933,16.83227893779476,32:45.2,,India
14164,17.231575502407807,77.86478646525217,5.509479015114617,32:45.2,,India
14165,16.964826319588944,77.64918338762207,12.082917371879608,32:45.2,,India
14166,16.621118815070496,78.47185615351985,10.289168791773388,12:13.5,,India
14167,17.949555012337605,77.82887059274971,10.57462051,32:45.2,,India
14168,18.39345226525035,83.43166043064095,12.336957506242062,59:30.8,,India
14169,16.805297637557565,78.41315246828823,22.457877700725778,12:13.5,,India
14170,17.94673277230087,77.92551728653308,12.087452444543365,32:45.2,,India
14171,18.14392585678214,78.65080984718045,16.8498029,32:45.2,,India
14172,18.315229016350514,78.20414437477218,17.886328809239146,32:45.2,,India
14174,18.287066379113256,83.50867191228176,2.9887594693269457,59:30.8,,India
14175,16.74764320325298,78.34131049738362,4.797714416579425,12:13.5,,India
14176,15.232874856263372,78.20098056423457,52.36350640464285,12:13.5,,India
14177,17.86636459956769,78.01590811436834,9.573830364,32:45.2,,India
14178,14.53849018202611,77.54871157081125,2.336663825824276,24:43.1,23:25.9,India
14179,17.681554733126653,77.72317874697977,8.342873706186014,32:45.2,,India
14180,16.627016542565492,77.66508640486666,22.420315339264267,32:45.2,,India
14181,18.28071184812505,78.10605318,16.966843130005028,32:45.2,,India
14182,14.39227566989761,77.20337779514828,7.688849635950035,32:45.2,,India
14183,15.523899822180178,77.26551986514049,33.526606471903975,32:45.2,,India
14184,17.72383925678323,78.97833394299215,22.964529220441715,32:45.2,,India
14185,17.238501297316613,77.97686719753185,2.5806829535737346,24:01.1,23:56.6,India
14186,17.529079681103855,79.53420935770315,20.99664334906756,23:41.5,,India
14187,17.074602770224498,79.79447528629738,2.4931713409935874,11:14.6,,India
14188,18.82447440081433,79.10241958224776,26.087362403260794,23:41.5,,India
14189,18.795065070280373,78.63532919699053,26.109390908018028,32:45.2,,India
14190,17.450767686846266,78.10470472,1.0830735781281342,32:45.2,,India
14191,17.78915892773233,77.66429885981951,5.7818824043393535,32:45.2,,India
14193,16.388454808934867,78.67578933849452,21.86972317233384,12:13.5,,India
14194,14.011094202775965,78.14654101242581,5.909609698989828,12:13.5,,India
14196,13.983472145975668,77.48053810842222,44.581405410318816,32:45.2,,India
14197,16.38942914358332,78.66222833,5.140014023,12:13.5,,India
14198,14.16487806746257,78.14287196029471,9.089067263,12:13.5,,India
14199,15.362066104281372,77.49075187729314,18.23144271607847,32:45.2,,India
14200,17.00999223734306,81.73763569886145,3.322832191120664,11:14.6,,India
14201,13.999896014465252,78.13606497294465,2.6573098660027528,12:13.5,,India
14202,18.279036937560114,78.86103960853612,15.736043737367105,32:45.2,,India
14203,13.906573012184484,78.18133906696404,20.520590354681897,24:59.3,17:46.1,India
14204,13.32324225489308,78.67207469230982,39.36242694836199,12:13.5,,India
14206,16.82525065626284,78.53673178,1.458733118141527,12:13.5,,India
14207,16.602476473531482,77.67460765533333,8.009685977518627,,,India
14208,14.496313191193114,79.59163699547584,47.75324357072533,59:38.5,17:46.1,India
14209,18.423560766503943,79.22715864816446,5.665189628628493,23:41.5,,India
14211,16.488446722403467,77.92370240826283,16.39062761942757,32:45.2,,India
14212,17.357125657760328,77.92911892958459,13.614915204495992,32:45.2,,India
14213,18.68984229182064,79.62847414,25.164804921093843,23:41.5,,India
14214,16.687246288835624,78.17394211081908,13.48006281330894,32:45.2,,India
14216,17.484842337508127,77.88436138904184,4.477869428425612,32:45.2,,India
14217,18.220379804278043,78.32362427651265,32.26420754988946,32:45.2,,India
14218,15.915095567531818,77.96032776439728,20.84066482485207,32:45.2,,India
14219,13.935731235113684,77.48984348960474,36.99260414142115,32:45.2,,India
14220,18.47274275757071,83.34728541349014,5.162148714309648,59:30.8,,India
14221,17.885845145250848,78.77718566061166,2.5256429881834004,32:45.2,,India
14222,17.301703832748867,79.51156258937063,15.905741851534517,23:41.5,,India
14223,16.780359284360742,78.33549752640899,13.75513825060989,12:13.5,,India
14224,17.19875241890353,79.55492647,4.107447778798955,23:41.5,,India
14225,17.280463614180018,82.09657871,2.073339905924704,59:30.8,,India
14226,19.146563943165543,79.42545069573302,17.496552690342703,12:13.5,,India
14227,17.742006274005952,78.14223036720952,5.4684545070397625,,,India
14228,23.67894699559197,68.76551362114623,6.516747767624033,05:14.8,,India
14234,18.06211437419556,78.41728592851909,8.955275419739952,32:45.2,,India
14237,14.256227906228316,77.35131932354189,9.370814790169808,32:45.2,,India
14240,10.578394130310356,78.63486867572864,11.465193199186194,25:27.5,,India
14242,18.055805423031742,78.40732951007776,8.504149548087774,32:45.2,,India
14243,19.042127841489016,78.28964514130959,59.41666423866916,32:45.2,,India
14244,17.585927882231072,77.88970472,31.51288665,32:45.2,,India
14245,17.155290595889866,77.62865083561849,14.15271338629427,32:45.2,,India
14246,18.152478380312385,78.29395490851432,43.76066488208998,32:45.2,,India
14247,16.330043526262806,77.70567251497535,2.142616518,32:45.2,,India
14248,16.294829183136873,79.81395713497623,5.267531213545607,11:14.6,,India
14249,16.593005239354984,77.89169453693779,44.61297332052524,32:45.2,,India
14250,16.624069539906365,78.04573631,18.79282725937216,32:45.2,,India
14251,18.03956141409461,78.45324301,21.47743306797669,32:45.2,,India
14252,17.914157137978595,78.14782859851825,4.210400877994765,32:45.2,,India
14253,16.94434977031489,78.89947871794658,3.4269494424848754,12:13.5,,India
14257,17.44181473040512,78.62355648974896,7.159457320937323,32:45.2,,India
14258,17.5038781,77.87782125280594,1.3823879154718843,32:45.2,,India
14260,18.388520735229825,78.22590835660915,23.13754181,32:45.2,,India
14261,17.394096667816658,79.30611999205989,4.930708749,23:41.5,,India
14265,16.860832270640945,78.09269847794862,15.311719120890672,32:45.2,,India
14266,14.017785262429026,78.42578942,639.4213551,25:00.1,25:04.0,India
14267,17.52256732995988,79.52781011,7.766024560700254,23:41.5,,India
14269,13.741298828468052,78.6205529,20.202310248860314,12:13.5,,India
14270,18.985925885673943,79.44532181094978,30.360304253144232,12:13.5,,India
14271,16.719354291884013,78.06563438297351,1.3966361721683382,32:45.2,,India
14272,16.152991128350045,77.76316721,16.96497362,32:45.2,,India
14274,16.622572299645697,77.88988809181106,4.663005181697053,32:45.2,,India
14275,15.666242012924387,77.48441930272094,32.39871101252728,32:45.2,,India
14276,16.83708982801266,78.83105028674508,3.0622168292496097,12:13.5,,India
14278,17.674246742928887,78.17411570022809,4.347974385920749,32:45.2,,India
14280,17.701932676614362,77.78790612819594,16.024999266391127,32:45.2,,India
14281,13.74800295182607,77.55269521645353,3.330645489227201,32:45.2,,India
14282,16.44489422787029,78.00182406,50.59720256788818,24:18.4,23:56.6,India
14284,18.12520111172778,78.48816760251928,10.490025425262226,32:45.2,,India
14285,17.712966999637963,79.01916898497791,21.20253542685787,32:45.2,,India
14287,15.194433195459665,77.13583035,24.73086878774962,32:45.2,,India
14288,14.219089958006968,78.06902425663034,39.42438733440317,12:13.5,,India
14289,17.365570519834552,77.53635200658965,42.69827445268674,32:45.2,,India
14291,17.72652360658421,79.03960053630148,9.214115684511766,32:45.2,,India
14292,17.51861597450321,79.52074473993895,10.940152726083062,23:41.5,,India
14293,17.726436878809192,78.09726656537762,4.609303677105872,24:01.1,23:56.6,India
14294,17.684636012012415,77.57836272583224,1.4463755452759046,32:45.2,,India
14295,16.743102220697605,78.35731180964922,13.547586850045809,12:13.5,,India
14296,16.40753620489554,78.70020204682355,12.798622936635516,12:13.5,,India
14297,31.544978902558107,75.33045328,10.579061828782145,50:19.2,,India
14298,13.992150880028491,77.36493260006407,15.691711990385665,32:45.2,,India
14303,13.373958836714692,77.59768482980977,31.91778749,32:45.2,,India
14304,14.02284258018514,77.04428604137443,15.18766107361098,32:45.2,,India
14305,13.984600799436237,76.89059349438769,3.188645616,32:45.2,,India
14306,16.948782256070107,75.59328429169669,3.813544133111297,32:45.2,,India
14309,16.88828786533838,78.08351724034131,28.120219679474733,32:45.2,,India
14310,16.498880401474384,78.35028540354529,13.357294325127665,12:13.5,,India
14312,14.576763550026543,77.18601139389133,23.88070811,32:45.2,,India
14314,17.699154027156226,78.94557588562834,5.585177975184575,32:45.2,,India
14317,17.344173888611493,77.97937028310484,11.559550278716358,32:45.2,,India
14321,16.00595995798442,77.75668178856549,7.346396623070103,32:45.2,,India
14322,17.71951155088001,83.25474003516923,10.53327041970134,59:30.8,,India
14323,16.820310424078592,79.05222742036236,23.302968921242165,12:13.5,,India
14324,17.078890052039746,78.28011982206294,2.8021479214516387,12:13.5,,India
14325,17.438821669632517,79.28185607172074,16.63916896356852,23:41.5,,India
14327,13.754001390519608,79.91045024555285,1.5177931865179592,,,India
14328,14.671278117183084,78.43182938359011,1.1476734981860923,12:13.5,,India
14330,17.665897462132083,83.18327671233415,4.090676280366187,03:48.6,02:08.2,India
14331,17.83837575901635,78.01716255917738,8.727806278036137,32:45.2,,India
14332,18.25548515454885,78.29331398027773,26.379790463105945,23:46.5,21:37.5,India
14333,14.025509164745984,76.94120216,21.76584506863757,34:57.0,28:56.3,India
14335,18.27765552,78.26400746,34.59010972581781,23:46.5,21:37.5,India
14339,17.75047653128392,78.59830109219207,6.351216238190905,32:45.2,,India
14345,16.266182140196957,77.77950203268112,20.176891143897983,32:45.2,,India
14351,17.244429100166716,78.49286502201751,1.542734745,32:45.2,,India
14353,17.24640249010978,78.40342733350634,9.311565970797297,32:45.2,,India
14354,13.73136475700998,78.42383596681317,13.29280845678728,12:13.5,,India
14356,16.650452091362997,77.48264795389356,3.037489717345844,32:45.2,,India
14357,17.86551143,78.79064432799444,3.430266051788843,,,India
14358,17.317207808835427,78.51308303625777,4.3441527402201086,32:45.2,,India
14360,17.65606909946564,78.54574248559427,4.928887258384114,32:45.2,,India
14362,17.51405122824954,78.14096845499387,12.459667067324744,32:45.2,,India
14363,15.644139873933485,79.25967806,18.49666476194432,11:14.6,,India
14364,16.884284027121943,77.58663472,32.07603681540362,32:45.2,,India
14365,16.400473378753592,79.40694712302135,2.100381656181079,,,India
14366,9.226757645077292,78.32426826999577,4.997130659608862,11:14.6,,India
14367,18.109369969800195,79.33486168527703,24.742646193783703,23:41.5,,India
14370,18.006744830704076,78.25002042565669,2.8593910146048445,32:45.2,,India
14371,17.227683529118547,77.97716276834126,6.887852473818049,32:45.2,,India
14373,17.571863763400508,78.42825699389785,6.598051653763143,32:45.2,,India
14376,15.448303096067264,77.87942295932234,11.776059138584667,32:45.2,,India
14380,18.02866391382786,78.78784530661916,18.45450563035173,32:45.2,,India
14382,18.57910992305781,78.86015036687664,15.857727124161798,32:45.2,,India
14383,17.44558655079279,77.62840085136251,10.37157589864476,32:45.2,,India
14386,16.91071702421838,78.73854953847122,4.736866419452908,12:13.5,,India
14388,18.150412354132733,83.36799797872312,0.9230047236840482,,,India
14389,16.773037390499688,78.86739130440623,34.04047335352897,12:13.5,,India
14391,19.022274764357785,77.96442981261545,23.544204464824787,32:45.2,,India
14392,17.99082758689279,78.43327869162444,20.38455023937541,32:45.2,,India
14393,18.410507969687977,78.21354656345014,25.824159069578403,32:45.2,,India
14394,17.664260540485376,78.62084319,0.7700685618432168,32:45.2,,India
14395,18.13547089807551,77.71615718,6.479951094645416,33:43.6,26:55.8,India
14432,18.862827730942985,78.18225608121271,17.438924134832785,32:45.2,,India
14433,17.568241715457596,78.51073756517121,2.280850846407477,,,India
14434,18.89467562308222,78.20098213,17.816590537310258,32:45.2,,India
14436,17.965165781421156,78.01118776296406,26.64644252423799,32:45.2,,India
14437,18.11636369427964,79.31443231277022,29.76706242401941,23:41.5,,India
14438,16.476777814758766,80.75639655692645,3.0282926910064822,11:14.6,,India
14439,16.35959604922201,79.40973653083668,2.832068424985201,,,India
14443,18.23843585591209,78.33943621614985,1.842578055697972,32:45.2,,India
14527,23.54179915992389,87.43178446511469,7.600806081587253,59:30.8,,India
14589,10.525680304708958,77.88874377806388,7.1426728489791484,25:27.5,,India
14604,16.519995260025016,75.58733048425663,13.975671421914477,34:16.6,28:48.4,India
14636,29.958971132166813,74.50789009194092,14.426657752972345,42:29.5,,India
14643,14.09646583,77.27044030056528,1.717888133988558,32:45.2,,India
14644,15.25436699852035,76.04334591041861,30.24134010042428,34:44.9,26:55.8,India
14666,11.066244479290496,78.69945647668246,1.3549385393916382,25:27.5,,India
14674,11.12164606354772,78.68910127207302,12.248886318077616,25:27.5,,India
14697,10.90872155429195,77.64382483768905,9.782935429957869,12:13.5,,India
14698,11.011791500820834,79.58991042099093,1.2662906241770346,25:27.5,,India
14700,10.716475869237929,76.61301209261856,2.3146797872154345,32:45.2,,India
14706,10.745333368744197,78.78282857402375,5.891887133,,,India
14712,9.506299574332838,78.24874449578844,5.222382937163884,11:14.6,,India
14722,15.574736234695145,76.01858683334612,31.09448073181588,34:28.3,28:56.3,India
14731,8.690466651600122,77.51123521214568,1.2692151440313395,12:13.5,,India
14734,10.537001831082511,77.90692378209044,5.637872061790801,25:27.5,,India
14743,12.345398927372212,78.94798964056153,31.474674005909325,18:20.2,,India
14745,30.739745042101617,76.75120157136462,1.2029969115253196,50:15.6,35:20.2,India
14756,11.274247628488736,77.17101556344453,2.637989404036331,12:13.5,,India
14758,23.359975081461403,86.42876543235788,9.886009007449635,59:30.8,,India
14762,9.513576695098486,78.21516161,6.130741740360691,11:14.6,,India
14764,11.240422137315504,77.54856968146439,1.0999981039004263,12:13.5,,India
14765,23.914903804218017,71.93875146332284,54.62205996767975,50:43.7,,India
14785,9.495418366547668,78.26476356903251,56.60825970697319,16:16.8,17:51.1,India
14786,9.358616164111996,78.21707981713705,57.73979060226782,16:16.8,17:51.1,India
14793,31.447268648818834,74.66222997488549,2.847811453781784,42:29.5,,India
14802,31.687635660723537,75.85253828,4.869037663052666,42:29.5,,India
14803,21.14371131,73.02169787,2.2494951710772604,50:43.7,,India
14808,10.083096454162364,76.31735345248673,1.4285875784533426,32:45.2,,India
14809,10.01635010531425,76.56323328198432,1.186520205305666,32:45.2,,India
14810,11.25432685896655,77.08257244,2.405082958790268,12:13.5,,India
14814,30.43886921319904,74.42384904730658,3.850397410942143,,,India
14816,11.629530808755275,79.49292268802343,31.23264438953858,25:27.5,,India
14820,21.735696797091645,70.11602010900383,15.584351657920028,52:29.5,,India
14824,11.41362607840963,77.63958265991909,4.392306237301224,12:13.5,,India
14825,30.06854488,74.67190958003827,8.814245655291186,42:29.5,,India
14847,30.71580680489349,76.73438977946452,1.0519668117584549,50:29.9,35:20.2,India
14850,21.89900291172184,69.96360372275021,3.3984016236616283,05:14.8,,India
14872,30.25431940337345,74.25236716540557,19.53479979864981,42:29.5,,India
14874,23.474603226539728,71.58251768579639,23.57970113758734,50:43.7,,India
14965,16.697442150155133,78.42841134951614,28.21625574665279,12:13.5,,India
14971,17.468932362179558,78.78912382135395,2.313844818410802,32:45.2,,India
14978,14.763247084405634,77.98209513282451,27.28686080454596,12:13.5,,India
14982,17.643570765368782,77.54561545343849,11.647821239724411,32:45.2,,India
15014,16.81946837357291,78.51584899221692,11.305852545990463,12:13.5,,India
15044,16.133323266668693,77.55699882,40.18150652633685,32:45.2,,India
15046,22.541126322476835,73.42543502,2.731175324028887,50:43.7,,India
15047,18.789823985759107,77.91748693,15.346365405127806,32:45.2,,India
15049,18.001706192585157,77.73448492958262,23.72834114947728,32:45.2,,India
15060,16.50433997251109,78.45507649000812,11.632477147452478,24:17.8,23:56.6,India
15069,19.13226305947832,78.24313380818165,45.33479756103971,32:45.2,,India
15079,16.464215851428605,77.49627145,13.271504400454967,32:45.2,,India
15103,16.998339250618237,81.93084660740605,1.605923916851092,11:14.6,,India
15110,18.23220781067125,78.34299245390845,13.639087873033994,32:45.2,,India
15112,16.437476435218997,78.06686432092852,18.16953146866738,32:45.2,,India
15136,16.858166209187292,77.55071091860569,3.115644642910638,32:45.2,,India
15144,17.062762163179404,79.08757708737126,7.354073002925133,12:13.5,,India
15146,17.14980620528338,79.32405933617036,2.9934132666904234,11:14.6,,India
15159,17.20739680143535,79.32579507553814,14.75034987,23:41.5,,India
15453,18.07869816463324,83.38711540932444,3.747571488866013,59:30.8,,India
22897,16.288608219396544,80.35168227634917,1.2619249455585309,11:14.6,,India
22923,23.515713665869264,73.44119518070445,20.04228975913401,52:17.3,50:40.8,India
22950,17.270603042869794,79.59663939727113,8.189543161165233,23:41.5,,India
22990,15.702859197163349,76.86215220322428,8.903831449311834,32:45.2,,India
22991,14.24191350922075,76.47071214510693,3.4609039033154563,32:45.2,,India
22993,29.387006244782977,76.86107296995226,3.0670832722515344,50:43.7,,India
22994,30.469909782422068,76.79326720374856,2.1838488357590986,50:05.5,,India
22996,24.11698897,82.63917390741491,22.310674102627,11:14.6,,India
23014,14.26075951038325,77.24982975825758,3.394861239569887,32:45.2,,India
23015,13.395319958020911,77.98677067057464,2.674042289398181,12:13.5,,India
23016,14.177684475941946,77.37137292028952,1.0420526575842717,32:45.2,,India
23021,15.723278361879554,76.86643206908047,4.3743025527430754,32:45.2,,India
23022,15.382227862572716,76.34317141069485,2.5872166664613188,32:45.2,,India
23024,17.013938726569048,75.75949225,1.441468739170468,32:45.2,,India
23025,16.373581502864972,74.77377323499437,19.869194405027464,41:42.1,,India
23026,13.618094102525577,77.09642625491335,1.1809655335507456,32:45.2,,India
23027,17.66228695028413,77.86573447408686,27.631645883255405,32:45.2,,India
23031,12.605996457853363,77.42375256200357,1.4744421942746526,32:45.2,,India
23032,14.019466686972514,77.33771482257704,3.9107698322237066,32:45.2,,India
23033,14.11353935522088,76.57289087760587,5.502190608,32:45.2,,India
23034,14.617371275881553,76.49132509,1.3249646680647005,32:45.2,,India
23036,31.596029587611696,76.70905786553335,4.213647273,50:15.6,35:20.2,India
23037,23.049395987805653,71.86522351,52.92696627991442,50:43.7,,India
23038,31.292066734718443,76.49653509,5.912671857475901,50:15.6,35:20.2,India
23039,23.650557457562883,71.69799676385708,17.49637457169548,50:43.7,,India
23040,22.016635060835057,71.93743692813328,14.77581491912918,52:58.2,47:32.0,India
23041,23.222823665599112,71.78988390975162,5.848939106,50:43.7,,India
23042,23.17122142259593,71.79663270565186,2.059591600152053,50:43.7,,India
23043,20.81854715016901,71.00567184396083,12.961663026132186,52:29.5,,India
23044,23.25907029917488,71.78115176709284,38.84083954213686,50:43.7,,India
23057,16.86025170710332,81.36240600065788,6.221123536,11:14.6,,India
23058,13.700114806004065,78.70567870697887,5.9015304400126825,12:13.5,,India
23061,13.86744711159392,78.92036449615821,2.8261628807603643,24:57.5,17:46.1,India
23062,18.47204062336382,83.65963684284448,0.8324090068972095,59:30.8,,India
23063,17.634355932114318,77.48890787453624,5.755421464241852,32:45.2,,India
23065,17.354378838150943,79.58808018900012,20.066293509158417,23:41.5,,India
23067,21.09087763377762,85.06681153370441,2.067975311349457,02:46.3,54:30.4,India
23068,26.76939193833878,92.75456622367294,1.082376668327702,29:30.9,,India
23069,25.32004778457961,78.52036527363957,3.7993556332599394,31:41.6,23:29.9,India
23070,25.41064693669257,78.4800607,2.9104778652562264,22:17.5,,India
23072,22.37860735252984,73.05075050913248,1.6713388546347676,50:43.7,,India
23074,29.961401204873315,75.16300305,11.73888407370826,50:05.5,,India
23075,21.51360675346024,74.89338248299896,0.9150609216687116,52:56.3,39:46.2,India
23091,14.10584347266157,76.56618258686416,1.3808686789431424,32:45.2,,India
23094,14.494246923990923,76.56973675599333,4.187521053655696,32:45.2,,India
23095,14.67569477469329,75.51381049,29.66344464494386,32:45.2,,India
23137,26.47712846404945,80.26744872,6.951469252667028,21:27.8,19:24.9,India
23138,26.49495069314724,71.67762133759965,3.6818037701361024,52:27.5,,India
23139,28.94565599332908,79.33572595674856,2.068664841857835,30:39.8,28:56.3,India
23140,27.529189369838008,71.96026516369253,182.95331322513627,01:22.8,00:33.9,India
23142,26.579616057557253,73.06455931464457,1.4512060783405167,50:43.7,,India
23143,25.803724444704383,72.28865656882901,5.571581943919132,50:43.7,,India
23144,26.07490720461482,72.26771312461509,1.4858933690560308,50:43.7,,India
23145,27.42994012,72.39687127505964,7.149341798611085,51:33.4,01:26.8,India
23146,20.250493882723045,73.85983140000748,1.001242042711023,43:23.6,35:20.2,India
23147,18.555870838272124,73.81926501477939,1.706785816442061,50:43.7,,India
23149,11.295426145510833,76.90339548001994,2.1796310704857005,12:13.5,,India
23150,12.650370720743622,77.74930569137607,2.573849608069253,32:45.2,,India
23151,22.568292883669827,87.30663818673035,3.6125809026980273,02:03.1,38:46.5,India
29140,27.443212658827097,72.48007449,42.59015347299222,51:27.2,00:33.9,India
29177,18.797895118185064,79.13208245372878,0.6576729297138165,,,India
29714,12.988846010057651,77.82547177309011,1.0631681872865602,25:12.4,17:46.1,India
31261,12.867511673585666,79.95431527054419,0.8106231137258342,11:14.6,,India
31783,21.15565167964183,81.17088100058899,8.365678505943466,11:14.6,,India
32206,19.787840039609502,73.65985627230053,1.9182214042686367,41:42.1,,India
32208,23.50496342609804,73.43959462428272,24.31001566920428,52:17.3,50:40.8,India
32209,25.16811307,73.25146060674584,11.90857020381234,50:43.7,,India
32211,21.411232576232795,73.12241825021978,2.2403943612793737,50:43.7,,India
32215,12.94485279551789,74.82531808338545,4.813166277,32:45.2,,India
32247,25.59564750289034,74.58707790339967,0.9378460062967804,,,India
32248,23.430380453433862,68.70365858702846,5.381133372693136,12:41.4,06:06.9,India
32249,22.321301262260693,71.26417576456838,4.380644937301433,50:43.7,,India
32250,23.34935433132749,70.38807354148406,22.470511062043645,52:29.5,,India
32251,23.664797797293225,68.77902806498528,1.428465561652344,,,India
32252,25.904919119587507,71.31912409687018,3.1295042364022336,01:51.8,00:33.9,India
32253,23.25694986744312,69.97883882679702,1.5084699713328764,05:14.8,,India
32257,26.488585194636343,71.20423522279438,3.156672478206929,,,India
32258,22.53879559270445,71.41491807,9.877426343401268,52:58.2,47:32.0,India
32259,22.06506376131354,72.62041569156877,47.13922068587246,52:55.5,50:40.8,India
32260,22.07617372819563,72.63489478142264,2.943612488221919,,,India
32266,23.76910136466932,72.99592760515982,40.51368643592081,02:21.0,50:40.8,India
32267,26.533701079599965,72.85658472756872,13.938944472254615,50:43.7,,India
32268,27.11647971,72.77879411470698,10.677336466120591,50:43.7,,India
32270,20.265987998135547,72.97210166176137,0.934733894,,,India
32271,26.278119131815693,72.65119060935736,2.273406733338121,,,India
32272,19.150566546029097,73.08675098,2.251875104,53:34.7,53:33.3,India
32274,22.303844013734658,72.72649908601029,3.5564345367886694,50:43.7,,India
32275,16.177540875675525,74.79027977866575,39.44066082133216,34:35.1,39:46.2,India
32278,19.076864197432293,74.61962779160572,2.4110899095944043,43:34.9,39:46.2,India
32280,20.87841220875228,71.27971041,13.365809501387448,50:43.7,,India
32281,23.05041281196338,69.6124679,0.8988817099739425,05:14.8,,India
32282,16.40237735754029,74.66415121446573,3.9215412768195663,41:42.1,,India
32283,22.422830318595384,69.84330154906888,1.6225800301392403,05:14.8,,India
32289,28.36153870402777,74.23970472204512,4.890766965464195,50:43.7,,India
32292,25.184407090495714,74.20230044,2.5602382157395183,50:43.7,,India
32294,15.91339085140356,74.89470556015493,4.127199585,32:45.2,,India
32296,15.781976046797649,74.45070087859752,0.983730678,32:45.2,,India
32299,23.14258851763148,72.45287680125462,7.130426570217635,50:43.7,,India
32300,27.59217228121621,72.22824343385123,460.3760342461016,01:29.3,01:28.8,India
32301,23.17757926097612,72.44014072283667,0.8834979982479424,50:43.7,,India
32302,24.654996461760977,72.40724131,1.720319286243816,50:43.7,,India
32306,19.04934493252785,72.88330719,2.730106632362354,42:26.5,,India
32307,16.70885776990032,75.07455744968377,1.1311294416863105,41:42.1,,India
32308,16.70640555350368,76.34976028241611,10.039851407782344,,,India
32309,15.154070517146437,75.83825417549306,13.979905439187815,,,India
32310,29.82182643831992,75.59873236005139,27.26590475672929,,,India
32311,15.582877200323818,76.15878439246129,1.8444553497866467,32:45.2,,India
32314,22.480895339253927,72.52363784829122,1.946510424673251,,,India
32317,27.329885170774265,72.27170097258184,15.51580619,50:43.7,,India
32318,23.01114878615927,72.26636893812068,1.7579807521809698,50:43.7,,India
32320,15.63351983609499,77.87646861859442,2.597095009354333,32:45.2,,India
32321,24.53221095342248,77.97185731416617,5.329642677532938,,,India
32322,29.08347092215188,75.44340659848886,2.292156828464879,,,India
32323,17.16771043144717,77.91497548750847,9.258601438696036,,,India
32324,29.850454386767225,75.49009374801919,5.605990995875189,50:05.5,,India
32325,8.534080201304036,77.79920876306423,16.724957725706602,12:13.5,,India
32326,16.59497575673392,75.46695804,1.4075713963773735,32:45.2,,India
32327,9.285293360435528,77.97827055014602,1.4334677414823107,,,India
32328,9.258874685829657,77.90971722447162,2.7616191703379216,11:14.6,,India
32330,29.961209418023888,75.77647522913234,8.746523351057931,50:05.5,,India
32331,24.09902545862663,75.70200969400045,12.60792989913816,41:42.1,,India
32333,17.455847058334776,76.06049398047705,12.491076770751327,32:45.2,,India
32334,26.564502597972503,75.56255521997367,3.7174840874150297,50:43.7,,India
32335,15.182228716366392,75.97234054163211,3.588686059814268,,,India
32336,14.981811434004705,76.07799947292763,63.63603560195574,34:44.9,26:55.8,India
32337,18.07923508065684,76.18079815,1.566931235956197,32:45.2,,India
32339,27.35254787942383,72.35610011,10.654054940602014,50:43.7,,India
32341,30.87836614457064,75.93857864625058,0.9215020198494108,50:19.2,,India
32343,15.200050401863784,75.86246702416749,1.1146401401005446,32:45.2,,India
32348,27.173111635317785,75.95162446989552,0.9126059780055524,51:16.9,30:29.5,India
32350,29.802640374816235,77.86978685593822,0.705790388,,,India
32351,17.074342151720217,77.55706411970769,10.727089743167426,32:45.2,,India
32352,27.301293124612453,72.32352462993234,1.9682233971700729,50:43.7,,India
32357,11.410818091562891,77.79566247124248,0.613735524,12:13.5,,India
32359,17.689221787207387,77.86080438587976,8.219760722671506,32:45.2,,India
32361,10.904336760024687,77.78330257492412,11.079820216785585,12:13.5,,India
32362,9.855784180761365,77.76844862445601,30.508148101137696,26:14.9,26:22.1,India
32363,15.02342780109457,77.84224551441412,45.34599028514472,32:45.2,,India
32364,9.232039924191678,77.76671870526744,1.444431494998383,12:13.5,,India
32365,17.541941699138548,77.96585034356836,23.370066395083903,32:45.2,,India
32367,10.856560911606149,77.97718991653582,8.605773568115328,25:27.5,,India
32370,17.088356151523424,75.87287111587497,12.799692668332684,32:45.2,,India
32371,31.05656019517781,76.37497451992823,1.6211372033526548,42:29.5,,India
32375,12.78323870335983,76.57090382417266,16.241351566544004,32:45.2,,India
32376,16.95905364379893,76.58213305152474,23.213601273458856,,,India
32377,28.11141444431458,76.80471493,0.6018614161299685,50:43.7,,India
32378,28.4275597341232,77.15972782779049,3.157346831105206,22:17.5,,India
32379,13.109037580739823,77.49664892360335,1.413784989,32:45.2,,India
32380,10.92604525716918,77.27349093411034,1.8915325081489844,25:43.2,25:27.5,India
32381,28.097227615437465,77.33916801178401,0.6571281985966115,,,India
32382,11.335406590281869,77.23700329683939,1.065799359,25:43.6,10:13.5,India
32385,12.146353667072558,77.31933084936709,30.177132143269613,25:29.3,25:27.5,India
32387,14.229197985750686,77.27893308,3.938606173,32:45.2,,India
32389,14.242946633981646,77.35086090477341,15.128647397772236,32:45.2,,India
32391,18.604401372761835,75.03738723993078,13.947448160644772,,,India
32392,28.36193431509204,76.21866561295197,2.7100518172674364,50:43.7,,India
32393,19.441770913864072,75.04669027827302,0.9794393142570508,,,India
32394,23.886584492036963,76.41220579171343,4.933788362819067,,,India
32395,26.455190516319607,75.94745352400085,2.841859069423609,50:43.7,,India
32396,20.03117081520768,75.03077833388237,0.6493113092889666,43:20.5,39:46.2,India
32397,23.87989684183185,76.42749084478746,3.2816754867119635,,,India
32398,29.818818758928057,75.57540370540562,28.554234902288066,,,India
32399,15.06472756098741,76.10691132993824,4.211648213571967,32:45.2,,India
32400,16.15896642818314,75.75547377136004,1.1843156206595442,32:45.2,,India
32401,12.756354020604505,76.20037194476909,11.148324984230252,32:45.2,,India
32403,13.95663284874649,76.79424195718757,19.509758421006243,32:45.2,,India
32404,30.37451494333961,76.83667390817088,1.2197943431564966,50:29.9,35:20.2,India
32406,14.868291388010974,76.81353688,11.41345566462397,32:45.2,,India
32410,28.541170251776027,77.08334724976484,9.805394526683417,50:43.7,,India
32411,15.240459277447542,76.85448558,2.114539163357933,32:45.2,,India
32412,13.497527708788189,76.88291107162844,33.422536773166215,32:45.2,,India
32413,12.060344035402617,76.79120605123278,4.651036100378508,32:45.2,,India
32419,28.525359935785243,77.47882041,1.995642435744892,22:17.5,,India
32420,13.21556012471117,77.12177463562385,0.8104713210915689,32:45.2,,India
32421,15.164069141682514,77.08121659097165,44.51461844073187,24:43.1,23:25.9,India
32422,10.55157338607397,77.40121945432819,1.205852968829788,12:13.5,,India
32423,14.011216205323477,77.36314443490895,0.7919016865229616,32:45.2,,India
32426,14.168091788494062,77.35782037424195,5.116214428581422,32:45.2,,India
32428,28.43751169250485,77.58737563276186,1.7205181062218873,,,India
32429,14.147082256101273,77.21977217350205,3.223571002380873,32:45.2,,India
32430,29.65824566637128,75.26389950708547,28.807135441408725,,,India
32431,12.759566097399777,77.20719532549607,1.7656615199314734,32:45.2,,India
32432,17.657857470266368,77.55638137,46.96150416900915,32:45.2,,India
32433,13.561241171113558,77.29162609884723,1.3813439427008214,32:45.2,,India
32436,14.188788865555546,77.35751869910835,2.867046451341493,32:45.2,,India
32438,29.44442252695156,76.86289091,3.897657938277698,50:42.5,30:44.9,India
32439,28.18047214871227,76.81514693817411,6.214030544,,,India
32440,18.30547232816445,76.65520676401273,6.028683524753631,,,India
32441,28.29756334974069,76.86084358430276,1.040709484079856,50:52.5,39:46.2,India
32442,12.796918854410606,76.57874536160354,5.9453862943909765,25:25.9,35:13.7,India
32443,33.259673548863546,76.73011078527247,24.224622194682144,,,India
32445,10.790013123842964,76.77322411724927,2.8520188536510327,26:03.7,17:38.2,India
32447,12.189216724630038,76.64114880889976,1.7996270974794972,32:45.2,,India
32449,28.370311209514394,76.88688683011048,2.2723783635610806,50:50.2,41:03.1,India
32450,14.762113857360127,76.95145231,10.150531844694315,32:45.2,,India
32451,17.308949016276216,77.61243223851456,18.530762800117625,32:45.2,,India
32453,10.939143416327433,77.53847567378796,0.7916700701873844,25:43.2,25:27.5,India
32454,29.77030306073372,77.85778200689249,0.5754526468405451,,,India
32456,10.927569102123256,77.28403879708763,0.8203999365024583,25:43.2,25:27.5,India
32458,29.76141308043982,77.92673957,0.5836835855015701,,,India
32459,29.910270090281507,77.87158351703066,3.0276426816252573,,,India
32460,10.95235574666495,77.30706722967027,2.951484629070781,12:13.5,,India
32461,29.746273714214496,77.94504914469151,0.720935198,22:17.5,,India
32462,29.76454140992292,77.98344817935941,0.6799935157679101,30:48.4,34:09.4,India
32463,12.949503776327242,77.68497471432603,2.3948023392739217,32:45.2,,India
32465,29.905263435636822,77.76273269178691,2.1453811808553085,,,India
32466,16.708583168381256,80.34359507,0.698012427,,,India
32469,14.964097774779413,78.05606801230918,273.2914189713713,24:44.9,17:46.1,India
32470,25.800002126593448,80.13808939564073,1.394269507481391,,,India
32472,13.698543476527671,79.87685284245136,1.389415059,11:14.6,,India
32474,13.701103061353434,79.88368656136176,1.984930392780886,11:14.6,,India
32475,16.749820584614547,80.89002722567267,1.1064400500161231,11:14.6,,India
32476,18.975920885375487,79.43047255442899,66.60110109470217,23:41.5,,India
32477,17.882262113699383,80.86014524891159,9.275947818708818,11:14.6,,India
32478,13.626770831528336,79.38379222762704,0.9767438336459188,24:53.9,10:21.2,India
32479,27.587428957161524,79.73155796887461,7.747446605355995,22:03.5,,India
32486,14.06358594759111,76.91991036,15.070718711786672,34:57.0,28:56.3,India
32488,21.09845337857506,76.90480602359925,9.879105476552349,33:00.5,39:46.2,India
32489,30.61152333525848,77.05890631452148,1.499171009944667,50:05.5,,India
32491,13.506765429288608,77.02971348174471,0.6111259752452045,32:45.2,,India
32492,17.931066409687507,77.54184672778727,1.551694471476376,24:06.1,21:37.5,India
32493,16.424007562446022,78.06855549737365,34.32844894161096,32:45.2,,India
32494,12.938423477171108,80.00279744124614,5.410053878630325,11:14.6,,India
32495,16.843411697535945,80.05694584105736,2.1948891697946205,11:14.6,,India
32496,13.528770961226233,79.98127811449547,1.999446229456566,,,India
32497,15.901834515482376,78.00279819482408,9.211419083111275,32:45.2,,India
32498,17.931860575992154,78.13238143499852,7.868403051425413,32:45.2,,India
32499,13.52303432355204,79.97349079897997,5.688207720842558,11:14.6,,India
32500,9.280357865010654,77.65707311496196,3.4745264205820527,26:13.1,17:46.1,India
32501,27.57788340512392,79.73503503039052,2.045629219992538,22:03.5,,India
32502,29.205272048671787,79.08973317788414,16.70339860195864,22:16.5,,India
32503,17.388542211036384,79.25852526369289,6.018503240863791,23:41.5,,India
32510,10.164471008079827,78.77677555717622,1.600429982008187,02:02.5,,India
32511,17.233299070037862,78.43397458673515,4.527226318971685,,,India
32519,13.210270197451097,77.69049403973067,2.7390811914975264,25:17.7,25:23.0,India
32520,13.553954933705976,80.05205027257959,0.5921845701971107,,,India
32521,17.304200698368128,79.95657232587025,0.8914062754312375,23:41.5,,India
32522,13.200689706293907,77.69842309452821,1.6872763163073807,32:45.2,,India
32523,13.473913169040012,79.97515638552328,1.4340843832931554,11:14.6,,India
32524,14.906215660589346,76.81024464136019,10.262467569371116,32:45.2,,India
32525,13.990489066259876,78.17089716259366,4.243538395260288,12:13.5,,India
32526,24.658686207981628,77.39230770405817,0.6492905915453389,,,India
32528,26.074585443049056,79.55670995984539,23.55411410962912,22:17.5,,India
32529,11.581766345808878,79.44760868737067,21.84383563540737,25:30.4,10:21.2,India
32530,16.71235844607614,78.47350003718776,17.986367154026862,12:13.5,,India
32531,17.222997668283192,79.21057022498195,1.7560748610408232,32:45.2,,India
32532,12.956642614253589,78.41341371885214,8.425233053243579,12:13.5,,India
32534,10.67890774269186,78.73861018665588,0.6271564541796127,25:27.5,,India
32535,17.73228665085929,78.25712835914835,0.5744449091703617,32:45.2,,India
32536,17.57171439281464,78.50265349935479,0.5788286364911791,,,India
32537,28.17044716396761,79.53790674700844,3.4651801480320668,22:03.5,,India
32538,17.497465688462576,78.28377672234943,1.6858257036768258,32:45.2,,India
32539,17.572355610196272,78.64943507496758,1.1657255734306675,32:45.2,,India
32540,17.053104735778422,78.53013754916938,3.599575119,12:13.5,,India
32542,16.806874330462232,78.89909114943325,26.90703495093188,12:13.5,,India
32543,25.23439201529542,81.55699539213734,30.85525335217037,21:39.0,20:32.6,India
32544,13.206088515249313,79.03917354978944,1.543276398878178,25:10.0,17:46.1,India
32545,17.175418003393283,79.08127002068761,2.9917361970513103,12:13.5,,India
32546,16.95315456215311,78.85225485465295,1.2702456039055026,12:13.5,,India
32547,20.919879408979323,78.96399832736302,0.8221885811531695,,,India
32549,17.038172543001863,81.01373602555229,2.650358292415123,11:14.6,,India
32574,12.794727218633344,77.74269001,0.7327195242481247,32:45.2,,India
32575,9.789011245111816,77.72612630164134,5.513884855015694,26:13.1,17:46.1,India
32576,20.021163453702904,79.27159127109404,12.537982072478906,12:13.5,,India
32577,13.368942825631889,78.36530018366352,18.55577708086277,12:13.5,,India
32578,9.447748186092674,78.57430328497325,51.22847449,11:14.6,,India
32579,21.092562697538582,78.73936915852721,4.989155321609859,,,India
32580,12.85249898,78.38140221151693,19.4586166,12:13.5,,India
32582,17.039642053900454,78.19114075,0.8580055434485897,12:13.5,,India
32583,18.140546417633736,83.65108505379995,29.168154790095738,59:30.8,,India
32584,10.83676381958611,78.31584354860654,6.724789465764665,16:05.4,25:33.5,India
32585,23.433043030216304,91.27692787138604,7.365644665308157,29:30.9,,India
32586,29.63188212123413,78.00165329511988,1.5284574189475246,22:17.5,,India
32587,17.392064297147645,78.18301723818688,1.1924998001086846,32:45.2,,India
32588,20.67408407608581,83.11183017732992,8.305558189577201,,,India
32589,19.26231599186488,82.73380882863289,40.00531358235143,13:16.6,01:07.5,India
32591,20.52568711186744,85.92396543424053,1.2093474846019587,,,India
32592,21.281114925324747,81.58560621727993,1.9484938687802145,,,India
32594,26.89452980777663,81.09948431458028,3.712049226,,,India
32595,21.087049951900084,85.09774687297042,10.086536978135928,59:30.8,,India
32596,20.44605439489645,85.82505571,1.744154233119806,03:01.8,03:03.6,India
32597,19.958343047704595,85.42397866337352,1.6898188354981114,,,India
32598,20.73259233079041,83.46598987067165,4.017388905822878,03:06.7,13:05.0,India
32599,19.976444927069537,85.46571076534536,1.6055559980038248,59:30.8,,India
32600,27.126344741822948,84.29699476041978,10.19543283695274,,,India
32613,14.463416836265496,78.23809647,8.679914434233236,12:13.5,,India
32677,22.87006513379507,88.40258157041755,2.3761333522912325,,,India
44373,28.607503937106795,77.00624650264939,1.0746148364254269,50:52.5,39:46.2,India
44377,14.49689684904936,76.67658733043153,3.745697689016789,32:45.2,,India
44382,13.593039516610697,79.73322763236749,10.911436353046378,11:14.6,,India
44390,14.606365791985745,76.70585984467202,0.7217307874196839,34:44.9,26:55.8,India
44435,8.846320528844847,77.59399040980361,144.98620303459217,26:38.5,26:29.0,India
44459,14.1061267,76.55855980517683,4.436287216712172,32:45.2,,India
44498,17.519291214607023,76.50310991113318,1.1259536239074537,32:45.2,,India
44601,16.46869168444088,77.50518564396008,4.148095461332312,32:45.2,,India
44604,28.362801025555694,76.93108729609268,4.057353091410958,50:52.5,39:46.2,India
44608,15.35729331743902,78.21925225025927,11.074596410058865,32:45.2,,India
44614,14.612417910612622,76.71896064,2.876078287024997,32:45.2,,India
44620,25.09576663888789,76.40275704566453,1.2605414516271614,22:17.5,,India
44630,23.906241444254466,71.20298616395823,487.9560896085635,50:43.7,,India
44635,14.474967038657583,76.31512259137205,5.848147449546458,32:45.2,,India
44691,15.72959818967966,74.76316513876013,3.679270225248516,32:45.2,,India
44713,20.27120486640329,74.49569433541505,1.5114880926770111,43:20.5,39:46.2,India
44718,17.762163016075746,78.59240764823622,21.37787284218573,32:45.2,,India
44721,16.792578580033517,78.94154908403553,16.03420223215089,24:17.8,23:56.6,India
44726,16.454981850860147,80.41181629488797,1.466905748954665,11:14.6,,India
44727,18.257083852503406,78.30476764932715,29.11058422620635,32:45.2,,India
44728,13.58030070038465,80.03405422887981,1.3396720558105712,11:14.6,,India
44729,16.738405931494434,81.76351043916021,2.610844858754613,11:14.6,,India
44730,16.90608512805485,79.31576901106115,1.4957787568570424,11:14.6,,India
44731,17.719160257062722,78.24714874298832,0.8696972085387215,32:45.2,,India
44732,17.807838163706226,78.35373742413366,1.1913682707324913,32:45.2,,India
44733,16.34839927613716,75.20343593128564,2.7462341075476644,,,India
44734,17.773733919601924,77.01912732037509,2.709731860735628,32:45.2,,India
44735,13.670442094441784,76.62428912316763,0.9243696332469332,34:57.0,28:56.3,India
44736,13.39641020123489,76.40659326,24.990529249563814,35:11.3,28:48.4,India
44750,26.92659598310348,80.19998459101186,1.2548454716001889,,,India
44770,16.933783159430735,78.38160285218508,0.9099596328572008,12:13.5,,India
44774,17.774349267306373,83.27163087860201,1.346880922591131,59:30.8,,India
44775,18.188897038308657,77.46283417865374,53.46922538,33:43.6,26:55.8,India
44776,13.770203985171946,76.89685022286396,1.9424698365903712,32:45.2,,India
44777,16.02743795217195,74.97404902671342,3.5131260835218865,32:45.2,,India
44781,18.71734178709277,76.7676276,0.7653102223280487,33:46.8,26:55.8,India
44786,28.93244628592845,75.62799738083865,11.519666434616507,,,India
44787,20.93961941187581,71.40113036821451,4.3608291910430665,,,India
44788,21.49484038991589,81.78759519834121,1.005921516569776,11:14.6,,India
44790,24.47503131133883,81.57645030873965,487.6802781688834,21:53.5,19:31.3,India
44792,22.360413354896643,73.35821220155326,7.092776748956752,,,India
44793,26.97094327108835,72.12562373421764,36.47804188486732,50:43.7,,India
44794,31.254951984237827,75.70469120007947,0.7224647464063157,50:19.2,,India
44809,16.18903164458699,77.04400793273847,3.0556393186591326,32:45.2,,India
44810,17.98001345289768,77.43261279658748,37.520246996324765,24:06.1,21:37.5,India
44811,15.728535691832649,76.85960493981383,4.065203244634967,32:45.2,,India
44812,12.035600984522144,77.27460753,1.9724892949223167,32:45.2,,India
44814,26.80748838,83.34932988186179,0.9075790950380784,21:12.2,03:34.8,India
44815,18.889995246300952,76.67625296426307,53.972344702150345,33:46.8,26:55.8,India
44818,19.164978202146084,72.92121643141135,2.432434977473134,42:26.5,,India
44819,17.56121925268492,75.99925598884614,1.1452925373600178,34:01.9,39:46.2,India
44820,19.289885949201807,75.73434945112727,0.8391891943253674,32:45.2,,India
44821,15.133006246586922,73.94662974,1.2868898999548044,44:46.1,42:12.0,India
44822,23.579706452770512,86.46769305,6.347229721,,,India
44823,10.929849855276563,77.32452903812901,1.0304718878632535,25:43.2,25:27.5,India
44824,9.220858580912926,78.38555271497385,64.49629666011161,26:09.3,23:26.4,India
44825,19.80137370761577,74.24445131199607,0.6476843967129637,43:34.9,39:46.2,India
44826,12.918907315915314,79.87629383787687,3.6858051280527993,11:14.6,,India
44827,22.34512645569723,87.17948486,20.31767791749669,52:25.5,38:46.5,India
44828,19.278978655271267,73.39756455542319,0.9541259843555138,41:42.1,,India
44829,28.62334420120953,77.25048695917985,2.909704561865248,22:17.5,,India
46244,28.463352393580667,77.49830750350937,1.7631947264393308,22:17.5,,India
46288,30.507846124721464,77.79646573690326,2.268764335533085,32:56.4,,India
46611,28.15454392925455,72.9639858,10.93713809,50:43.7,,India
46615,29.826940621411573,75.81916739,4.210892086802873,,,India
46631,29.985896487442364,74.75263590534247,8.225549841885163,42:29.5,,India
46650,30.66528089095021,76.79195810405908,5.824733433158431,50:05.5,,India
46673,8.887870029436325,78.06450408090593,4.3584674564242665,12:13.5,,India
46859,24.72111263536293,75.03705837431299,28.27866226370228,50:43.7,,India
46886,24.787240557144013,75.08567761239227,40.28923370664855,50:43.7,,India
46887,25.447620461816147,79.72191348193827,8.089242217,22:17.5,,India
46889,25.81708644,79.69244923635428,6.150061624774293,22:17.5,,India
46894,10.824497427044426,79.81441193275471,4.681305578195695,11:14.6,,India
46901,20.742351822010693,83.10862995844367,12.432893904507438,59:30.8,,India
46902,14.79217919258184,76.08513098443207,12.282242768220245,32:45.2,,India
46904,30.507339792108063,77.80168970533353,2.7735204805021536,32:56.4,,India
46907,17.636776343925415,76.39125404088239,26.98760604199251,32:45.2,,India
46908,28.05783203053716,73.20621491870642,1.7979236090130533,50:43.7,,India
46910,29.94940357788483,74.67620726299013,27.35485207010132,,,India
46912,28.28302911874172,77.31761834277367,5.613850837454058,22:17.5,,India
46914,26.86088981037361,71.99358454430545,14.212140029069634,52:27.5,,India
46915,27.48263930046152,72.38753436709065,15.47619295290308,50:43.7,,India
46927,14.980938269794349,76.11802913871217,36.23341537339487,34:44.9,26:55.8,India
46928,17.24749618724167,75.66248585593041,22.72358819719676,34:01.9,39:46.2,India
46953,31.39589550862345,76.18331817158588,3.6188746609403615,50:15.6,35:20.2,India
46973,23.716323969671915,87.06956315632696,1.3837337431772243,01:51.6,38:46.5,India
46975,14.176498849913028,77.43919098122586,17.47558340254499,32:45.2,,India
46976,17.642054263975254,77.41817507719138,9.259571201395486,32:45.2,,India
46977,26.76295672662068,92.75905468223291,6.038486175164096,29:30.9,,India
46978,12.846028859170984,79.95512454854865,4.190594323516861,11:14.6,,India
46979,23.66878804176672,71.57843789330649,6.870327043993223,02:16.9,01:03.9,India
46980,23.36087230077143,70.07540635,202.15744896170145,02:45.1,02:46.4,India
46982,17.046863180682717,78.23637629584987,2.181916547725521,12:13.5,,India
46985,30.08673152617725,74.03947359975552,24.45694421245028,42:29.5,,India
46986,14.104155157321838,78.46234155,290.74686736796326,24:59.3,17:46.1,India
47036,17.058284547109334,78.46581492242557,7.191190430171603,12:13.5,,India
47040,17.926304455164594,78.02104527883873,33.224703322991395,32:45.2,,India
48042,16.932690496682852,75.68717000853958,3.645851774647532,32:45.2,,India
48070,23.03935100524087,76.93964452640091,40.08735663031909,22:17.5,,India
48106,16.83774600495347,78.95674128,28.424021953059324,12:13.5,,India
48124,22.72103212265236,75.81155181296143,1.1328951896780393,42:33.6,39:46.2,India
48848,26.790843034691125,72.00921501,186.65202826919952,52:27.5,,India
49075,24.516614625368423,72.78575977606918,9.974653182925536,02:03.0,50:40.8,India
49229,29.87271860596224,75.62423354991496,96.67303556658072,,,India
49233,27.361658136305667,71.70693628991853,299.3566297,,,India
49250,14.947518643367788,77.68522273473485,69.47688221969992,32:45.2,,India
49725,27.384713635346166,70.56690695763602,27.285408758996187,11:21.9,,India
49761,18.14746754138001,77.42274486544126,9.006798968024551,32:45.2,,India
49809,24.65557616,74.64141998519482,3.734527365664668,50:43.7,,India
49875,10.54177003928782,72.61765866,0.7262229158843109,46:09.2,46:17.5,India
49877,28.543839048639978,77.23286842842938,0.7684455347775522,31:03.3,41:03.5,India
50208,9.391132436807098,78.34970021720399,63.641304175491086,26:09.3,23:26.4,India
50400,12.804427780026836,79.31826318828125,9.606816122,15:10.5,04:22.8,India
50922,12.900980338741377,77.37268382619445,0.6203171737877924,35:09.3,25:17.4,India
50995,22.251036600532377,72.73891453156826,96.06368987893148,52:55.5,50:40.8,India
51463,12.01866916284006,75.19939085488627,2.008089396060584,35:30.9,33:15.7,India
51464,9.221570884640435,78.40858455924476,32.721215542718404,26:09.3,23:26.4,India
51467,27.34810928550045,72.15573893671527,18.637531599634464,51:27.9,01:24.6,India
51481,22.350503593180893,73.18949159143747,7.510818040048265,50:43.7,,India
51484,29.821694972220723,75.53175266317501,5.681436031232531,,,India
51487,29.78738906,75.08742495100847,11.205916511443547,50:49.2,50:48.8,India
51776,16.55450692626132,75.23206688,32.80145121629132,34:16.6,28:48.4,India
51777,22.217473773445647,84.84873682825487,1.0782439725971966,,,India
52307,26.70808144348191,71.41209824565287,212.93773111913097,01:45.4,01:43.8,India
52638,11.139359379912936,75.95238892230421,1.1467058934257754,32:45.2,,India
52704,21.25205795175897,81.37397568,3.637752366,22:48.9,12:56.0,India
52716,21.243782430967627,81.38013004,1.1360589780744053,22:48.9,12:56.0,India
52786,8.934957718728592,77.83695378512918,68.74575325816325,16:31.1,26:27.0,India
52793,8.969427659301862,77.89801065720633,112.35342818127236,16:31.1,26:27.0,India
52836,21.72152456918799,84.04836018523164,25.50062604526269,,,India
52901,12.71503211038631,74.98112708225548,60.14071400396657,45:19.8,35:20.5,India
52908,14.916249021087896,78.27729545662444,184.19874453138604,24:47.9,20:42.4,India
52909,10.794400344049167,76.83045402125987,1.0307890604325785,35:57.2,26:04.4,India
52910,23.60509868976536,93.11717112095428,0.7167173840598717,,,India
53049,26.423050390359528,81.75751565922053,12.486942803337202,21:25.4,21:26.2,India
53082,15.368446807982068,76.30517687288416,24.748083255861427,34:44.3,33:15.7,India
53131,21.66814508775808,79.73560905,2.9057280847634464,22:58.3,19:31.3,India
53155,10.180660739746909,77.80719664973067,58.94409446235026,26:02.7,26:02.2,India
53197,17.960677026882767,80.83117143606094,27.979987665981817,23:53.4,14:00.0,India
53206,21.98918985081742,70.94352503,3.027377981352316,52:29.5,,India
53213,8.974531263086913,77.84797269499137,6.817931404970655,16:31.1,26:27.0,India
53218,23.66683111125321,71.54597223660436,7.172964532176723,,,India
53224,22.08646386182312,70.38001915109258,8.076413689299423,02:59.6,03:00.9,India
53234,27.40697952172001,72.17512665526189,15.398230385976971,51:27.9,01:24.6,India
53237,26.600316462734032,71.54475207545396,74.1089834,01:45.4,01:43.8,India
53238,27.13140008485001,72.42331782633498,8.080271804195316,,,India
53239,14.806242580006968,76.10121594189957,2.672694873928713,34:44.9,26:55.8,India
53240,16.62265303049655,75.55484322064349,19.161038366644124,44:13.4,34:14.8,India
53241,14.580021624794044,78.57194063310723,14.664428425578835,24:45.7,24:50.0,India
53242,13.910942325551002,76.81911757,29.121266062321503,32:45.2,,India
53243,12.797719020311217,76.57056087163748,6.222630539129274,35:11.3,28:48.4,India
53244,13.513922500129611,78.10062982261137,4.498490703931371,25:14.7,25:19.0,India
53245,17.642037406189516,76.14965178746799,10.537641864906146,34:05.3,34:08.0,India
53246,18.598189093432936,73.85834206990582,8.174259390736053,50:43.7,,India
53247,19.26963526,74.39037545206831,10.08911906211448,43:38.5,43:40.3,India
53248,19.30254698015604,76.46329163,34.74664304,43:24.4,33:27.9,India
53249,19.285596644129573,76.46493541,10.573722638395468,43:24.4,33:27.9,India
53250,19.83019992156085,76.40239236213444,9.949529918098484,43:29.2,33:38.5,India
53251,19.86005339256568,74.03741943224041,3.3938455488853383,43:41.9,43:41.2,India
53252,20.877954848076765,74.96290787086964,10.76681961534194,43:05.3,43:08.8,India
53253,21.10219021972461,78.20797809766971,5.037984285961926,23:03.6,32:59.4,India
53254,20.433353883629422,74.25843020728121,12.433077564688029,43:24.1,43:25.8,India
53255,20.790982563512312,74.35385757019156,12.264605703395398,43:24.1,43:25.8,India
53262,16.654906948517645,75.43930153417654,14.51295711513436,44:13.4,34:14.8,India
53263,17.103267977871038,77.24023279652239,88.01458463966694,24:20.3,26:55.8,India
53264,17.73373492,77.21220986971541,33.36584357724317,32:45.2,,India
53265,17.674121431261998,77.20706243320087,4.277088808155996,24:03.9,27:31.5,India
53266,17.982434131381343,77.56074303709862,14.33008886219023,24:06.1,21:37.5,India
53267,18.08052385067959,77.13126938834688,24.977918830459416,32:45.2,,India
53268,16.204813069008726,75.13711856411015,16.64020604910919,,,India
53269,16.31712410529086,74.55762765233891,12.747061198688227,44:17.0,44:15.2,India
53270,15.63953808954505,76.93233871427812,4.694325548317042,32:45.2,,India
53271,15.65441060363064,74.72893440132773,15.814131652497649,34:36.2,44:29.5,India
53272,15.992559409867454,76.93192722894229,41.55849120499983,32:45.2,,India
53273,15.36897043095512,75.75517296974377,19.61377270147084,34:47.4,34:43.8,India
53274,15.494830763237497,75.36889042849232,19.020938649173992,34:32.1,33:15.7,India
53276,15.038909290233727,75.19661144222843,12.698116005982442,34:45.5,32:23.9,India
53277,12.838670445531733,77.19939990010936,30.97620915622426,25:12.4,17:46.1,India
53278,12.861422629231754,77.30030058711624,12.09861233321387,25:12.4,17:46.1,India
53279,13.09244440473076,78.28619156,9.219780785,25:11.9,17:46.1,India
53281,12.02663469566299,76.81263926,2.8706664525511214,,,India
53282,12.100652142974011,76.84354788312953,12.772222632659116,25:32.1,31:54.2,India
53288,13.285464281305032,79.61915960266667,17.62575599149277,25:08.5,10:23.6,India
53289,10.962106742395578,77.75821989,4.763000802474248,25:45.0,25:51.0,India
53290,10.98045376439762,77.70026810290332,4.099910947,25:43.6,10:13.5,India
53291,10.774405942966736,77.23379735445273,50.08952663873689,25:58.3,20:33.6,India
53292,9.941632608,78.71673738,40.59531200045975,16:06.3,26:08.0,India
53293,10.138885735142049,77.71227637242713,77.10909789238985,25:58.3,20:33.6,India
53294,10.135612188600408,77.74589522262725,11.659403321480852,25:58.3,20:33.6,India
53295,8.893378741798442,77.78909040116736,6.530897115992416,26:34.3,26:26.6,India
53296,8.904291229445054,77.79526394712514,35.61851918445246,26:38.5,26:29.0,India
53297,9.246504219483354,77.55642226421256,8.304133582007902,26:19.7,26:12.0,India
53298,9.325705388892915,77.60194153421617,42.38278006915348,26:13.1,17:46.1,India
53299,9.410730281856427,78.00319578613839,44.64324538874563,26:09.3,23:26.4,India
53300,9.825082012040918,78.28943887111335,10.210752787428076,26:09.3,23:26.4,India
53301,10.57161543834013,77.58397949,9.070247652465746,25:58.7,25:59.7,India
53302,8.788624153,77.51884273169108,19.558727748470663,26:40.9,23:23.0,India
53303,8.884791471475289,77.67852460226642,34.671826954821256,26:38.5,26:29.0,India
53304,10.522585562326876,77.90473065978433,3.409050995938312,16:05.4,25:33.5,India
53305,10.533926066407274,77.91787553809897,6.350803794906345,16:06.3,26:08.0,India
53306,10.56515275142423,77.93461900298354,8.931903626,16:06.3,26:08.0,India
53307,10.810351182720003,77.79862325373746,6.583744842286132,25:58.3,20:33.6,India
53310,8.767500025285125,77.95648503842175,6.407676596601061,12:13.5,,India
53312,27.88246023961188,79.74151771305598,11.233496449072671,31:15.1,31:18.8,India
53356,23.64618564363545,87.04870224237388,9.424320538963736,52:01.6,52:06.7,India
53360,20.12053558,83.22950666503426,60.83519177614493,03:04.4,03:34.8,India
53361,20.13550197907996,83.23630116201876,20.46551323,59:30.8,,India
53370,18.446514088809973,79.87840763260752,12.439818366720631,23:42.6,23:47.2,India
53375,21.23392109502677,81.46583828540335,31.10157498065299,22:53.3,22:50.3,India
53376,21.036741828572247,83.84854762659465,1.9929315006200743,,,India
53384,15.13209290710805,77.62299408777501,1.8539607927823265,32:45.2,,India
53389,26.723743007308347,80.05011182900763,56.01056360216335,21:33.3,31:29.7,India
53390,26.756114055307805,80.07133025148383,130.17549233581406,21:33.3,31:29.7,India
53423,23.62956963,74.36270872420513,7.866805709043732,52:18.2,50:23.9,India
53534,20.109523310814467,73.91856143920117,0.9401598847639756,43:27.2,43:26.5,India
53560,27.93646844130123,75.67873889970663,1.9016240953556545,50:43.7,,India
53561,27.03231487489987,71.53228380684632,1.511346723772084,52:27.5,,India
53562,27.696471281964204,70.94324890800249,6.9463175193119655,11:21.9,,India
53563,30.461353198692336,74.61918710148942,2.444745832162748,42:29.5,,India
53564,23.81404772326161,77.89538408644927,10.449336797299065,,,India
53565,21.68043974363276,79.73965976033588,0.8467330617229781,22:58.3,19:31.3,India
53566,23.71552571921504,71.87625987674525,24.843092861524475,02:16.9,01:03.9,India
53568,20.37873152698941,75.03247912285953,154.63598131332358,43:20.5,39:46.2,India
53569,21.29476773408688,78.61067109,14.735438082116922,23:04.8,32:56.0,India
53572,17.349261233250836,78.17810871,5.938303769512165,32:45.2,,India
53574,8.535264040892745,76.87238453727227,0.8357958674090957,36:20.9,17:46.1,India
53575,10.149064291407653,76.39021526959097,1.2186274549277794,,,India
53579,10.836899569266116,77.06810960706126,17.28428771937072,25:58.3,20:33.6,India
53580,10.848555300696969,78.42468859107568,5.207500543463409,25:51.6,25:54.0,India
53581,10.83698810023569,78.42474154828285,14.816680513083682,25:45.0,25:42.6,India
53617,26.657749600267888,71.27434854382183,159.6684749421726,01:45.4,01:43.8,India
53618,27.42963437115109,72.18990506698239,39.667881875988726,01:27.3,01:25.6,India
53619,27.437591718182897,72.17748223074668,32.477231433903235,01:27.3,01:25.6,India
53642,17.790446767238944,77.67211676125724,7.739634025740226,24:06.1,21:37.5,India
53691,8.912956924,77.82474767169697,80.63562395766084,16:31.1,26:27.0,India
53703,8.396548231349886,77.76651566149397,1.5026422860770534,26:34.3,26:26.6,India
53736,9.107535116,78.32807134212477,4.159185629242377,26:09.3,23:26.4,India
53853,10.896392385603788,77.78018702420007,6.480185791,25:43.6,10:13.5,India
54029,10.844612861241576,78.43335660216201,1.0596932866679778,25:51.6,25:54.0,India
54308,24.14163937,71.28146680287867,40.25026300997412,02:22.8,02:25.2,India
54311,18.651940998300308,79.53530840259846,51.48473884971382,23:42.6,23:47.2,India
54367,10.882575830125235,77.73099599458047,1.5407148998496691,25:43.6,10:13.5,India
54485,29.02002565,77.73507269711267,11.312043842567402,30:54.7,40:52.1,India
54589,17.094493462008113,81.80271807323972,1.3374187986400878,,,India
54593,24.42703918430554,71.73754723553465,33.592411381793546,52:17.1,02:11.7,India
54898,12.215355991829412,75.24156134971678,7.209710574183793,35:35.7,35:38.3,India
55002,19.378865456606245,77.40807913265898,3.538643298170879,33:34.5,33:33.8,India
55174,9.244575068877092,76.43072635178677,16.02824214839717,36:14.0,26:24.3,India
55531,15.355161646017551,75.07310584015616,7.016761303770354,44:46.4,44:46.8,India
55766,13.258330540654237,80.30451277590896,2.4954893326510668,15:10.2,15:15.4,India
55770,13.543801591089462,79.99985035926534,1.2912129169491582,15:10.5,04:22.8,India
55776,34.14326972171561,77.56552936564762,1.6973531964738149,39:41.7,39:44.0,India
55819,17.590310063535494,83.11532124668048,16.473415087123303,03:56.4,03:56.1,India
56129,26.683410512130354,71.23455433749784,181.4672926502836,01:45.4,01:43.8,India
56130,26.83262111996799,71.42458626045931,300.50143415113666,01:45.4,01:43.8,India
56131,28.27151157535285,73.33879276,209.2574720486623,01:09.1,51:11.7,India
56322,29.003677487841426,73.67864061470033,1.2190066677195608,50:52.7,50:54.1,India
57168,9.841732834600938,78.08236424038938,0.7680273685997666,16:16.8,17:51.1,India
57170,25.41648487451064,81.85663487063415,0.7369645958511685,21:39.7,21:44.3,India
57515,17.597204434037494,78.11966607301163,0.8264344790605523,23:58.7,24:01.5,India
58121,17.80708190227075,78.43529107724514,1.7501528967740556,,,India
58579,13.667949001561285,80.22416199869895,0.7667930718802419,14:55.1,14:01.3,India
58623,18.73235233903759,73.36347437850345,2.3388278233804765,43:57.7,43:54.9,India
58767,26.456937916273272,71.53053016,174.0414903063958,01:43.9,01:42.7,India
58768,26.54267751476444,71.56470686506015,9.814209246078658,01:42.8,01:44.5,India
58769,26.62564837,71.44419391977317,152.76448210287194,01:45.4,01:43.8,India
58770,26.64925883925559,71.48014103,183.39194546649733,01:45.4,01:43.8,India
58771,26.68646697023109,71.46862233424696,107.42567942605083,01:42.8,01:44.5,India
58772,26.7138638698454,71.47433261,156.84503787181904,01:42.8,01:44.5,India
58773,27.5877424420034,72.31222837,149.51640188528663,51:29.4,01:21.9,India
58792,9.135975694132268,77.92130739501903,11.674064812452867,26:16.2,26:10.7,India
58933,15.577234556413243,74.78022008,5.229926741036072,34:36.2,44:29.5,India
58951,20.89777779607676,71.2296906,4.329302638608044,53:12.9,47:32.0,India
59066,21.426542737124063,71.60820114859199,32.82649496398257,53:13.6,03:12.1,India
59073,21.49378592416021,71.00243934,36.39668785,03:15.7,03:15.7,India
59078,21.361453807960565,71.36914339404127,130.04627992419233,53:17.1,53:15.0,India
59082,21.926826659654186,70.30389128068063,0.9007983701236278,02:59.6,03:00.9,India
59083,21.965199665792788,70.33874821337467,2.3982391575566573,02:58.5,02:55.8,India
59084,21.92935890244673,70.32071532035053,4.232935991989191,52:29.5,,India
59085,21.92067988228936,70.31323672721426,2.113850156353165,02:59.6,03:00.9,India
59086,21.84656908,70.32918566945078,2.5437068131046545,52:29.5,,India
59087,22.013654499808187,69.86485343250463,8.504186555013955,12:53.0,03:02.6,India
59088,21.91691948992028,70.11406450141934,2.746057511604819,02:58.5,02:55.8,India
59089,22.00982459067069,70.03707126732094,5.287705385931848,12:52.4,03:00.0,India
59090,21.934790525837847,70.10563342312973,6.846020771578709,02:55.3,02:56.9,India
59091,21.944930172613947,70.05288311763974,8.933563361480353,12:56.0,02:58.9,India
59109,25.480945578350312,77.59933387697778,34.06321236340981,41:46.7,31:47.1,India
59248,22.35845420747936,70.23712149087248,2.742532587286256,03:01.2,02:59.5,India
59249,22.327219072980103,70.28897906856575,4.749135656037797,03:01.2,02:59.5,India
59250,22.31759602344889,70.30421064201586,8.22309588,02:55.3,02:56.9,India
59251,22.152005498198665,70.29330787549047,11.631107113949284,03:01.2,02:59.5,India
59410,21.475635057550868,71.64778266794869,108.56891899060808,53:17.1,53:15.0,India
59578,23.07575919959209,71.16185231483178,3.8416979550190913,52:44.0,02:40.3,India
59579,23.070967746538912,71.15435849670268,5.575362338831213,52:45.5,02:37.6,India
59641,22.96902860808905,71.47212956289992,1.1091339316173423,52:49.5,52:45.2,India
59642,22.98726790204013,71.36142793684762,2.391579433188462,52:44.0,02:40.3,India
59643,22.98565213697104,71.37958966354009,7.179960391308362,52:44.0,02:40.3,India
59644,22.71778269548063,71.34010212158967,13.39693310262733,52:41.3,02:41.4,India
59645,22.92409078442486,71.35712371,30.47514177922978,02:37.1,02:38.8,India
59646,22.80508370957869,71.20249187847153,5.181005488688426,52:44.0,02:40.3,India
59647,22.797265153992857,71.21186237093318,3.345618079255201,52:44.0,02:40.3,India
59677,22.14673797206697,72.23789258977713,195.4393175055048,52:53.5,52:57.6,India
59985,23.617506161680247,70.46663392,6.5116628482901815,02:32.2,02:30.9,India
59986,23.089529438195367,70.96889178514535,2.925754185317101,02:40.8,02:39.6,India
60303,12.94430159308023,79.14533383625502,3.745027814209709,25:10.1,25:12.8,India
61161,15.746628998347797,73.86427325356931,2.547576887560497,44:38.7,44:39.1,India
61488,29.91852649244132,74.98705527329189,1.056376280472186,42:29.5,,India
61568,29.06052102881194,79.52822150464394,1.5887407559976574,30:44.3,30:49.6,India
62298,11.943455568252949,76.82303516778406,2.8055752377396828,25:32.1,31:54.2,India
62467,26.283346639619044,78.21959999098722,1.1024580186309405,41:23.4,31:36.9,India
62781,9.302341809937744,78.29697791887848,46.29396199579118,26:09.3,23:26.4,India
62782,9.304511854596614,78.27801257,23.066813627621176,16:17.5,26:13.0,India
62857,26.89313776819053,72.05830603645184,224.1741234852616,01:43.9,01:42.7,India
62921,16.503446360195834,81.89817609843486,5.102820373670596,14:08.9,14:20.0,India
62933,26.36127547009585,92.85143452426324,8.389431658943687,41:08.5,41:08.9,India
62964,21.56329063,82.02495453267461,10.132023195204257,22:48.9,12:56.0,India
62965,29.627912019887493,74.72410148412717,11.832450248838022,50:49.2,50:48.8,India
62994,21.72012325301604,72.74713206406781,5.029215449048856,52:57.7,52:57.7,India
62998,10.95897568819384,77.77394514223016,4.998719489026863,25:45.0,25:51.0,India
63098,22.506942518259187,87.1949987,8.735849295187943,52:25.5,38:46.5,India
63188,26.93257022906417,70.98660275623301,7.728265319390229,11:36.2,00:33.9,India
63189,23.92573193558372,71.64318282313057,3.458776360598915,52:35.4,02:26.0,India
63190,23.918154990373992,71.63898328860915,7.417804829250111,52:31.5,02:30.0,India
63195,21.52095553614269,78.19996137122038,13.732223378722718,32:56.5,33:01.5,India
63257,21.83574069522201,72.84895343496846,12.85589483225063,52:55.5,50:40.8,India
63258,23.893106563954827,71.76309248632494,4.426678743788714,52:31.5,02:30.0,India
63260,16.476418488730328,75.20283306,14.17147120166022,44:13.4,34:14.8,India
63261,16.05723415,75.83741874001234,14.585430024482072,34:32.1,33:15.7,India
63268,15.886728174114044,76.88734570699414,7.608259581808426,34:28.3,28:56.3,India
63380,11.275425045153064,77.24681441880082,13.052693675435863,25:44.1,25:46.9,India
63448,15.971311933553205,76.08593112208315,6.160503202735813,,,India
63450,24.566023761123752,80.99260664230958,14.048842265574718,31:44.2,21:53.6,India
63451,19.02850583393328,74.79344651698858,3.982309753749361,43:40.0,43:35.1,India
63453,21.413303980470307,74.75881334590933,11.915440614796337,43:05.3,43:08.8,India
63454,20.432936351913863,74.7652998,12.749357361473022,43:24.1,43:25.8,India
63455,18.576336476598616,75.27794236836742,11.452503897163384,43:49.3,43:49.9,India
63456,20.8746658,75.06975584641879,11.797739676615194,43:08.7,43:07.9,India
63458,27.90055958973163,72.96153701913956,4.564472757275195,51:27.9,01:24.6,India
63459,10.756559594109394,78.42228381403172,4.937838839540917,26:01.9,25:57.5,India
63460,9.155040643725457,78.54009342416698,9.037681650332951,16:16.8,17:51.1,India
63461,17.543328986531048,80.65604441207307,7.713046214083306,14:01.7,14:05.3,India
63492,11.196219850352616,77.19212047867876,3.034461467108477,25:43.6,10:13.5,India
63565,17.295511805785363,77.43604420871442,6.884204980080663,24:06.9,34:09.0,India
63580,13.181810304299196,78.15094290377301,10.644826294288665,25:14.7,25:19.0,India
63581,13.627846873699196,77.82402805945391,13.011292492497953,25:00.1,25:04.0,India
63645,20.923028317872586,74.27911525549014,11.821586652382203,43:05.3,43:08.8,India
63646,18.849470531747755,74.44971758818876,9.237062090694003,43:48.1,43:47.8,India
63647,20.71962878637238,74.59059036537934,11.802055044749808,43:24.1,43:25.8,India
63648,17.453193250751703,76.03566121541893,8.729888624852913,34:06.8,34:06.1,India
63741,26.27833979059029,73.07796711705822,9.945161698570477,50:43.7,,India
63742,10.984209051800448,76.96978570932804,4.600832384044977,25:43.2,25:27.5,India
63743,10.875020645426352,77.16144081598111,9.638498612,25:44.1,25:46.9,India
63744,10.751518882931093,77.261004,6.337607793373759,26:02.7,26:02.2,India
63745,9.306716420308828,77.77299181492948,5.531510268433824,26:19.7,26:12.0,India
63746,9.687138082560292,77.80231592844078,8.731714115369675,26:12.7,17:39.9,India
63747,9.257175443880827,77.88252360802531,10.833656663718884,16:17.5,26:13.0,India
63748,9.243365068212396,77.88254414162766,8.7788433,26:16.2,26:10.7,India
63749,9.567589370770442,78.07825545,7.053299198982344,26:16.2,26:10.7,India
63750,10.611780533488572,78.09791202573071,15.052803708068208,16:06.3,26:08.0,India
63751,9.262360927766816,78.12951195668654,6.306511107935212,16:17.5,26:13.0,India
63752,9.661974404637869,78.22208300042111,11.063102291688669,26:16.2,26:10.7,India
63762,11.078178083964572,78.67231432,46.50360880993164,25:42.6,25:43.9,India
63769,29.36100778998266,73.52424105,131.8592848839543,00:54.7,50:57.3,India
63834,10.62382627337426,77.82493799875901,5.733286793,25:58.7,25:59.7,India
63835,10.650803431247692,77.81078327208286,2.1373499305752635,26:09.4,26:05.0,India
63836,10.641411376712016,77.8243404,8.852530452,26:09.4,26:05.0,India
63962,10.865862011324063,78.23177741,12.495651371843572,25:42.6,25:43.9,India
63963,10.713822389236755,78.19575545,10.68082320098894,26:01.9,25:57.5,India
63964,10.705429134711531,78.29874355123935,14.68626907728926,26:01.9,25:57.5,India
63965,10.775892424491952,78.26172246043532,9.929638173146875,26:01.9,25:57.5,India
64239,33.964434997475465,77.72187335735752,1.0785227906809058,,,India
64274,25.41926008954875,81.87131095944085,0.6887052319675413,21:41.0,21:40.7,India
64407,24.646999567080524,73.87806047892558,11.647175041035451,52:05.4,52:03.1,India
64514,11.037630881030209,76.94722516870735,2.080935236,25:43.6,10:13.5,India
64579,27.571594494564888,72.23257078715486,31.316281244080983,,,India
64763,17.758788745163674,83.18556847919233,1.347216410706456,03:56.4,03:56.1,India
65545,26.83717512138602,81.03920437503508,2.461901474416682,,,India
67758,12.91337171144292,80.12540914234361,0.5741228122739198,,,India
69652,22.635659671833256,88.44759781749237,2.5088923942496626,42:01.5,,India
69727,27.49195562228627,71.91727198,289.2308575538086,52:27.5,,India
69729,28.29509442027245,73.37029265088836,104.1296434850912,01:03.3,51:05.1,India
69755,23.962917417038987,76.71886237767531,54.373611029726455,22:17.5,,India
69756,27.54082571925914,71.91996304834981,43.56480326950951,52:27.5,,India
69759,27.49390957253653,72.02380248728731,23.115523525903285,01:24.9,01:21.4,India
70196,23.08127576404728,72.30111972803188,0.5946256574623181,,,India
70925,10.078180507546676,76.34077579,6.477510948,26:01.2,11:34.5,India
71235,13.010888895736144,77.55720789444337,1.3615422466055092,,,India
71343,16.61568653601588,74.35011080430249,1.1935817999017448,44:20.0,44:26.0,India
71427,23.28924104675489,77.34873560647245,0.9927465629751668,32:28.3,21:30.9,India
72206,12.835906649791546,79.94389205989846,1.209169797625918,25:10.5,25:14.0,India
72389,28.10504039014199,79.05794062,42.17484930407841,31:00.4,31:04.2,India
72390,26.64810500770225,79.52226630655926,6.858300735834657,21:30.5,31:30.8,India
72391,24.52513802337867,71.27131165575541,432.1646468250922,52:14.2,02:12.7,India
72395,15.806194901124776,76.44501805,26.71038675408348,34:28.3,28:56.3,India
72459,22.77598824139829,71.90717999,204.5956038598445,52:41.3,02:41.4,India
72769,28.54807705965624,77.18324241108931,1.8980619296282888,,,India
73703,26.845784916110976,75.56027527945791,0.6905431935297424,41:36.3,41:30.4,India
74774,17.40662028307889,78.31856721627473,11.004028982817434,,,India
74884,28.605358069547343,77.27250303459728,1.8172221718583816,,,India
77526,22.85868546957814,71.80763248,2.4674704008850568,52:44.0,02:40.3,India
77527,22.976270079050703,71.37164540699942,2.932306436583789,02:47.0,02:39.6,India
77528,22.85617574,71.80079269135456,3.711138299193908,52:44.0,02:40.3,India
77529,23.12063586980538,71.12818078071382,6.726648214884039,02:47.0,02:39.6,India
77530,23.08349470788059,71.15965334,4.131068426038535,52:45.5,02:37.6,India
77531,23.007108773697105,71.42105831415569,2.6156657160889294,52:45.5,02:37.6,India
77532,22.99680156158749,71.13355109025356,3.637573003516749,52:45.5,02:37.6,India
77533,22.99047379110413,71.36806913,1.5140712224436683,02:47.0,02:39.6,India
77534,23.409766600495256,71.67312980384884,1.7287707317452885,52:44.0,02:40.3,India
77535,23.40990083908016,71.68035478269232,1.98748828660272,52:43.3,01:03.9,India
77536,23.580843210027947,71.63249211056774,4.354861767330576,52:31.5,02:30.0,India
77537,23.65720944721028,71.57921594847788,3.475153768126308,52:31.5,02:30.0,India
77538,23.59696469078012,71.85787665588077,2.863887133690985,52:35.4,02:26.0,India
77539,23.585663641934605,71.62844061957269,1.8358505369780973,52:30.0,02:30.0,India
77540,23.51601161057992,70.68734439942644,1.7377535969491398,02:29.2,02:30.8,India
77541,23.565400240650938,71.60394206317196,0.8790124430158777,52:27.3,02:28.3,India
77542,23.79338111080148,71.85445512126358,11.50568455128609,52:31.5,02:30.0,India
77543,23.80976918786922,71.34657342525657,3.357469820810272,52:31.5,02:30.0,India
77544,23.79063439625514,71.34185464399408,1.009585277454323,52:27.3,02:28.3,India
77545,24.05286773349828,71.64843883671618,3.259283067997757,52:31.5,02:30.0,India
77546,24.00428917159356,71.71404742,2.991181330780968,52:31.5,02:30.0,India
77547,23.903595787561493,71.50964091013732,7.439781000353355,02:32.7,02:24.7,India
77548,24.040388938244423,71.7898088,3.300296392659306,52:31.5,02:30.0,India
77549,24.18417811492143,71.53418991143776,3.4851592528884487,52:31.5,02:30.0,India
77550,26.29862885,71.10808645942585,128.2745182278073,01:45.8,01:48.9,India
77551,26.20274308656068,70.78925927428506,4.996306481762183,02:00.2,02:01.9,India
77552,26.206611647533496,70.79672317682147,3.8148776856577946,02:00.2,02:01.9,India
77553,25.78811790422663,71.37576735893272,2.421093058239583,01:52.5,01:58.1,India
77554,26.328688079020097,71.65499996847198,1.8108772487964493,01:42.8,01:44.5,India
77555,26.33197338854071,71.06361493960125,295.67258395077624,01:50.4,01:49.9,India
77556,26.63471849822191,71.37199243061936,252.0509066770668,01:45.4,01:43.8,India
77557,26.46131248157507,71.07418055,242.7505467151117,01:45.7,01:47.4,India
77560,21.02569813454979,72.98712579,0.9951098969701984,53:15.1,53:13.0,India
77561,21.050826956421936,74.42324821,24.708449049964084,43:08.3,43:10.7,India
77562,21.33948518150611,74.20637169076012,1.3030322618638304,52:56.3,39:46.2,India
77563,21.52450957562981,73.31855993173787,2.812103971827584,43:11.2,53:04.4,India
77564,21.6294667294598,73.33163293474834,7.515610692172209,43:11.2,53:04.4,India
77565,21.523767695497227,73.06752621391186,1.978028665143989,53:15.1,53:13.0,India
77566,21.89656110280001,72.94142519094089,4.846788147334591,52:57.7,52:57.7,India
77567,21.864328553632244,73.11762722249578,4.569745928141996,52:56.7,52:53.9,India
77568,21.747195833075768,73.18179268372299,6.128318143312884,43:01.9,52:54.4,India
77569,22.003983475496977,72.89069911,4.422985757323729,52:57.7,52:57.7,India
77570,22.003968643603013,72.87813168681582,4.632761335721296,52:53.5,52:57.6,India
77571,21.980948228964348,73.02526701842783,2.8391567303366307,52:56.7,52:53.9,India
77572,21.987804800051435,72.89004677138918,2.8854336468186963,52:53.5,52:57.6,India
77573,22.12616994,73.66382736065538,7.585245211648658,42:57.2,52:50.2,India
77574,23.04692453695573,73.31994389894481,4.855406942919858,42:45.2,52:39.4,India
77575,22.74571898427097,73.37573703183138,3.152658055540884,42:45.2,52:39.4,India
77576,22.60478703512515,73.26685347047574,2.169653876803596,42:41.1,52:33.6,India
77577,23.296780383432537,73.27849615041104,4.215675454239582,42:41.1,52:33.6,India
77578,23.21834729453293,73.05563781,2.262452883858793,42:45.2,52:39.4,India
77579,23.613508868980848,72.90883197849828,1.4861355608958335,52:24.2,52:27.1,India
77580,24.00052160614148,73.14077345409157,3.6544327275033983,52:32.5,52:25.6,India
77581,24.07169683452737,72.95702626461923,1.7668570671836434,52:24.2,52:27.1,India
77582,24.77408376018889,74.07010733638273,3.079627308399977,52:15.4,52:13.6,India
77583,24.702526190477496,73.00557791595212,9.320393816,52:12.3,52:08.7,India
77584,24.83095209576432,73.08706461904495,11.28860282469609,52:13.3,52:10.5,India
77585,24.61248726660744,73.92277201750314,0.7872553955651248,52:09.9,52:07.1,India
77586,25.02574473973084,73.89531011670793,3.501286477466296,52:05.4,52:03.1,India
77587,25.785550736883224,73.32209789983939,4.540733514956121,51:47.6,47:32.0,India
77588,26.238550679610945,73.03135677967488,1.6109509456476236,51:39.6,51:40.8,India
77589,26.319265214957635,74.13588901029192,7.8766475796103075,51:32.8,51:32.2,India
77590,26.255048094611656,74.08766365357472,3.233372897722916,51:37.4,51:37.3,India
77591,26.14516459908876,73.04409241499643,3.0449067440599946,01:48.4,50:40.8,India
77592,26.72088812825474,73.58010137729455,1.818358775296176,51:40.9,51:38.2,India
77593,26.810460839969345,73.32190885,1.5631178122043723,51:38.8,51:46.3,India
77594,26.89739054789991,73.14926746813231,1.559960636498898,51:44.0,51:39.5,India
77595,28.03533665,73.98344807773925,2.206013349257081,01:03.3,51:05.1,India
77596,28.393556152347216,74.22390080230322,2.984172880673268,51:09.8,51:08.4,India
77597,27.769279652335243,73.47501293250683,1.8918507771894968,50:43.7,,India
77598,28.01351213783139,73.80564694658943,1.2701485571133686,01:23.8,51:30.0,India
77599,27.97367703724757,73.34450718542023,1.2082417712242908,01:24.0,51:25.5,India
77600,28.29796984927396,73.24521131366681,81.28460139370239,51:11.8,51:12.8,India
77601,28.33334934338566,73.42858556813135,572.0241962578868,51:10.3,51:13.7,India
77602,28.60949183136252,74.22740390158556,2.074190284578438,51:06.3,49:38.3,India
77603,28.633458552183747,73.17420144930114,90.15291945635718,51:14.9,51:15.3,India
77604,29.158353674492503,73.87553109316183,5.022271876716062,00:52.1,50:58.0,India
77607,17.182739835395868,75.11574234308705,3.129547822522696,44:01.9,34:12.8,India
77608,17.63313049576209,74.83588039800475,5.219940432052718,,,India
77609,17.078941999116804,74.78764379769858,4.506955115044597,44:20.0,44:26.0,India
77610,17.61933552737234,74.92036468408298,3.909692791583847,44:15.2,44:04.4,India
77611,17.81469296873894,75.00518681403318,1.2670968528657585,44:02.4,44:02.2,India
77612,16.90569791,74.49029657071749,2.5794073794026584,44:22.0,44:22.7,India
77613,16.204263002626444,75.30558654483278,3.3789383562873017,,,India
77614,18.64638541608802,75.27866841818579,4.433296566384353,43:48.2,33:55.2,India
77615,18.37637325348049,74.46705700727584,4.997658932464912,41:42.1,,India
77616,18.040549710966875,74.52740507776805,4.463150662441016,43:52.0,43:54.4,India
77617,18.196172363654128,74.83186799773522,6.223138079036018,43:57.2,43:55.6,India
77618,18.497468889549875,75.01729790772802,3.776814740543356,43:51.1,43:50.4,India
77619,18.77759883254791,75.41258242,3.003566312250475,43:48.2,33:55.2,India
77620,19.28734597065936,74.63408870722917,4.854603663,43:37.4,43:43.6,India
77621,19.057585433223107,74.72846370482115,1.2744404468352435,43:37.4,43:43.6,India
77622,20.17863323896072,74.62042720669282,13.16961266558946,43:24.1,43:25.8,India
77623,20.43514868884249,75.19474239489699,9.216104323199971,43:20.6,43:22.4,India
77624,20.17371405,74.75598658,5.036027702911817,43:26.3,43:22.7,India
77625,20.323006506366703,74.71956082708837,47.609975868941945,43:22.0,43:21.4,India
77626,21.176104174973617,74.56969291,10.684316860543053,43:05.3,43:08.8,India
77627,20.87203198,74.71881359683267,7.975232943617519,43:08.3,43:10.7,India
77628,21.383902915463658,74.92146339078853,2.114463498,43:08.3,43:10.7,India
77629,21.17524212325768,74.79014767219815,2.1192921358403947,43:08.3,43:10.7,India
77630,23.74595846478905,75.23070703,1.6741475440688494,42:27.7,42:21.1,India
77631,23.98012897292261,75.33101618565655,59.10165257615196,41:42.1,,India
77632,24.695810102616058,74.67761126417734,2.6274546330014483,42:09.9,42:12.1,India
77633,24.72112813111757,74.61043343293015,6.448466391036551,42:09.9,42:12.1,India
77634,24.647233160086497,74.68784194806895,4.824754544912433,42:09.9,42:12.1,India
77635,25.61744430013913,74.59923131648749,1.051324601876282,,,India
77636,25.50784105856513,74.58504003506819,8.586629145513399,51:47.0,51:48.2,India
77637,26.93504909416481,75.39345981591875,3.626597342454238,51:37.6,41:38.3,India
77638,27.439334525116184,75.41737946611794,0.9658852518781664,41:24.4,41:27.8,India
77639,30.050025386155227,75.03753683071503,4.652709889308522,00:24.6,50:32.8,India
77640,29.804390213489576,75.32663961654904,3.815707433987946,,,India
77641,30.927675060738444,74.63534845,4.450215904870475,50:22.6,49:38.3,India
77642,31.402092594605364,75.40112339302614,2.130325599690229,50:19.2,,India
77643,31.630196536434635,74.77237815710599,2.332448023160448,00:14.2,50:18.1,India
77645,15.08398219787188,75.46991084011778,3.589658903486621,34:45.5,32:23.9,India
77646,15.226902970066654,76.03625857559406,34.931866768550826,34:52.6,34:48.4,India
77647,15.841538776390294,76.18675521955657,6.467888785664045,34:33.3,34:40.2,India
77648,16.269150315900525,75.55872221492561,6.786748179460358,,,India
77649,19.00260278697286,76.16359480646672,10.029655358046536,43:29.2,33:38.5,India
77650,17.398633765981693,75.44557949926855,19.820232042496286,44:02.8,44:00.9,India
77651,17.444095332689535,76.00889819435261,11.691385478440772,44:05.4,34:07.9,India
77652,16.52347552521334,75.95202505432985,11.715355852208598,34:21.3,34:17.8,India
77653,17.442232215912533,75.99609092432463,7.427561952821635,43:58.9,44:00.3,India
77654,17.421570115838616,75.97535848,6.830173125349277,44:02.8,44:00.9,India
77655,17.437140013297753,76.16668319913762,7.175957201559304,34:03.9,34:11.1,India
77656,17.14270389866828,75.59063267668573,2.047431438612114,34:13.0,34:07.9,India
77657,17.562807095192472,76.16841464261645,17.367273727247614,34:03.9,34:11.1,India
77658,17.60663202052249,76.01475861599228,14.299162288490995,44:02.8,44:00.9,India
77659,17.936290399606936,75.66854030499634,9.871939616631083,44:03.9,44:06.8,India
77660,17.552315314411896,75.98804385329875,9.675044824166507,44:02.8,44:00.9,India
77661,17.877655235977482,76.15567937539431,8.068963587883633,34:03.9,34:11.1,India
77662,17.62301509120103,76.01166338032576,8.416216116251913,44:01.9,34:12.8,India
77663,17.948073481826658,76.01368920653883,5.495069305050004,44:02.8,44:00.9,India
77664,18.11335446201445,75.69590247390124,60.95590091861851,43:48.2,33:55.2,India
77665,18.92879001665058,75.51477547673737,19.120650237285567,43:36.3,43:31.4,India
77666,18.80625732864353,76.01589800713366,11.511318133950082,43:38.0,33:56.3,India
77667,18.43515274749821,76.14278142995367,9.322586183425091,43:40.5,33:51.5,India
77668,18.628454358627444,76.14194328,2.814587085,43:34.3,27:31.5,India
77669,18.51585563634483,75.75930758407505,2.703450483550175,43:50.7,33:54.2,India
77670,19.621039553719047,76.17627048914152,85.07526370821553,43:28.1,33:37.8,India
77671,19.632256203640274,76.19078875866066,13.319771739975202,43:29.2,33:38.5,India
77672,19.41367567159081,76.07295539463603,7.968104970215054,43:28.1,33:37.8,India
77673,19.64370630403763,75.97406443670583,7.962155787623709,43:33.8,43:36.1,India
77674,20.953297817627178,76.13306142,28.30152768167825,43:01.6,33:07.7,India
77675,22.54319711789637,75.77545550736787,3.497119051020252,42:48.1,39:46.2,India
77676,22.674260010168883,75.48870609797815,2.086544392661521,42:38.6,42:37.4,India
77677,24.47894570901565,75.71091468,4.410536827317497,51:52.3,42:03.1,India
77678,25.41537823192361,76.06693643768428,1.1613920934310396,51:49.5,41:57.0,India
77679,26.02552953423029,75.69148799,0.8596586782448526,41:49.2,41:53.4,India
77680,27.672022998726217,76.14103594048733,5.105960082379451,41:20.5,41:21.3,India
77681,28.935182261517905,75.87148416203429,47.470229142167206,50:48.7,50:52.2,India
77682,29.173196243650047,75.76124857,6.978364324,50:48.7,50:52.2,India
77683,28.84765719501697,75.63960425099367,5.571238106419376,51:02.3,39:46.2,India
77684,29.04234214001202,75.72916743815762,1.7359648957187628,50:49.7,50:50.0,India
77686,10.789108046461108,76.72514326339746,2.783989635487084,26:05.7,26:05.8,India
77688,13.532074511972198,76.31813667995915,21.132822431285696,25:23.4,35:12.6,India
77689,13.44960001454494,76.69821151522248,5.075723619757631,25:25.9,35:13.7,India
77690,13.611085511305152,76.76952657461615,2.2313253608909145,34:57.0,28:56.3,India
77691,13.270158734851265,76.34583014912374,4.200069149301755,25:22.2,35:24.0,India
77692,13.27505472266816,76.33907922,1.7931134655676513,25:19.2,35:09.6,India
77693,13.873981560655052,76.74236169799634,37.98425462479757,34:57.0,28:56.3,India
77694,14.15382805123148,76.67295914,3.731821143719821,35:02.3,34:59.9,India
77695,14.162781850247084,76.46081562424722,2.6509904170241696,35:02.3,34:59.9,India
77696,14.512401635830924,76.47419685613578,18.252343435009468,34:44.3,33:15.7,India
77697,14.399711819171062,76.61481176062419,17.472994063328596,34:47.7,34:45.6,India
77698,14.955197068640462,76.47480905274087,22.05661394178423,34:44.3,33:15.7,India
77699,14.882604252996568,76.32660298297445,16.963555805650653,34:44.3,33:15.7,India
77700,14.878721869896806,76.31823350778993,5.676548363126453,34:48.8,34:51.3,India
77701,14.812132837671994,76.52374033311261,31.951005328965856,34:47.4,34:55.6,India
77702,15.039397805821114,76.72018504042644,15.89563532835835,34:47.7,34:45.6,India
77703,15.039176301543574,76.69664693,124.21548622404512,34:44.7,34:51.7,India
77704,15.04418884052237,76.71255669836937,2.761925771078796,34:47.7,34:45.6,India
77705,15.05059818703918,76.71483491703817,12.724116919642077,34:47.7,34:45.6,India
77706,15.551189890143664,76.46369920515649,9.630322794,34:39.2,34:32.5,India
77708,15.07836580179854,76.68642141104469,4.720535584931953,34:52.6,34:48.4,India
77709,15.471330248693809,76.45624527285186,26.455692284966062,34:33.3,34:40.2,India
77710,15.28891938821486,76.59186190332967,4.326965931807374,34:44.3,33:15.7,India
77711,17.336462337583065,76.24784757031998,11.872850710178977,34:03.9,34:11.1,India
77712,17.67105925092151,76.37084346213305,106.34940407249027,34:05.3,34:08.0,India
77713,17.462769715435783,76.32038656343269,6.858410485818894,32:45.2,,India
77714,18.91980983446384,76.61531087863622,3.2238122556599147,43:40.5,33:51.5,India
77715,18.508687023384766,76.33635291426556,4.226034107924633,43:40.5,33:51.5,India
77716,18.243932265392345,76.34388077635205,4.817770643636439,43:40.5,33:51.5,India
77717,18.035199352087925,76.73222636579287,3.2955666791921314,43:40.5,33:51.5,India
77718,18.11253262177384,76.80236025250817,2.4196028522963715,43:39.0,33:53.2,India
77719,19.76025498330437,76.79694933893236,7.952335524642401,43:28.1,33:37.8,India
77720,19.47010103226536,76.73852534906017,7.693316081,43:28.1,33:37.8,India
77721,19.606863145698814,76.23946611993144,5.558741743,43:28.1,33:37.8,India
77722,19.483356736729363,76.38833537,2.244746374427612,43:29.2,33:38.5,India
77723,21.833126696033577,76.52864648283608,105.36597700971686,42:46.8,42:49.2,India
77724,21.849764994838026,76.45667215982643,99.58001,42:46.8,42:49.2,India
77725,21.92575299,76.75435348,13.96979563230027,42:46.8,42:49.2,India
77727,27.708567630464213,76.42080436134762,3.651449064274574,41:20.5,41:21.3,India
77728,30.72860124802164,76.80526580532421,0.9546965136089492,50:15.6,35:20.2,India
77733,8.533750026451916,77.63330285001678,13.739240696889109,26:32.0,26:28.4,India
77734,8.738387959283695,77.56225034761725,8.298524615795122,26:32.0,26:28.4,India
77735,8.736379325749843,77.61686880939786,6.519823508854162,26:32.0,26:28.4,India
77736,8.941232188431913,77.65870227853647,37.19377782097661,26:32.0,26:28.4,India
77737,8.873359166,77.63088252086975,34.97495656854626,26:32.0,26:28.4,India
77738,8.904992826400306,77.54773129084504,19.76732192150334,26:38.5,26:29.0,India
77739,8.927549542,77.67490278836156,2.7076748046076387,26:32.0,26:28.4,India
77740,9.352343300601898,77.55012034418905,1.312018361087438,,,India
77741,10.497146494709458,77.40088473629669,8.920788448690018,26:02.7,26:02.2,India
77742,10.491315963396804,77.28244072824874,7.547563311789858,26:02.7,26:02.2,India
77743,9.292043049719526,77.63898075433104,8.103166931613515,26:19.6,26:16.0,India
77744,10.567800034578454,77.42294106699259,9.729241017349285,26:08.6,26:02.8,India
77745,10.61424178159965,77.58027193,6.646010740461771,26:09.4,26:05.0,India
77746,10.76803898400659,77.32011984,9.692414096604208,25:58.7,25:59.7,India
77747,10.802600896514743,77.65283630444401,4.210233659933296,26:02.7,26:02.2,India
77748,10.790233250635913,77.27575380751068,2.449939540371829,26:02.7,26:02.2,India
77749,11.00621824621081,77.31320023844934,0.8497451635188004,25:45.7,25:43.6,India
77750,10.98367748278796,77.64557728139289,6.952574801413629,25:46.9,25:48.2,India
77751,10.932826712221408,77.52191353287046,6.285963521138906,25:44.1,25:46.9,India
77752,10.96718623,77.61436648355952,3.5700183647369825,25:45.0,25:51.0,India
77753,11.053862958925578,77.28548244239599,3.426726708099203,25:44.1,25:46.9,India
77754,11.07069990310226,77.59540985541777,3.152204728102296,25:45.0,25:51.0,India
77755,11.071166908124574,77.53545326,8.339126450395487,25:44.1,25:46.9,India
77756,11.273457085898558,77.54112363777172,1.8062027224615007,25:46.9,25:48.2,India
77757,11.303480290900186,77.48222706774547,1.6300007234224627,25:46.9,25:48.2,India
77758,11.329605011525691,77.27169584688187,8.295217510846573,25:45.7,25:43.6,India
77759,11.341313529013672,77.42120873230787,4.729641246,25:46.9,25:48.2,India
77760,11.358904076493964,77.08506074521063,4.902108037652731,25:44.1,25:46.9,India
77761,11.329856431675177,77.27870978707224,1.917540251679721,25:45.7,25:43.6,India
77762,12.10465334886318,77.33207261,12.706111232252564,35:20.3,25:30.3,India
77763,13.573355949232218,77.34273530497774,12.542132846454388,25:06.9,25:01.2,India
77765,13.839896899949286,77.45869417546648,1.7672253292375122,25:04.4,25:00.5,India
77766,14.864839207898102,76.91100966419116,5.1241738048495336,34:44.3,33:15.7,India
77767,16.132680287699067,76.93281435298772,19.44157957187306,34:30.4,34:40.1,India
77768,16.439104227511454,77.12918508218306,33.21737362389656,24:20.8,34:18.2,India
77769,16.133332485037734,76.94743745798836,15.79323824162904,34:30.4,34:40.1,India
77770,17.13763910778229,77.19547906,13.206374500652108,34:11.5,34:08.2,India
77771,18.430388404422683,77.10397993618011,3.927589914310616,33:49.0,33:46.0,India
77772,18.638077317428245,76.96800229014035,2.0105976683315525,43:37.0,33:49.0,India
77773,18.570541469213325,77.21321186143166,25.94213828258256,33:49.0,33:46.0,India
77774,19.02431147,77.19449599108192,8.942364769,33:32.5,33:34.8,India
77775,18.56041204036832,77.26367494458488,11.54399183626044,33:46.4,33:49.4,India
77776,18.702923699822872,76.86059382371796,6.602766277230387,43:39.0,33:53.2,India
77777,18.57210541914578,77.25618801743589,10.75376232218019,33:46.4,33:49.4,India
77778,18.57735884314201,77.21770548699192,4.3180502215620375,33:49.0,33:46.0,India
77779,18.760742924983024,76.86098970253435,2.728689770449696,43:40.5,33:51.5,India
77780,19.898718792398554,77.03855943085209,9.814526486,33:17.4,33:14.0,India
77781,19.529615355250904,77.30902584791679,3.9590943216307712,33:33.0,33:31.5,India
77782,19.877224602949763,76.90205583417588,3.548910392075449,43:30.6,33:36.8,India
77783,20.59752013247209,77.08730404486688,1.3487028191120292,33:14.0,33:12.7,India
77784,22.753504131287016,77.64926268199031,6.0639694668132345,32:30.6,32:34.3,India
77785,23.244970592275543,77.43921596,4.395692543510436,42:25.0,32:30.7,India
77786,24.655569885573925,77.45007191369525,1.6495006596674404,42:00.3,32:01.6,India
77787,25.538715236345336,77.60593783769436,44.55802936134904,31:45.6,31:43.0,India
77788,25.531520335291702,77.61984325829242,17.428842777617685,22:17.5,,India
77789,27.465844187842126,77.68009125385049,6.372095850372054,,,India
77790,29.210531405819047,77.63208447477918,7.237214345338804,30:50.7,40:49.0,India
77791,28.756704146509115,77.52087466084912,1.9677646228447487,31:02.0,40:59.8,India
77792,30.57590962,77.18949651,1.2352810937238177,40:28.6,34:09.4,India
77798,8.387603118880836,77.81404733708699,2.701790784462107,26:30.7,26:35.1,India
77799,8.530412551155012,77.87231436684935,2.1019191338212555,16:37.9,16:28.6,India
77800,8.661348553593953,77.94369026210143,14.454833589642366,26:30.7,26:35.1,India
77801,8.581603042,77.90697304453778,5.770329597790533,16:31.1,26:27.0,India
77802,8.450355616349345,77.93260863,6.198369393972075,26:27.0,26:25.2,India
77803,8.472283308,77.88843439634775,18.39189845027319,26:30.7,26:35.1,India
77804,8.541763704965684,77.86789431658539,5.965535964766469,16:28.7,23:05.6,India
77805,8.673057408242586,78.00050300563598,8.843941893299265,26:32.6,26:38.6,India
77806,8.76249212,77.97690731776326,7.587997585277859,26:27.0,26:25.2,India
77807,8.749183777788945,78.17715858268194,4.400653793647688,16:37.9,16:28.6,India
77808,8.830891885787645,77.77332017306354,3.931065478778864,26:34.3,26:26.6,India
77809,8.761143284993931,77.68250310257699,4.0698537157358805,26:32.0,26:28.4,India
77810,8.910362072412497,78.05597553673464,5.072827717399628,26:32.4,26:28.3,India
77811,9.025996362748884,78.21902373452774,6.345751944602539,16:30.7,16:39.3,India
77812,9.025256688184976,78.21165861946103,2.3180421395075816,16:37.9,16:28.6,India
77813,9.154432776397924,78.09570579174127,39.91096904247908,16:22.4,26:13.9,India
77814,9.378630718,78.02023747132075,10.91032295754691,26:12.5,26:10.7,India
77815,9.307127079988476,77.78789005992428,6.492390344546606,26:16.0,26:17.2,India
77816,9.345794587349854,78.07361024577719,8.322638286043386,26:16.2,26:10.7,India
77817,9.345851735494117,78.07926996441398,1.2113590480660108,26:16.2,26:10.7,India
77818,10.266629870582069,77.84664067593397,2.7959065073003058,26:01.9,25:57.5,India
77819,9.563350166889402,78.05971835722663,5.614303521919995,16:24.3,26:12.3,India
77820,9.859175599973414,77.73289722621834,10.751010100622592,26:16.0,26:17.2,India
77821,9.601405584,78.03533974768756,2.122306272123264,26:09.3,23:26.4,India
77822,9.632129356911769,77.68917337084461,12.055995568184812,26:19.7,26:12.0,India
77823,9.725023616655452,78.08255485040645,11.761299453400545,26:16.2,26:10.7,India
77824,9.621958331,78.03791387406399,10.912562090089216,26:16.2,26:10.7,India
77825,9.834426951374471,77.78035249020982,10.106796199174328,26:19.7,26:12.0,India
77826,9.721812720471492,78.08899053735591,4.949501746888882,26:16.2,26:10.7,India
77827,9.866642278,77.85619395045545,7.732351149537618,26:11.4,26:18.6,India
77828,10.126605132610178,77.71972906750472,3.736149561388759,26:02.7,26:02.2,India
77829,10.119374938073172,77.72342829843478,8.009126939,26:02.7,26:02.2,India
77830,10.30304353131448,77.88000298020765,7.640362389114784,16:10.9,26:00.4,India
77831,10.481239362890411,77.92575660177343,5.843503279366969,16:12.8,16:03.9,India
77832,10.450566182534171,78.06166984593831,11.17913238429032,26:01.9,25:57.5,India
77833,10.44441071822351,78.03085380151407,5.808055832365317,25:57.1,26:03.7,India
77834,10.37244839520363,78.11441025090419,8.848941681960241,25:58.3,25:59.8,India
77835,10.415784039884503,77.86395875,3.06208107,25:58.3,25:59.8,India
77836,10.537489729529923,78.2360974,10.390161734816129,25:58.3,25:59.8,India
77837,10.594640376618957,78.00880554185393,14.476524384986757,26:01.9,25:57.5,India
77838,10.508491304896392,77.92388197451788,8.763962247,25:58.3,25:59.8,India
77839,10.609153050563211,77.92253164,3.1728410407404475,25:58.3,25:59.8,India
77840,10.6165528,77.92043313028097,3.053127278363533,25:58.3,25:59.8,India
77841,10.702902927757751,78.13981764,4.730202219765545,25:57.1,26:03.7,India
77842,10.728713645067028,78.08300008010261,24.157605358995045,25:58.3,25:59.8,India
77843,10.82674731309187,77.69131471533191,6.877553118340774,26:02.7,26:02.2,India
77844,11.006185118783645,77.90095101941107,2.307028000433405,25:45.0,25:42.6,India
77845,10.89604665962732,77.86422745394208,7.410155146312608,25:45.0,25:42.6,India
77846,10.82794823442855,77.80104486059051,6.203588209020773,25:58.7,25:59.7,India
77847,10.89324032038614,77.69338431405795,3.9105474557728286,25:46.9,25:48.2,India
77848,10.83459256403939,77.68597586217564,3.680667440581845,25:58.7,25:59.7,India
77849,10.813277567941483,77.77064354681474,2.5543982465436548,26:02.7,26:02.2,India
77850,10.90245627949195,77.88500584352184,1.5975366400714233,25:46.0,24:47.8,India
77851,10.901239703835316,77.85180403635924,1.664117261411231,25:45.0,25:42.6,India
77852,11.221917938350234,78.04418914222795,4.385777684427116,25:41.0,25:41.9,India
77853,11.108563985796268,78.27273278,6.090767113805597,25:50.6,25:42.7,India
77854,11.158994905276938,78.21040218399523,1.836333053273172,25:45.0,25:42.6,India
77855,13.486678210855793,77.90214851825927,26.34021697722393,25:14.7,25:19.0,India
77856,15.21814411,77.92758457231648,9.664036376782292,24:46.9,24:45.9,India
77857,15.03292097391664,78.01227395345205,8.408451388216962,24:49.4,24:44.5,India
77858,15.110018997343204,77.68456398719835,3.000470306402212,24:43.1,23:25.9,India
77859,15.226493392014794,77.93419103565527,1.1320832312470777,24:44.9,17:46.1,India
77860,16.45187123315093,78.00952358763315,3.0770499408886085,24:20.1,24:20.0,India
77861,15.854150615996726,78.06406752752389,5.502766854586276,24:30.2,17:51.1,India
77862,19.472312384871675,78.21749662,9.102638401692149,23:32.5,33:30.5,India
77863,19.430293387201388,77.89115743804055,1.071918095873427,33:31.6,33:35.3,India
77865,20.68703227,77.81904970273092,0.966227128,33:14.0,33:12.7,India
77866,21.10105139660822,77.95856616808858,10.456170597306368,33:02.5,33:03.9,India
77867,20.80924789,78.02286563527306,104.55744087635308,23:02.9,26:55.8,India
77868,23.993030678397368,77.73516965760953,7.753300113345195,32:16.0,32:19.7,India
77869,26.39852508209598,78.07398454250558,4.651772356992879,31:30.7,31:28.2,India
77870,29.85057113957016,77.88272453171635,2.595910960295916,40:31.6,40:35.6,India
77871,30.369087701674143,78.02471310822284,2.334718722,40:31.6,40:35.6,India
77872,30.07432011437908,77.72827840594431,25.134873235222173,40:28.9,40:34.4,India
77873,30.43281222411993,77.97835190120738,1.330975305,40:31.7,40:31.8,India
77874,30.57497394570229,78.01780784008702,1.5332687875836015,40:31.7,40:31.8,India
77878,9.218756816571574,78.66372911,17.89650640339603,26:11.4,26:18.6,India
77879,9.340188851,78.76813333563707,11.219147910521086,,,India
77880,9.578994179,78.28469582353193,6.156494412388367,26:12.5,26:10.7,India
77881,9.404484369414844,78.38973014,6.996752876677195,26:12.5,26:10.7,India
77882,10.63853481626372,78.42876727857316,1.8791300701592304,25:57.1,26:03.7,India
77883,9.903827916,78.31251672493997,4.0890209871855365,26:11.4,26:18.6,India
77884,10.625254332367271,78.38387053097067,9.788359974754805,25:58.3,25:59.8,India
77885,10.626747357430007,78.39953989528955,7.448698427219523,25:58.3,25:59.8,India
77886,10.53654982198844,78.67018438210933,8.665021967,16:12.8,16:03.9,India
77887,10.634281206000198,78.40357354016338,6.6328788927942846,25:58.3,25:59.8,India
77888,10.54030727819325,78.34060891667534,4.474286884152232,25:58.3,25:59.8,India
77889,10.39148010221989,78.66650429159384,8.108681691407119,16:12.8,16:03.9,India
77890,10.825307475211744,78.31398503,1.5099813416078591,25:57.1,26:03.7,India
77891,10.77776316,78.37315313762872,12.51786079564597,26:01.9,25:57.5,India
77892,10.827651088580833,78.42636748031305,3.870116301693771,26:01.9,25:57.5,India
77893,10.735404034164157,78.65987355981866,7.217952209413513,25:57.1,26:03.7,India
77894,10.845464283652849,78.34537004619447,6.902313528367082,25:45.0,25:42.6,India
77895,10.960093722337984,78.94628905981412,3.1328331649736216,15:46.6,25:44.1,India
77896,10.785147741991846,79.15790732581188,1.9450384094988773,25:53.1,16:00.6,India
77897,11.036765982219828,78.58894245,24.202106871857403,25:41.0,25:41.9,India
77898,11.042486560011165,79.02651048111198,4.672930201863088,15:45.7,25:47.0,India
77899,11.090918119226371,78.41660024815936,9.942480568123552,25:41.0,25:41.9,India
77900,11.109673959973756,79.17790682705495,1.913518735,15:45.7,25:47.0,India
77901,11.18592450913544,79.10489473792182,7.046623142355969,15:46.6,25:44.1,India
77902,11.170399789376606,78.28223802041416,7.064492756887083,25:45.0,25:42.6,India
77903,11.190210179026874,78.61497358898586,4.415116259,25:42.6,25:43.9,India
77904,11.56221745633891,78.97817175927285,4.726079169721369,25:40.3,15:48.2,India
77905,12.959891470324042,78.35810299,26.22544244625294,25:14.7,25:19.0,India
77906,13.25695984453202,78.96507503996745,12.995184037503035,25:10.1,25:12.8,India
77907,13.287527118254534,78.98326203,11.624954393754791,25:10.1,25:12.8,India
77908,13.956555293893008,78.84592317663225,17.471231111772816,24:59.5,25:04.0,India
77909,14.04962271894202,78.45119277864409,26.227861612569253,24:58.7,16:14.7,India
77910,14.111389118603178,78.78657418718653,17.27731514883536,12:13.5,,India
77911,14.280210366024262,78.48701680076246,18.414829866397223,25:01.3,24:57.4,India
77912,16.681065389246537,78.47429123029406,2.010429754521059,24:17.8,23:56.6,India
77913,16.707686079560013,78.43571615654604,5.453459236,24:17.8,23:56.6,India
77914,17.225712594823417,78.64215402299419,6.464592002010729,23:59.6,14:04.9,India
77915,17.475479823582347,78.45491425008004,2.8328488914765417,23:57.6,24:04.0,India
77916,17.458093954275927,78.52451442531269,1.757050384976667,23:57.1,24:00.0,India
77917,19.71559948371756,79.16792701549619,5.764816744,23:28.8,33:29.3,India
77918,19.778775498953173,79.14324911854564,5.2526459218289165,23:31.5,33:26.9,India
77919,19.713965665609464,79.17563247,1.680665078049146,23:28.8,33:29.3,India
77920,19.79243089617701,79.06722992,1.8980443225876784,33:27.0,23:36.4,India
77921,20.63020468107445,78.95380590848795,1.8385289736133736,23:16.8,33:14.9,India
77922,21.45625151415748,78.81698417830121,42.42847385693953,32:56.5,33:01.5,India
77923,21.15392075036845,78.43290117330096,10.279842527268343,23:04.8,32:56.0,India
77924,23.87052608935584,78.3096793,1.5245777154094415,32:15.8,32:15.7,India
77925,23.909172802410207,78.58216459690438,1.955943224554019,32:16.1,32:13.2,India
77926,26.00636035258792,79.01486746241551,30.29988293240829,31:46.9,31:44.0,India
77927,25.231080210852944,78.45022716682809,1.537462639821083,31:57.4,31:54.7,India
77928,28.01273674925743,78.81990975337541,37.651387243453456,31:04.2,31:07.6,India
77929,29.423306605198945,78.52340791325514,9.998032817,30:45.7,40:48.2,India
77930,29.410771345069872,78.52972130074498,11.07782212390234,30:49.5,40:45.0,India
77931,29.05754551,78.38118333592958,12.877835845798757,30:45.7,40:48.2,India
77932,29.92708624819388,78.71758446,3.2257241429066856,30:34.7,40:32.4,India
77940,11.59868299720784,79.46567708200517,7.888051875543952,15:49.3,15:39.9,India
77941,13.091647123417877,79.32176751024967,6.903273296620218,25:06.5,15:11.1,India
77942,13.668410597444735,79.71213180968358,2.084118692698849,24:55.9,15:05.0,India
77943,14.065446182373428,79.96954108105103,1.803716934,24:55.9,24:57.0,India
77944,14.04881399986892,79.31164156,2.3204235263772466,24:55.9,15:05.0,India
77945,15.54687222462116,79.75004783,4.006696747071665,24:25.0,17:46.1,India
77946,15.022400045083026,79.54394765964413,6.104023029149186,14:45.3,24:50.0,India
77947,16.864027707546164,80.01617849266317,2.5956466687202733,24:12.8,24:08.9,India
77948,16.844682800257377,79.97961739,2.1613561883939645,24:19.9,24:18.0,India
77949,16.72128415379797,79.81743851922992,2.114417565,24:08.8,24:17.2,India
77950,17.371285168666837,79.98141299195207,6.506579136186431,,,India
77951,17.52264130248156,80.63940018916544,30.715539627565786,14:01.7,14:05.3,India
77952,18.963877344210985,79.48875342782664,19.524518613087416,23:39.9,23:42.5,India
77953,18.73298820829439,79.46779261057318,86.19932605013642,23:39.9,23:42.5,India
77954,19.039427627200087,79.43390408509134,14.085295940134426,23:25.3,23:29.8,India
77955,18.97016309465747,79.49603809056482,9.047788851005148,23:42.6,23:47.2,India
77956,18.835587478262426,79.5657249,12.277324323225232,23:39.5,23:37.0,India
77957,18.838727211128685,79.57631192089262,3.6310789900828215,23:43.5,23:46.3,India
77958,20.26753169293955,80.30283920560531,1.7431892499062351,23:15.5,23:12.7,India
77959,20.82499713085185,79.36471339920074,1.0297231942631464,22:59.0,22:55.1,India
77960,21.795439506226167,80.01499275657616,2.4101667848452024,22:45.7,22:45.5,India
77961,21.16014513073665,79.37735979432316,6.381326425735534,32:46.5,23:00.8,India
77962,23.68485595244497,80.65152558152454,2.9527061627499545,22:12.2,22:16.7,India
77963,23.98369317,79.20164136,7.053812680202205,32:08.5,32:12.1,India
77964,24.166982815827204,80.69066817241362,6.8013141692947325,22:10.8,22:06.5,India
77965,25.94304156065221,79.67744081946987,65.80194745940332,21:47.5,31:48.4,India
77966,25.67814462806413,80.38577204035147,8.507936662,31:42.1,21:49.8,India
77967,25.388438481392768,80.07752500185276,9.302507669266785,21:53.1,31:43.5,India
77968,25.36883248440829,80.08106640906085,8.838308928677767,21:47.5,31:48.4,India
77969,26.90664080445269,80.19946014,13.337751298952425,21:34.0,21:30.0,India
77970,26.631924116846687,79.52932395565362,28.664678098568253,21:33.3,31:29.7,India
77971,27.35994547,80.22072511970426,10.570270864587052,21:10.8,21:10.0,India
77972,27.628839829670707,79.71106780687275,12.09304825943214,31:15.1,31:18.8,India
77973,27.447001529830224,80.51091208692945,8.572277775565134,31:10.9,21:12.3,India
77974,27.926956799363225,79.36221724987644,44.64586165953635,31:15.1,31:18.8,India
77975,28.203232604416744,79.83658382660263,10.46948013,31:04.0,31:02.7,India
77976,28.51781172063123,79.55226742921204,10.571630403437007,31:00.5,31:01.3,India
77977,28.21705008379064,80.16987704,37.703117990809226,30:52.6,31:00.1,India
77978,29.03075043,79.43262910524282,9.775722355601395,30:40.8,30:41.8,India
77979,29.30727909888564,79.18576798869793,2.9606639166767748,30:42.1,30:50.3,India
77980,29.29561225,79.19224537190274,2.210986981767137,30:42.1,30:50.3,India
77981,29.70999507186974,79.48079836990364,6.428260827333922,30:42.1,30:50.3,India
77996,18.74398591233069,82.81429345785304,6.748934849526606,13:34.3,13:35.5,India
77997,18.85746647893796,82.55213531611425,2.0778914,13:38.6,13:36.1,India
77998,19.43135015081297,82.8562764,1.1488315766085906,13:24.0,13:30.3,India
77999,20.92713681645552,80.88463016,7.903891280459693,,,India
78000,21.09353222579928,80.86662719922207,8.629522298074619,22:56.9,22:53.9,India
78001,21.195148251716507,81.06424435066887,17.107571901021597,22:56.9,22:53.9,India
78002,21.178297941681585,81.72955488935996,1.3949187559643454,13:00.3,22:52.9,India
78003,21.24721213232684,81.39130468169049,1.4334372608647938,22:48.9,12:56.0,India
78004,21.379515071679204,81.43787503214504,6.293413856804602,22:48.9,12:56.0,India
78005,21.553527711885668,81.93972807263233,1.1254076317291457,22:48.9,12:56.0,India
78006,21.500705911785783,81.79928035414339,9.113243785808066,22:52.1,22:52.9,India
78007,21.52269248945633,81.87459234401436,6.557109880139374,22:53.3,22:50.3,India
78008,21.54603883252745,81.94266944,2.545494800184528,11:14.6,,India
78009,21.572608794479464,81.55888620390755,2.634459571824928,13:00.3,22:52.9,India
78010,21.683143114500016,81.79093815269925,3.6491598693226712,22:53.3,22:50.3,India
78011,21.923190135055147,81.64066743066277,47.83078394093452,22:38.6,12:39.6,India
78012,21.913373311013693,82.25859772509011,1.7049306238559374,12:36.7,12:36.7,India
78013,22.24440405376996,82.01351054455128,3.914522818188467,22:38.6,12:39.6,India
78014,23.37601316948102,83.00712340859822,14.394193737095614,22:21.7,12:24.9,India
78015,24.242791447611943,82.43486948,25.31839193371608,22:05.7,12:12.8,India
78016,24.32969180916198,81.34640961434404,7.49696466,22:08.7,22:09.5,India
78017,24.187606575657867,82.78482306906997,2.5083479363931698,22:05.7,12:12.8,India
78018,24.518488226026687,81.16837574,2.8598698515330483,21:55.5,21:55.1,India
78019,24.608473797898565,80.86907381919464,2.017521465969903,21:58.9,21:58.7,India
78020,25.19319558043177,81.65346378291146,31.862446233426105,21:55.5,21:55.1,India
78021,24.830373027774343,82.71868001623304,58.44386331694135,11:52.5,11:53.6,India
78022,27.74210553502145,81.51942347539476,13.37317455,21:11.5,21:14.4,India
78023,27.76279366312901,80.88048002828228,7.031937158469522,21:21.0,21:14.2,India
78024,27.381829759253595,80.91597492376472,5.126414982104647,21:10.8,21:10.0,India
78032,17.569463247496195,83.10730219,1.825305488112128,03:50.3,03:51.8,India
78033,18.109156372612937,83.57856699701108,1.934069407364856,03:41.9,03:41.5,India
78034,19.16763204594459,83.08717603722425,6.276085459862941,03:25.7,13:18.4,India
78035,20.391010669063512,83.35658105862225,20.54633958286037,03:09.0,13:05.9,India
78036,20.413539184465453,83.38169767456232,14.370250162413878,03:09.0,13:05.9,India
78037,20.558236828556016,83.50738930773161,32.46691831723824,03:04.4,03:34.8,India
78038,20.38660372540668,83.34750325605384,9.517470836295784,03:09.7,13:11.6,India
78039,20.37982380915217,83.36207278150692,5.718388426065817,03:09.0,13:05.9,India
78040,20.74144099,84.29147619204514,6.384768319211877,03:08.2,03:06.4,India
78041,21.171207066198267,83.50614627484885,11.368909533542649,,,India
78042,22.163421926369825,83.56071158526919,3.873573053537695,02:43.8,12:39.6,India
78043,24.45087001330979,83.05491709403387,4.510890572083797,21:51.5,11:54.5,India
78044,24.67455550964007,83.98911717,1.7420734760688552,11:52.6,11:53.5,India
78046,26.52228554296993,83.74890304494454,26.99652453264695,11:24.6,11:25.3,India
78059,20.62316719551846,85.27699899481433,9.850137773399332,03:08.9,03:01.5,India
78060,20.97874425780952,86.01566052930437,4.939159386094735,02:48.1,02:49.6,India
78061,22.791629222411974,86.19185284,6.667048197916735,02:20.3,02:14.2,India
78062,22.75846565060578,85.84731039281623,3.751827349298746,02:19.2,02:20.6,India
78063,25.010827509365512,85.37112641253655,6.891433023749753,01:50.2,01:51.6,India
78095,23.40448310165544,87.53644378412397,2.3267798476800032,02:04.9,52:12.2,India
78096,24.01419769431375,87.30194506761106,7.894969080392611,52:01.6,52:06.7,India
78097,24.850792107481023,86.72424415,14.239185732042356,51:54.8,01:46.0,India
78098,24.37150965718229,88.11087137488751,9.399454248549242,51:53.2,38:46.5,India
78099,24.36161313699532,88.10904397843828,3.2123375904693514,51:58.5,52:00.5,India
78100,25.232577402227108,87.27541428033174,5.210465457874784,01:42.4,01:43.5,India
78126,11.620317892698028,92.70054167489218,10.338572878189105,,,India
78127,11.627403549885404,92.71208376633211,8.106811668,25:18.3,22:16.6,India
78128,26.03460449876316,91.16157530306153,28.65956625531489,41:27.0,41:29.3,India
78129,26.144990875233525,92.76036907,2.544458074554329,31:25.3,31:26.1,India
78131,23.595405165110808,92.84903947239896,1.6842368030048058,31:50.2,31:46.6,India
80307,23.07192214480305,71.13814902700916,4.117070832499815,02:43.4,02:47.4,India
82184,21.913817831351604,70.39777501780627,4.361469913320508,02:58.5,02:55.8,India
82185,22.029632692836024,70.11589089493377,3.179902110829739,02:58.5,02:55.8,India
82186,22.18700826,70.24596009342683,3.0329816337141664,02:58.5,02:55.8,India
82187,22.137507729404984,70.23843578075999,19.43769439389732,02:58.5,02:55.8,India
82188,22.29176804782881,70.22752844317472,13.853658405110394,03:03.2,03:02.7,India
82189,22.32255149683449,70.31206215002072,2.726741989390797,02:58.5,02:58.5,India
82190,22.433969823127,70.33535864901484,1.492370404798447,52:29.5,,India
82191,22.57897107952783,70.43535730551102,6.679899295821072,02:58.5,02:58.5,India
82192,23.113081341480704,69.42171817143677,2.4947764970969253,02:47.1,02:44.4,India
82193,23.195023543504465,69.11207407221305,2.377992590979816,02:47.1,02:44.4,India
82194,23.23924826186652,69.68874529009281,1.3436800063325154,12:39.2,02:42.7,India
82195,23.390218602158185,69.31281921287916,4.164328112852881,02:47.1,02:44.4,India
82197,20.90436043495943,71.40064369875965,1.593092599854894,53:10.9,53:17.7,India
82198,21.194256331304462,71.88789836023322,25.74349561,53:17.1,53:15.0,India
82199,21.110791513709493,71.36777011,6.350114943509673,03:09.7,53:14.8,India
82200,21.09628181,71.33498650063378,4.147200499532747,03:09.7,53:14.8,India
82201,21.20115658848112,71.58316071795517,5.520125667454645,53:17.1,53:15.0,India
82202,21.183376784035467,71.84866286470084,1.0029310093705128,53:10.9,53:17.7,India
82204,21.25599067992328,71.59590600320362,5.899315798863628,53:17.1,53:15.0,India
82205,21.289955794251654,70.97255566956517,4.343501943146372,03:13.0,03:16.9,India
82206,21.25625220088469,71.58711876462716,1.3851044345085342,53:17.1,53:15.0,India
82207,21.470688143402427,71.59749676252022,35.072734697862714,53:17.1,53:15.0,India
82208,21.473633169190148,71.60846865633128,10.047169490340762,53:17.1,53:15.0,India
82209,21.53424040754154,71.46877136872976,5.806633361859271,53:17.1,53:15.0,India
82210,21.551294378663822,70.96591329836532,2.2383092041364523,03:13.0,03:16.9,India
82211,21.635641750944146,70.67324971,1.7127605505983745,03:18.9,03:13.0,India
82212,21.75136800156283,71.25866402230915,6.008393882812796,53:00.4,53:00.4,India
82213,21.767908530179696,71.27530779736759,12.74297098437831,53:04.4,53:00.2,India
82214,21.71512727095942,71.30867916313028,11.72759327341828,53:04.4,53:00.2,India
82215,21.70702447,71.28537750978045,12.525112689214728,53:04.4,53:00.2,India
82216,21.758279587924005,71.27960703394223,6.598307316338176,53:04.4,53:00.2,India
82217,21.86232794283246,71.03940102,2.3749236171194226,53:00.4,53:00.4,India
82218,21.86204583723879,71.10302936698022,4.983979685471713,53:04.4,53:00.2,India
82219,21.819840359067115,71.83894446759791,3.251793425533416,53:00.4,53:00.4,India
82220,21.86909660464201,71.44274416964582,3.513925578,53:00.4,53:00.4,India
82221,21.872312894660407,71.42885046,1.5667915082975363,53:00.4,53:00.4,India
82222,21.90120367062246,71.12683231040539,12.231220715917782,53:04.4,53:00.2,India
82223,21.89955328246041,71.06777818485787,7.119728955680969,53:04.4,53:00.2,India
82224,21.90700936725601,71.50384531849673,4.405540439471206,52:58.9,02:57.3,India
82225,21.95724527631474,71.26392140248815,4.492004163462743,53:00.4,53:00.4,India
82226,22.00923733869558,70.61677654237444,7.027491689250401,02:55.3,02:56.9,India
82227,22.00023602762258,70.93698132140517,1.978065060724201,03:01.2,02:59.5,India
82228,22.03851235188917,71.08278760291789,4.956727179881449,53:00.4,53:00.4,India
82229,22.08857460386798,70.51467683657233,7.667191046719673,02:58.5,02:58.5,India
82230,22.09048457344397,70.50724437031826,3.1789534902184906,02:58.5,02:58.5,India
82231,22.04272355316953,70.57933521516055,1.7769838649410028,03:01.2,02:59.5,India
82232,22.257262833375908,71.84845748728206,30.120170198289248,52:56.2,02:55.9,India
82233,22.2662709,71.03019234322386,7.341740643601708,03:05.1,02:57.8,India
82234,22.21870980505473,70.46582077506386,4.528343824482678,03:01.2,02:59.5,India
82235,22.141155002531487,70.53285564390514,1.4483861677440544,02:58.5,02:58.5,India
82236,22.40939454,71.33794633275329,19.997352374466903,53:00.4,53:00.4,India
82237,22.516482386940616,70.81079295937434,23.39168798978144,02:58.5,02:55.8,India
82238,22.59982412997713,71.87098055369798,100.74646925800374,52:45.5,02:37.6,India
82239,22.31124784426388,71.65712949552172,2.870890666029468,53:00.4,53:00.4,India
82240,22.319852777305734,70.55488515432252,2.574309039804068,02:58.5,02:55.8,India
82241,22.32675746837836,70.54717325443625,1.6177910062647145,02:58.5,02:55.8,India
82242,22.52570967969872,70.78733687618637,16.075942886969187,02:58.5,02:55.8,India
82243,22.51626923661399,70.78588030439975,9.31400829,02:58.5,02:55.8,India
82244,22.610464104648155,70.46419523306065,3.181354207583321,02:39.4,02:45.0,India
82245,22.651533733900155,70.85145720193162,2.7085809187585794,02:45.1,02:46.4,India
82246,22.608295048675924,70.47057739533228,1.3999337042621196,02:45.1,02:46.4,India
82247,22.762992340165063,70.68431649,6.873152054860632,02:40.8,02:39.6,India
82248,22.76168236,70.69149308688228,2.206969164128941,02:45.1,02:46.4,India
82249,22.730450027742165,70.54876874860759,4.841145884540901,02:45.1,02:46.4,India
82250,22.782104233543222,70.50148750935716,6.621180152428467,02:45.1,02:46.4,India
82251,22.824611790577013,71.39155531413508,1.3891426531753224,52:45.5,02:37.6,India
82256,21.17247134804693,71.93885878414555,15.040387178034582,53:20.5,53:14.0,India
82257,21.182915023164355,71.94559501984786,28.30345189441908,53:20.5,53:14.0,India
82259,21.24969177711316,72.0200298,47.86422620668118,53:16.9,53:11.0,India
82260,21.245776036954258,71.99829687644537,33.83777735433063,53:16.9,53:11.0,India
82261,21.21732761444291,71.95300591179152,21.44378708209969,53:20.5,53:14.0,India
82262,21.222412307095773,71.99003844800518,32.803688233939575,53:16.9,53:11.0,India
82263,21.26581777057304,72.03474796853567,1.0569573133948855,53:16.9,53:11.0,India
82264,21.797132889157048,71.92091712,2.690225815321003,53:00.4,53:00.4,India
82265,21.87310221102588,72.68109543382239,6.529689016447403,52:53.5,52:57.6,India
82266,22.148262833777085,72.72580614485025,27.87491405754744,52:57.7,52:57.7,India
82267,22.56436655623717,72.15928443,17.71107787423985,53:03.1,52:55.5,India
82268,22.324168087290506,72.63929718873364,1.7280405330124078,53:03.1,52:55.5,India
82269,22.404655785621674,72.19695224748854,19.77752738338028,52:57.7,52:57.7,India
82270,23.16921738326523,71.97819342320568,3.138894349956459,52:45.5,02:37.6,India
82271,23.305296970553147,72.15641402704082,2.377338374740888,52:43.0,52:40.2,India
82272,23.551942663779567,72.13930647022909,6.624795949326607,52:24.2,52:27.1,India
82273,23.84072503935569,72.00367825273442,3.5219038559126234,52:31.5,02:30.0,India
82274,23.85234848334804,72.05781556043806,4.180833667924037,52:28.4,52:25.6,India
82275,23.70687390624065,72.46885559438647,2.750360754464882,52:28.4,52:25.6,India
82276,23.759209134997658,72.78831895,2.999264389863567,52:28.4,52:25.6,India
82277,23.902522040173288,71.94258235922669,1.360887217524959,02:16.9,01:03.9,India
82278,23.69350860149371,72.00025550814603,2.846602461558515,02:32.7,02:24.7,India
82279,24.375898562373024,71.96827926493187,10.176355651398588,52:35.4,02:26.0,India
82280,24.354844293641644,71.99275815477331,73.71115101700835,52:31.5,02:30.0,India
82281,24.377047946297616,71.97888057765282,9.110222642418258,52:31.5,02:30.0,India
82282,24.21226948543289,72.29758348214449,1.203806645294874,02:18.6,52:25.0,India
82283,24.53288594968316,72.79945509542605,2.5932719921669563,52:09.3,52:07.1,India
82284,24.60453858335624,72.05813952017526,8.405904461884548,52:14.2,02:12.7,India
82285,25.21297892454253,72.46418580522564,1.5955233743344464,52:17.8,52:10.9,India
82286,26.45431227801353,72.81012048400913,2.2019885927717406,51:47.2,01:40.8,India
82287,26.73261798154249,72.54111759705498,1.9353842476660463,51:44.1,01:40.6,India
82288,26.47555360539357,72.67441831147816,2.4157357565156303,51:48.1,01:41.0,India
82289,27.02824941764485,72.70740019364747,1.6866385690666672,01:43.7,01:39.4,India
82290,27.317528332615577,72.04304557858634,1.8643773099433725,01:28.1,01:29.9,India
82585,16.516693941097984,76.30992384913198,40.16600514844591,34:19.1,34:20.1,India
82593,28.31537461342836,73.34275858930656,81.83605670282861,01:03.3,51:05.1,India
82641,11.039378823441572,78.22511611,18.74878916127829,25:45.0,25:42.6,India
82666,9.176166341916904,77.99975316848209,136.70515551659778,26:16.2,26:10.7,India
82691,16.128492278357253,75.27142334041721,95.03906674093264,34:31.1,28:48.4,India
82736,23.900980912464444,71.11698400768614,65.67222751271397,52:27.3,02:28.3,India
82763,25.510844475273263,77.66373639034101,48.52123117,31:45.6,31:43.0,India
82769,9.228116305087356,76.43602102758453,53.379549433698045,26:19.1,26:21.1,India
82787,29.39724541625848,74.75077682983543,39.85864731052176,50:55.2,50:53.8,India
82794,20.116996744830256,77.91975235146697,69.30392422776671,33:17.4,33:14.0,India
82800,23.321346075387225,73.28207253731222,39.84826853,42:46.2,52:36.3,India
82806,8.894188078600218,77.56339097386095,42.76265537242869,26:40.9,23:23.0,India
82813,30.0712943103638,77.66699727037688,30.877706322071536,40:28.9,40:34.4,India
82821,16.131011493689382,76.91935375017141,20.53815103497514,34:33.3,34:40.2,India
82826,26.26254596400357,71.23986821,40.59477624549092,01:45.4,01:43.8,India
82828,22.27596836032401,69.99560462684681,26.319032218370733,12:56.0,02:58.9,India
82833,22.74312156,72.18253958,37.26265301359901,52:43.0,52:40.2,India
82837,26.963071234328684,77.74038048578612,35.15155894409309,41:33.6,31:37.4,India
82838,23.97422442659925,72.90955902,32.529565599606684,52:26.9,52:31.7,India
82851,17.568779807407715,80.31659161437436,32.05472679832592,,,India
82858,20.95564352560226,76.11219484662084,31.27150432284007,43:01.6,33:07.7,India
82861,21.157536857154213,81.129943,36.14640587671883,22:53.3,22:50.3,India
82899,15.553440227129531,76.75664104851774,30.80468797400923,34:33.3,34:40.2,India
82901,21.94378501,81.89052636177988,29.42173558079536,12:45.6,12:42.5,India
82920,22.46156190766621,71.85279461455346,27.08127342991256,53:00.4,53:00.4,India
82924,26.61441397856744,71.38030481094911,26.142787199565586,01:45.4,01:43.8,India
82936,24.092725152835595,73.07097413215645,28.20387274089365,02:19.8,50:40.8,India
82950,10.077820979426091,77.81178309805495,27.279416883489656,26:02.7,26:02.2,India
82952,9.022255457256954,78.00583493082726,32.87934866160179,26:27.0,26:25.2,India
82958,16.98945485702917,75.90191934675093,29.40187609826103,44:16.4,44:15.4,India
82961,9.020476587,77.98786230004184,27.377269790271527,26:27.0,26:25.2,India
82973,19.312019936550254,76.47526864219697,25.865852717489823,43:30.6,33:36.8,India
82980,17.981114519496302,75.97832710798377,23.09621541805663,44:02.8,44:00.9,India
82988,24.046226472589016,77.73287050529434,21.00158973422464,32:20.1,32:18.9,India
82994,24.81663420016781,93.03578022224754,20.024883186994224,31:40.0,31:40.7,India
82997,21.05806936,74.38768103928525,25.349566226792845,43:08.3,43:10.7,India
82998,28.85051336113332,75.88374147,18.887977167678297,41:11.2,41:13.9,India
83003,24.07759996466412,75.33788137279103,21.83928638988026,41:42.1,,India
83005,21.82239601,73.11604438724383,19.331811374190263,52:52.4,52:56.5,India
83027,10.496351394858106,77.92034575012971,29.507537766520915,16:06.3,26:08.0,India
83028,19.07281367575112,74.98429911759176,19.91817028661904,43:40.0,43:35.1,India
83031,20.75644818970852,83.14252870549282,21.40598008392124,03:09.0,13:05.9,India
83045,26.27814421,92.81350646144176,16.44109902328155,41:08.5,41:08.9,India
83058,22.55819916701952,70.65757732995321,17.335120171541902,02:58.5,02:58.5,India
83060,17.271950469884978,79.15200787703118,18.61641305812985,23:57.6,24:04.0,India
83065,22.522421551984543,70.82311756903115,17.02657879295337,02:58.5,02:55.8,India
83071,21.51071757436895,71.83650771,16.68372448256797,53:17.1,53:15.0,India
83072,15.71606638631538,74.96753966182206,17.292336476531947,34:36.2,44:29.5,India
83073,16.255963660115764,76.16081768094564,18.62208709903669,34:28.3,28:56.3,India
83077,9.435593528431482,78.36290215283198,19.28335364943739,26:11.4,26:18.6,India
83094,25.88744364,92.9820605,17.335529422731454,31:25.3,31:26.1,India
83119,22.71979239875736,86.28227774603633,16.283959038121303,52:19.9,02:12.2,India
83121,10.501638546661896,77.25477675274219,15.908602705938996,26:02.7,26:02.2,India
83122,23.66888984127712,72.00172233328581,13.542505805266204,52:31.5,02:30.0,India
83127,18.56068866375601,77.25382357338782,15.161706767372584,33:49.0,33:46.0,India
83133,10.725734261251644,77.95451744,14.60093642800384,26:01.9,25:57.5,India
83141,14.864241261658355,76.82823593802746,13.703748257271158,34:47.7,34:45.6,India
83144,22.0011547994944,70.62689835067795,13.049448223655672,02:58.5,02:58.5,India
83152,22.08297131516338,70.39161955362937,12.400244500722993,02:58.5,02:58.5,India
83165,17.50823114275942,80.64631995579715,12.899332600727394,14:01.7,14:05.3,India
83167,14.940761427104972,78.34266054400295,11.555629145748716,24:49.4,24:44.5,India
83168,26.65690870662683,92.18765636339582,24.54453094,41:04.5,41:08.2,India
83169,21.98506481877769,73.03388322,12.426439605950788,52:52.4,52:56.5,India
83176,16.272237664778725,75.55322713224358,11.46888249657488,,,India
83184,8.734703717717048,78.12946144212498,11.42448875,26:30.7,26:35.1,India
83193,9.906059342364191,78.53722726681961,11.417923440708714,26:12.5,26:10.7,India
83199,21.15756470819448,83.50635509606441,11.158962267245569,02:56.7,12:49.5,India
83202,10.859605304577816,79.81666005479158,11.468421925367242,15:42.5,15:49.0,India
83214,22.16005172389687,87.06404585896352,9.948436788,52:34.7,52:38.2,India
83235,15.84847638,78.07304905036973,9.551918992450538,24:32.2,24:31.2,India
83237,26.07167368427489,74.38312525851006,8.415919331,41:55.3,51:48.8,India
83239,12.781291990961018,79.44523463760787,9.219885527940622,25:10.5,15:13.5,India
83247,8.821019412105649,77.60401548965865,8.703675206077008,26:34.3,26:26.6,India
83249,24.002283876163578,87.31335565482546,8.733588317360406,52:01.6,52:06.7,India
83253,24.03598140404385,77.73532751246685,7.274770723,32:20.1,32:18.9,India
83260,22.778821525199152,77.64535593256677,7.400513416233652,32:30.2,32:26.8,India
83265,21.102560297203752,71.35184885,7.212208898949362,03:09.7,53:14.8,India
83274,29.83505926598327,79.20719788515483,6.408345801728739,30:30.7,30:34.2,India
83282,14.822693170030094,75.50157746950089,7.702850486738724,44:41.9,34:50.4,India
83293,24.24256072,78.12135612101275,7.614084521512926,32:21.9,32:15.2,India
83306,17.801766821063847,77.15192833,15.40908477058168,24:12.1,34:06.5,India
83368,29.373436238579487,76.89132752747928,3.413698759749188,50:43.7,,India
83376,18.060142267991804,78.98531962686113,17.234077366747314,32:45.2,,India
83449,21.48057207538508,81.86396471,6.290246054444751,22:53.3,22:50.3,India
83461,17.89668134476842,75.94842454,7.916772645508957,44:02.8,44:00.9,India
83510,23.96409569408577,72.35173846,5.660712812038972,52:28.4,52:25.6,India
83528,17.202714746188267,75.11336964150416,2.269417337519384,44:02.8,44:00.9,India
83536,10.534049339101111,77.42745937827038,2.481618223894049,26:02.7,26:02.2,India
83569,25.01555750525425,74.16506741349839,2.637673080508498,52:09.8,42:10.4,India
83584,24.584311133429857,74.81014887195232,5.719834465147646,42:09.9,42:12.1,India
83586,11.112082804510932,78.24125238424419,5.969574785754979,25:45.0,25:42.6,India
83587,29.670694085931828,79.64077209586375,5.236708329,30:45.8,30:42.2,India
83596,9.498151849,77.96945882253922,8.366454512956805,26:12.5,26:10.7,India
83608,10.674837835442109,78.56365424053409,11.352792422313945,25:58.3,25:59.8,India
83612,11.173626964696208,77.55068421551745,4.058745599829346,25:44.1,25:46.9,India
83614,10.449898392711892,78.03592134863736,8.613774311547763,25:58.3,25:59.8,India
83618,9.280721683,77.85775499010825,11.493293984707128,26:16.2,26:10.7,India
83626,28.03902182190952,73.71951310246138,2.139327747,51:11.8,51:12.8,India
83654,16.193103874180924,80.25182782892189,3.381663592548092,24:21.9,14:30.1,India
83733,28.539737117306785,79.58661083541715,12.166333940649883,31:00.5,31:01.3,India
83753,10.936145445161646,77.54973756,7.296040292760839,25:43.6,10:13.5,India
83761,24.285749885548807,73.04796317382322,3.104085181016896,52:27.6,52:24.9,India
83764,30.22914541478778,74.01340882058764,3.715123512261209,42:29.5,,India
83782,21.91792795198997,69.90713467664273,3.280879779298928,12:52.4,03:00.0,India
83877,21.60942745324556,71.18265458670713,0.8900829176027594,,,India
84416,21.28387100669629,70.49706938,3.1109577397509667,03:15.7,03:15.7,India
84417,22.16691327067072,69.82592579042719,1.0218075724401603,,,India
84418,22.1547988,69.81416946,0.8640253319380186,,,India
84419,22.144123630158592,69.81331751810491,0.8666339787659261,,,India
84420,22.204812753689943,70.35386939731882,1.727234201966012,03:03.2,03:02.7,India
84421,22.254069523742963,70.20368500802682,3.808432421586052,02:55.3,02:56.9,India
84422,23.22200418656242,68.90588302524314,1.310675396021756,,,India
84423,24.11431441415617,69.34541154924057,617.1810769485213,12:34.6,02:35.0,India
84430,21.42615533044328,70.78692557478041,4.783357046932325,03:18.8,03:07.4,India
84431,21.77209111912913,70.88316068527385,2.4387244164674096,03:00.6,02:59.4,India
84432,22.951496278754814,71.55093903650084,2.021146483540744,02:43.4,02:47.4,India
84433,23.79991327863361,71.36216361808886,7.307076917294256,02:29.1,02:32.8,India
84434,23.82153885868862,71.25734013733502,1.854287085223905,52:29.0,02:27.0,India
84435,24.339694300515703,71.89015519403162,0.8588239903238069,,,India
84436,25.18412148957928,71.04415797209631,2.7659637254664404,02:14.9,02:15.0,India
84437,26.308068762390626,70.97931212,139.03360982498083,01:50.4,01:49.9,India
84438,26.34304458695271,71.03342183273425,1.837324812311817,11:45.0,01:50.1,India
84439,26.55018477820565,71.60527063626239,53.98498236542535,,,India
84440,26.53387990193722,71.59778754950136,2.3134040008667363,,,India
84443,23.902942062814308,71.92548517,2.0249867873247216,52:35.4,02:26.0,India
84444,25.921258452705047,72.17255606847279,1.1128382328408242,,,India
84445,26.73498176207051,72.11457816855813,1.1553843345395756,,,India
84447,21.877959035019227,72.71042251,2.6291623877813195,52:57.7,52:57.7,India
84448,23.79551917125619,72.85738844427058,2.240388422297873,02:24.8,52:28.9,India
84449,27.03606030832529,72.73330408146121,0.7770237587379077,,,India
84450,28.112831022600563,73.02432232134134,11.167622707568777,51:13.6,01:11.4,India
84453,17.856972450770286,74.26364173514449,12.835001339305563,44:08.7,44:12.1,India
84454,18.624769641381167,74.31755238,1.1646071560970943,,,India
84455,20.53094633306816,74.60029857148157,2.52721938,43:25.3,43:28.9,India
84456,26.774171198484588,73.21590425403602,1.7973800504177408,01:26.2,51:40.8,India
84457,27.73781636916324,73.36368352187539,1.088017358087112,,,India
84458,28.201554677674523,73.33287266,1.931407586468732,51:09.3,51:09.7,India
84464,15.397049445866214,75.51080183628184,7.323245250832392,44:31.3,34:38.7,India
84465,16.211862993229904,75.20242260265769,2.0167353247650954,,,India
84466,21.010184518513874,75.50441026962837,3.452835618530577,43:05.0,43:06.2,India
84468,9.966590048,76.38816615114267,1.2666765676313054,,,India
84469,9.637271256463688,76.33238051556275,1.2569482820625184,,,India
84470,10.936963153730158,76.20810779604521,0.84750425,,,India
84471,14.791040921525587,76.27708270144787,2.4023301763849854,34:50.6,34:53.7,India
84472,15.25435128207158,75.99338906648812,3.521449536262867,34:44.9,26:55.8,India
84473,16.989895991952604,76.32339291112396,2.2687365443904657,34:20.2,34:18.0,India
84474,17.53440377759336,76.04065801616798,2.6552221666232225,34:06.8,34:06.1,India
84475,17.786137400188572,76.36559163505929,2.980206178312707,34:05.7,34:07.2,India
84476,18.10053480222683,76.64124046,1.7494715618413204,43:38.7,33:51.1,India
84477,18.431915222191545,76.15959741806186,3.6898031384818952,43:40.1,33:56.2,India
84478,18.57731836424812,76.12938319555927,2.136574994481156,43:38.7,33:51.1,India
84479,19.317194909962232,76.51186390643136,1.7938281344705411,43:28.1,33:37.8,India
84480,19.31076908264189,76.13554902527022,1.915302855837274,,,India
84481,19.43616483160343,76.60316048,1.897330287634729,43:24.6,33:35.1,India
84482,19.65793020178084,76.43806474378488,3.4746532541385005,,,India
84483,19.79389687642588,76.36915187645991,3.3594255865145826,33:39.8,33:37.4,India
84484,23.75320693711893,76.11394435238233,14.723322536727483,42:18.9,42:13.9,India
84485,22.196771384285004,76.21919660903906,9.186484582445436,42:47.7,42:45.0,India
84486,22.178868839428915,76.20880990579262,7.923733985360892,42:47.7,42:45.0,India
84487,22.196855332231085,76.20930448202483,3.215637100135309,42:49.2,42:53.8,India
84488,22.18430003191702,76.22234551437282,35.81844371078449,42:49.2,42:53.8,India
84489,22.18963395203129,76.20688633467688,3.484808309,42:49.2,42:53.8,India
84490,22.190729779737094,76.23999055,2.0628273540294035,42:49.2,42:53.8,India
84491,27.7095164,76.40516158225044,2.574195417873484,41:18.1,41:26.6,India
84492,27.821272242861752,76.56110294686177,1.2135801014894478,,,India
84493,10.62078718702673,77.65789064780647,6.417222077676259,26:02.7,26:02.2,India
84494,10.633921439544972,77.70117557639576,1.2652747848209538,,,India
84495,12.69360733558137,77.09735178659729,5.164601768408702,25:12.4,17:46.1,India
84496,13.630181735519018,77.47975023,2.795984519759773,,,India
84497,19.089153592127705,77.69739355770893,3.537175387739015,33:28.4,33:34.9,India
84498,23.48613271912673,77.70024113,3.745959037076015,42:25.7,32:37.7,India
84501,8.551347517,77.92486021639246,4.804879552506346,26:27.0,26:25.2,India
84502,8.552161933,77.80703725078855,3.6733206558061857,26:34.0,26:37.7,India
84503,11.74198712270277,78.15469393276858,2.108965752,25:42.6,25:43.9,India
84504,15.48344427824503,78.25062378,204.7593557959396,24:30.2,24:38.1,India
84505,26.917401453054232,78.30282619400036,5.577868430205419,31:33.3,41:29.0,India
84506,9.534726221606435,78.70957470979924,4.475906522087514,16:17.1,16:24.8,India
84507,9.869453045323262,78.62866622,4.593620697233637,26:16.2,26:10.7,India
84508,10.573922375744964,78.86390096779576,3.407009449966638,25:55.1,16:04.1,India
84509,25.19695439128676,78.43380569031802,2.5034156084497816,32:01.0,32:02.5,India
84510,25.204665917749097,78.44309146006239,2.275905428738837,32:01.0,32:02.5,India
84511,25.610275835581685,79.12529045013247,8.792489531747187,21:45.5,31:43.0,India
84513,14.699210331615031,79.97639391016624,1.7906008953266208,,,India
84514,16.12044651696989,80.19059956203328,2.376719355755742,24:21.9,14:30.1,India
84516,27.38849418886556,80.45390626443915,5.745617932044432,31:14.4,21:19.3,India
84518,16.96295424452175,81.25565659326342,0.8464309376650816,,,India
84519,21.017835669696275,80.83803904925608,0.959522625,,,India
84520,21.094244731623835,80.84519323018768,8.714106936663123,23:03.0,23:00.4,India
84521,21.01338648422248,80.85537803185333,5.854735075051752,22:54.9,17:13.8,India
84522,21.08819444934568,80.84981392118193,3.5918258732712327,23:03.0,23:00.4,India
84523,21.37663872658537,81.02153934,10.73791530089364,23:03.0,23:00.4,India
84524,21.44529066349876,81.17792397347375,2.753103187,22:53.3,22:50.3,India
84525,21.49053428782336,81.41815840384038,1.247626337996881,,,India
84526,21.54853508177465,81.94955845034981,3.983457451329376,22:53.3,22:50.3,India
84532,20.623358290371915,86.02540986255413,6.786259764329409,53:11.2,03:01.1,India
84533,20.96351939,86.04735720326157,2.444884316075893,02:48.1,02:49.6,India
84534,23.65521458595732,86.90999187571121,2.0215139592009344,52:11.5,02:00.1,India
84535,24.395120815020267,85.55490757680084,8.780255721069215,01:52.9,11:47.1,India
84558,25.98607942392104,93.95424132,3.625726895737836,31:24.2,31:27.7,India
84559,27.298660019809628,94.50322094061012,1.8156607484159093,30:47.7,30:49.5,India
86111,21.99003021348176,72.88333412969138,3.4011385807089622,52:56.2,52:57.4,India
86120,22.847482990375184,71.80979896521359,5.848527563905699,52:44.0,02:40.3,India
86121,22.530568529993328,72.59812758634568,3.468955581003523,53:01.7,52:54.8,India
86131,21.61630653049581,82.03784126444631,10.544737879410205,12:55.8,23:00.1,India
86142,9.524697842939355,78.24775763345949,18.99607544511233,,,India
86149,12.693236671274835,77.11063162866114,9.633474060686384,,,India
86216,15.559339221930038,76.47890386775501,12.00734164,34:36.3,34:40.3,India
86220,15.798011217412808,76.31357767044608,20.92675571,,,India
86271,24.10354328654636,82.63906233892986,21.86927643804629,,,India
86282,25.55779159318061,79.08684127597459,27.035315857521088,,,India
86287,26.76007763282316,82.25581824713323,9.822344571418313,21:24.2,21:21.0,India
86298,25.668347999272417,80.32801519862747,38.33872576972605,,,India
86299,25.85342525,79.5287047,36.65452245638439,,,India
86300,26.297809142490173,79.94835075456888,36.70286501326544,21:36.6,31:35.2,India
86329,11.083171222490554,78.24332692807484,15.119717206947358,25:50.6,25:42.7,India
86339,22.695638675986416,70.99312421110865,12.913458910677422,02:47.1,02:51.0,India
86375,23.321270967229065,70.56039530385515,9.465980982390349,02:48.7,02:50.6,India
86376,21.23091768817584,71.83265687420565,9.62073812,03:12.7,53:20.0,India
86378,21.17399742305152,72.65328308068808,10.613161717213274,53:09.6,53:15.7,India
86386,24.739129388493527,78.46458037740523,8.698673945089682,32:01.0,32:02.5,India
86445,11.27679907080693,78.51393592876181,6.647338930102714,25:47.1,25:50.9,India
86460,21.800191768033105,82.11900808,5.985472765284181,12:44.7,12:44.3,India
86472,17.43155779,76.14117302147216,6.076566917,34:08.5,34:10.6,India
86534,9.934389823034405,78.29920983,4.546275061094522,16:17.1,16:24.8,India
86542,20.52165130298604,83.48019873947176,4.478768787877708,03:06.1,12:59.6,India
86600,9.968917879382298,76.36233385687453,4.710643228270573,36:03.1,36:06.9,India
86608,22.03256419923096,81.63828346867164,7.401397508977013,22:42.9,22:38.8,India
86642,21.480501855233832,81.48395085,9.436986879328764,13:00.3,22:52.9,India
86643,30.18208645976447,74.42622967037731,27.250350930690168,,,India
86648,15.467871396469612,78.28915319214605,28.550262100542696,,,India
86692,15.574205854524186,75.84475957464208,8.298119602310914,44:32.7,34:39.9,India
86705,9.437043182260476,77.86265995385791,4.994316894411448,26:12.5,26:10.7,India
86708,23.58741217542348,72.07161653085836,3.474132340380016,52:28.4,52:25.6,India
86709,30.017033577612548,77.82702772198105,2.905180706059568,40:28.8,40:30.8,India
86726,12.21643580652594,76.98186803421025,2.921864744776867,35:20.3,25:30.3,India
86738,21.55177415831554,71.64828306239059,9.365641888401456,03:14.3,03:11.6,India
86765,16.769440867040128,78.87890893,2.033648077789336,24:13.6,24:14.7,India
86780,25.741552712182536,79.01635447309317,9.625394981130604,31:48.0,31:53.0,India
86781,22.01431008,81.63747290125737,18.70394337159668,,,India
86821,19.08175406147052,76.55800862572552,3.862326051,,,India
86855,10.742081401055932,78.23889184937985,3.675335864215734,25:57.5,16:10.3,India
86896,14.597488192886772,76.76778261467487,12.422147784034353,34:48.8,34:49.7,India
86902,11.297719884130734,77.40342671934566,3.421432014403325,25:51.8,25:48.2,India
86907,28.12879767,73.11054670076808,134.6435095068211,51:13.8,51:17.2,India
86908,11.388425339024348,77.19895979993844,3.4603819730229954,25:44.1,25:46.9,India
86914,9.892330998081883,78.33517003,3.1149578798507305,26:15.1,26:14.6,India
86953,14.249182757324473,76.29820945463824,2.500709680051734,35:03.5,35:05.6,India
86956,19.58478274385398,76.24091155032555,2.537338580982841,,,India
86968,10.75023129922199,79.02845304,2.523664968419497,25:55.1,16:04.1,India
87072,15.55393974526624,74.03900800734677,1.6526254819070725,44:41.0,44:44.5,India
87366,23.242499683480386,76.51094131815326,8.693451325895607,32:36.0,32:35.8,India
87367,10.502355785988197,78.06307901505761,1.9144363920013656,25:58.3,25:59.8,India
87421,26.667077458255783,71.15577889443188,84.91990483422123,01:45.8,01:48.9,India
87434,11.328697806684591,78.03318323844685,5.697012568115444,25:45.0,25:42.6,India
87435,31.549269000391543,78.01401242254907,1.5803336730294837,40:05.1,,India
87436,11.563028194287762,78.96254442133473,1.3977962515255458,25:40.3,15:48.2,India
87437,22.36735448154971,87.36587853833691,1.2308182056430612,52:30.8,52:41.0,India
87484,28.111495436771047,73.00868102625982,51.76819722138052,,,India
87537,23.28159979312236,69.80495278347242,2.747801322608243,02:47.1,02:44.4,India
87538,22.0094374,69.85838026032623,1.7680563662301152,12:56.0,02:58.9,India
87539,20.537276159407963,74.59568377841806,6.130384457408525,43:22.0,43:21.4,India
87540,10.578803406348063,77.57983177848897,2.1469501562219606,26:02.7,26:02.2,India
87584,23.22975999514415,72.69528944816703,1.258625878521495,,,India
87588,21.232069735717467,72.01981688088021,14.371165112956918,53:16.9,53:11.0,India
87598,22.415859100754066,68.99828233920854,1.201085489708403,,,India
88880,10.025135480303613,76.39309998313409,0.6076795449618845,26:04.4,26:03.0,India
